k,input,value,exit_u,landmine_r,branch_points
11,entry,0,,82,
11,entry,2,68,,
11,entry,3,25,,
11,entry,4,26,,
11,entry,5,3,,
11,entry,6,57,,6
11,entry,7,17,,1
11,entry,8,30,,
11,entry,9,60,,
11,entry,10,36,,
11,entry,13,18,,
11,entry,14,14,,
11,entry,15,29,,
11,entry,16,46,,
11,entry,17,,73,
11,entry,18,6,,
11,entry,19,70,,
11,entry,20,39,,5
11,entry,24,24,,4
11,entry,25,35,,
11,entry,26,,64,
11,entry,27,13,,
11,entry,28,16,,
11,entry,29,7,,
11,entry,30,79,,8
11,entry,35,8,,
11,entry,36,,37,
11,entry,37,48,,
11,entry,38,47,,3
11,entry,39,69,,
11,entry,40,10,,
11,entry,46,4,,
11,entry,47,,19,
11,entry,48,59,,
11,entry,49,19,,7
11,entry,50,50,,
11,entry,57,40,,
11,entry,58,28,,
11,entry,59,37,,2
11,entry,60,9,,
11,entry,68,90,,
11,entry,69,58,,
11,entry,70,38,,
11,entry,79,20,,
11,entry,80,,55,
11,entry,90,,46,
11,start,2,15,,
11,start,3,80,,
11,start,4,49,,
11,start,5,2,,
11,start,6,27,,
11,start,7,,28,
11,start,8,5,,
11,start,9,0,,
12,entry,0,39,,
12,entry,2,29,,
12,entry,3,60,,2
12,entry,4,20,,
12,entry,5,,82,
12,entry,6,10,,1
12,entry,7,38,,
12,entry,8,,28,
12,entry,9,27,,
12,entry,10,80,,
12,entry,13,68,,
12,entry,14,46,,
12,entry,15,9,,
12,entry,16,15,,
12,entry,17,57,,
12,entry,18,,37,7
12,entry,19,36,,
12,entry,20,90,,
12,entry,24,3,,
12,entry,25,59,,
12,entry,26,25,,
12,entry,27,,46,
12,entry,28,18,,
12,entry,29,70,,
12,entry,30,17,,
12,entry,35,69,,
12,entry,36,26,,
12,entry,37,35,,
12,entry,38,6,,
12,entry,39,5,,
12,entry,40,79,,
12,entry,46,,73,
12,entry,47,,55,
12,entry,48,7,,
12,entry,49,16,,
12,entry,50,37,,
12,entry,57,0,,
12,entry,58,4,,4
12,entry,59,,19,
12,entry,60,47,,
12,entry,68,48,,
12,entry,69,13,,
12,entry,70,2,,6
12,entry,79,14,,8
12,entry,80,40,,
12,entry,90,50,,3
12,start,2,28,,5
12,start,3,58,,
12,start,4,30,,
12,start,5,49,,
12,start,6,,64,
12,start,7,19,,
12,start,8,8,,
12,start,9,24,,
13,entry,0,58,,
13,entry,2,90,,1
13,entry,3,36,,
13,entry,4,,37,
13,entry,5,7,,
13,entry,6,27,,2 4
13,entry,7,14,,
13,entry,8,,55,
13,entry,9,60,,
13,entry,10,79,,7
13,entry,13,10,,
13,entry,14,38,,
13,entry,15,17,,
13,entry,16,3,,5
13,entry,17,19,,
13,entry,18,,46,
13,entry,19,59,,
13,entry,20,30,,
13,entry,24,48,,
13,entry,25,,82,
13,entry,26,49,,
13,entry,27,4,,
13,entry,28,69,,
13,entry,29,29,,
13,entry,30,24,,
13,entry,35,47,,3 8
13,entry,36,37,,
13,entry,37,9,,
13,entry,38,,19,
13,entry,39,39,,
13,entry,40,16,,
13,entry,46,,64,
13,entry,47,68,,
13,entry,48,2,,
13,entry,49,0,,
13,entry,50,6,,
13,entry,57,26,,
13,entry,58,70,,
13,entry,59,28,,6
13,entry,60,8,,
13,entry,68,80,,
13,entry,69,25,,
13,entry,70,18,,
13,entry,79,35,,
13,entry,80,40,,
13,entry,90,50,,
13,start,2,5,,
13,start,3,,28,
13,start,4,13,,
13,start,5,15,,
13,start,6,46,,
13,start,7,,73,
13,start,8,20,,
13,start,9,57,,
14,entry,0,59,,
14,entry,2,49,,
14,entry,3,38,,
14,entry,4,47,,
14,entry,5,79,,8
14,entry,6,58,,
14,entry,7,2,,2
14,entry,8,,64,
14,entry,9,,19,
14,entry,10,30,,1
14,entry,13,39,,
14,entry,14,4,,
14,entry,15,24,,3
14,entry,16,6,,
14,entry,17,35,,
14,entry,18,16,,
14,entry,19,57,,
14,entry,20,50,,
14,entry,24,,46,
14,entry,25,13,,
14,entry,26,25,,
14,entry,27,,55,
14,entry,28,29,,
14,entry,29,,73,
14,entry,30,40,,
14,entry,35,20,,
14,entry,36,14,,
14,entry,37,9,,
14,entry,38,68,,
14,entry,39,8,,
14,entry,40,90,,
14,entry,46,,28,6
14,entry,47,80,,4
14,entry,48,,82,
14,entry,49,18,,
14,entry,50,3,,
14,entry,57,46,,
14,entry,58,27,,
14,entry,59,7,,
14,entry,60,70,,
14,entry,68,26,,
14,entry,69,17,,
14,entry,70,60,,7
14,entry,79,28,,5
14,entry,80,15,,
14,entry,90,48,,
14,start,2,10,,
14,start,3,,37,
14,start,4,19,,
14,start,5,36,,
14,start,6,37,,
14,start,7,69,,
14,start,8,5,,
14,start,9,0,,
15,entry,0,37,,6
15,entry,2,16,,4
15,entry,3,29,,
15,entry,4,50,,
15,entry,5,19,,
15,entry,6,15,,3
15,entry,7,3,,
15,entry,8,20,,
15,entry,9,,28,
15,entry,10,90,,
15,entry,13,6,,
15,entry,14,60,,
15,entry,15,17,,
15,entry,16,,82,
15,entry,17,13,,
15,entry,18,18,,
15,entry,19,39,,
15,entry,20,14,,8
15,entry,24,9,,
15,entry,25,70,,
15,entry,26,49,,
15,entry,27,,37,
15,entry,28,28,,
15,entry,29,26,,
15,entry,30,69,,
15,entry,35,40,,
15,entry,36,59,,
15,entry,37,4,,
15,entry,38,,46,1 7
15,entry,39,36,,
15,entry,40,80,,
15,entry,46,35,,
15,entry,47,,19,
15,entry,48,47,,
15,entry,49,46,,
15,entry,50,,55,
15,entry,57,5,,
15,entry,58,57,,
15,entry,59,,64,
15,entry,60,68,,5
15,entry,68,30,,
15,entry,69,7,,
15,entry,70,48,,
15,entry,79,25,,2
15,entry,80,58,,
15,entry,90,2,,
15,start,2,79,,
15,start,3,10,,
15,start,4,,73,
15,start,5,27,,
15,start,6,38,,
15,start,7,0,,
15,start,8,8,,
15,start,9,24,,
16,entry,0,29,,5
16,entry,2,6,,
16,entry,3,,82,
16,entry,4,5,,
16,entry,5,79,,
16,entry,6,68,,
16,entry,7,38,,
16,entry,8,69,,
16,entry,9,2,,
16,entry,10,14,,
16,entry,13,26,,
16,entry,14,,19,
16,entry,15,19,,1
16,entry,16,49,,
16,entry,17,48,,
16,entry,18,90,,
16,entry,19,47,,8
16,entry,20,9,,
16,entry,24,28,,
16,entry,25,24,,
16,entry,26,40,,
16,entry,27,15,,
16,entry,28,4,,
16,entry,29,59,,
16,entry,30,3,,
16,entry,35,,46,
16,entry,36,0,,7
16,entry,37,25,,6
16,entry,38,,73,
16,entry,39,,55,
16,entry,40,13,,
16,entry,46,39,,
16,entry,47,70,,3
16,entry,48,17,,
16,entry,49,36,,
16,entry,50,,37,
16,entry,57,16,,
16,entry,58,27,,
16,entry,59,46,,
16,entry,60,35,,
16,entry,68,37,,
16,entry,69,30,,
16,entry,70,8,,
16,entry,79,80,,2 4
16,entry,80,18,,
16,entry,90,10,,
16,start,2,58,,
16,start,3,7,,
16,start,4,50,,
16,start,5,,28,
16,start,6,,64,
16,start,7,60,,
16,start,8,20,,
16,start,9,57,,
17,entry,0,6,,
17,entry,2,,55,
17,entry,3,10,,
17,entry,4,37,,
17,entry,5,,64,5
17,entry,6,25,,
17,entry,7,46,,
17,entry,8,40,,
17,entry,9,17,,
17,entry,10,27,,
17,entry,13,8,,
17,entry,14,38,,
17,entry,15,36,,7
17,entry,16,18,,
17,entry,17,35,,
17,entry,18,57,,6
17,entry,19,28,,
17,entry,20,68,,
17,entry,24,13,,
17,entry,25,15,,
17,entry,26,49,,
17,entry,27,19,,
17,entry,28,70,,
17,entry,29,90,,
17,entry,30,39,,2
17,entry,35,,73,
17,entry,36,59,,
17,entry,37,50,,
17,entry,38,80,,
17,entry,39,16,,1
17,entry,40,58,,
17,entry,46,60,,
17,entry,47,69,,
17,entry,48,,46,
17,entry,49,9,,
17,entry,50,20,,
17,entry,57,79,,4 8
17,entry,58,26,,
17,entry,59,24,,
17,entry,60,30,,
17,entry,68,3,,
17,entry,69,48,,
17,entry,70,,37,
17,entry,79,,19,
17,entry,80,4,,
17,entry,90,14,,3
17,start,2,,82,
17,start,3,29,,
17,start,4,7,,
17,start,5,2,,
17,start,6,47,,
17,start,7,,28,
17,start,8,5,,
17,start,9,0,,
18,entry,0,46,,
18,entry,2,20,,
18,entry,3,70,,
18,entry,4,,28,
18,entry,5,69,,
18,entry,6,,82,
18,entry,7,57,,6
18,entry,8,,55,
18,entry,9,16,,
18,entry,10,,64,
18,entry,13,13,,
18,entry,14,3,,4
18,entry,15,19,,7
18,entry,16,90,,
18,entry,17,40,,
18,entry,18,27,,
18,entry,19,17,,
18,entry,20,7,,
18,entry,24,48,,
18,entry,25,18,,
18,entry,26,47,,
18,entry,27,50,,3
18,entry,28,37,,
18,entry,29,38,,
18,entry,30,29,,1
18,entry,35,80,,
18,entry,36,9,,
18,entry,37,15,,
18,entry,38,5,,
18,entry,39,,19,
18,entry,40,39,,
18,entry,46,10,,
18,entry,47,36,,
18,entry,48,79,,
18,entry,49,0,,
18,entry,50,49,,
18,entry,57,,73,
18,entry,58,25,,
18,entry,59,60,,2
18,entry,60,59,,
18,entry,68,26,,
18,entry,69,68,,
18,entry,70,,37,
18,entry,79,35,,
18,entry,80,4,,
18,entry,90,14,,8
18,start,2,28,,5
18,start,3,58,,
18,start,4,30,,
18,start,5,6,,
18,start,6,2,,
18,start,7,,46,
18,start,8,8,,
18,start,9,24,,
19,entry,0,49,,
19,entry,2,24,,
19,entry,3,17,,
19,entry,4,70,,
19,entry,5,58,,
19,entry,6,9,,
19,entry,7,,64,7
19,entry,8,59,,
19,entry,9,7,,
19,entry,10,6,,
19,entry,13,27,,
19,entry,14,80,,1
19,entry,15,13,,
19,entry,16,16,,
19,entry,17,10,,
19,entry,18,69,,
19,entry,19,28,,6
19,entry,20,8,,
19,entry,24,4,,
19,entry,25,,37,
19,entry,26,26,,
19,entry,27,,19,2 4
19,entry,28,79,,
19,entry,29,25,,
19,entry,30,18,,
19,entry,35,90,,
19,entry,36,36,,
19,entry,37,38,,5
19,entry,38,0,,
19,entry,39,35,,
19,entry,40,37,,
19,entry,46,,28,3
19,entry,47,30,,
19,entry,48,19,,
19,entry,49,,55,
19,entry,50,50,,
19,entry,57,47,,8
19,entry,58,68,,
19,entry,59,,46,
19,entry,60,60,,
19,entry,68,46,,
19,entry,69,2,,
19,entry,70,40,,
19,entry,79,14,,
19,entry,80,29,,
19,entry,90,39,,
19,start,2,5,,
19,start,3,,73,
19,start,4,48,,
19,start,5,15,,
19,start,6,,82,
19,start,7,3,,
19,start,8,20,,
19,start,9,57,,
20,entry,0,47,,
20,entry,2,20,,
20,entry,3,3,,3
20,entry,4,,46,
20,entry,5,37,,
20,entry,6,2,,2
20,entry,7,16,,
20,entry,8,46,,
20,entry,9,90,,
20,entry,10,15,,
20,entry,13,19,,
20,entry,14,,28,6
20,entry,15,58,,
20,entry,16,35,,
20,entry,17,79,,8
20,entry,18,,64,
20,entry,19,29,,
20,entry,20,14,,
20,entry,24,80,,
20,entry,25,6,,
20,entry,26,,55,
20,entry,27,8,,
20,entry,28,7,,
20,entry,29,39,,
20,entry,30,38,,
20,entry,35,24,,
20,entry,36,,82,
20,entry,37,18,,
20,entry,38,17,,
20,entry,39,49,,
20,entry,40,10,,
20,entry,46,9,,4
20,entry,47,57,,
20,entry,48,36,,
20,entry,49,59,,
20,entry,50,50,,
20,entry,57,4,,7
20,entry,58,28,,5
20,entry,59,48,,
20,entry,60,60,,
20,entry,68,68,,
20,entry,69,,19,
20,entry,70,30,,1
20,entry,79,25,,
20,entry,80,,37,
20,entry,90,40,,
20,start,2,13,,
20,start,3,26,,
20,start,4,69,,
20,start,5,27,,
20,start,6,,73,
20,start,7,70,,
20,start,8,5,,
20,start,9,0,,
21,entry,0,6,,
21,entry,2,15,,3
21,entry,3,36,,
21,entry,4,59,,
21,entry,5,79,,
21,entry,6,25,,2
21,entry,7,58,,
21,entry,8,,82,
21,entry,9,2,,
21,entry,10,47,,
21,entry,13,5,,
21,entry,14,69,,
21,entry,15,16,,
21,entry,16,20,,
21,entry,17,,46,
21,entry,18,,28,
21,entry,19,48,,
21,entry,20,57,,
21,entry,24,80,,
21,entry,25,30,,
21,entry,26,18,,
21,entry,27,35,,
21,entry,28,68,,5
21,entry,29,3,,
21,entry,30,9,,
21,entry,35,49,,
21,entry,36,28,,
21,entry,37,40,,
21,entry,38,29,,
21,entry,39,13,,4
21,entry,40,38,,
21,entry,46,,19,1 7
21,entry,47,50,,
21,entry,48,39,,
21,entry,49,14,,6 8
21,entry,50,,37,
21,entry,57,60,,
21,entry,58,46,,
21,entry,59,26,,
21,entry,60,70,,
21,entry,68,,64,
21,entry,69,90,,
21,entry,70,17,,
21,entry,79,,73,
21,entry,80,27,,
21,entry,90,37,,
21,start,2,7,,
21,start,3,10,,
21,start,4,,55,
21,start,5,4,,
21,start,6,19,,
21,start,7,0,,
21,start,8,8,,
21,start,9,24,,
22,entry,0,49,,
22,entry,2,,82,
22,entry,3,16,,
22,entry,4,24,,
22,entry,5,,28,
22,entry,6,70,,3
22,entry,7,48,,
22,entry,8,3,,
22,entry,9,6,,
22,entry,10,27,,
22,entry,13,28,,
22,entry,14,,46,
22,entry,15,39,,
22,entry,16,68,,
22,entry,17,58,,
22,entry,18,80,,2 4
22,entry,19,,37,
22,entry,20,29,,5
22,entry,24,5,,
22,entry,25,2,,
22,entry,26,90,,
22,entry,27,79,,
22,entry,28,18,,
22,entry,29,26,,
22,entry,30,14,,
22,entry,35,19,,1
22,entry,36,,19,
22,entry,37,0,,
22,entry,38,4,,
22,entry,39,59,,
22,entry,40,9,,
22,entry,46,13,,7
22,entry,47,15,,
22,entry,48,17,,
22,entry,49,8,,
22,entry,50,30,,
22,entry,57,25,,6
22,entry,58,69,,
22,entry,59,7,,
22,entry,60,40,,
22,entry,68,38,,
22,entry,69,35,,
22,entry,70,46,,
22,entry,79,,55,
22,entry,80,,64,
22,entry,90,37,,
22,start,2,10,,
22,start,3,,73,
22,start,4,50,,
22,start,5,36,,
22,start,6,47,,8
22,start,7,60,,
22,start,8,20,,
22,start,9,57,,
23,entry,0,35,,
23,entry,2,49,,
23,entry,3,,73,
23,entry,4,7,,
23,entry,5,48,,
23,entry,6,28,,
23,entry,7,20,,
23,entry,8,16,,
23,entry,9,59,,5
23,entry,10,68,,
23,entry,13,3,,
23,entry,14,17,,
23,entry,15,,19,
23,entry,16,90,,
23,entry,17,30,,
23,entry,18,47,,
23,entry,19,8,,
23,entry,20,46,,
23,entry,24,15,,
23,entry,25,40,,
23,entry,26,14,,1
23,entry,27,9,,
23,entry,28,4,,
23,entry,29,,55,
23,entry,30,,46,
23,entry,35,57,,6
23,entry,36,37,,
23,entry,37,19,,
23,entry,38,10,,
23,entry,39,6,,
23,entry,40,26,,4
23,entry,46,39,,7
23,entry,47,29,,3
23,entry,48,13,,
23,entry,49,80,,
23,entry,50,25,,
23,entry,57,79,,8
23,entry,58,50,,2
23,entry,59,38,,
23,entry,60,18,,
23,entry,68,58,,
23,entry,69,,82,
23,entry,70,60,,
23,entry,79,36,,
23,entry,80,70,,
23,entry,90,,64,
23,start,2,27,,
23,start,3,,37,
23,start,4,69,,
23,start,5,2,,
23,start,6,24,,
23,start,7,,28,
23,start,8,5,,
23,start,9,0,,
24,entry,0,10,,
24,entry,2,36,,
24,entry,3,50,,3
24,entry,4,0,,
24,entry,5,,82,
24,entry,6,60,,2
24,entry,7,6,,
24,entry,8,70,,
24,entry,9,29,,
24,entry,10,20,,
24,entry,13,,19,
24,entry,14,19,,6
24,entry,15,90,,
24,entry,16,68,,
24,entry,17,47,,
24,entry,18,5,,1
24,entry,19,39,,4
24,entry,20,3,,
24,entry,24,40,,
24,entry,25,79,,
24,entry,26,17,,
24,entry,27,57,,
24,entry,28,46,,
24,entry,29,48,,
24,entry,30,9,,
24,entry,35,2,,
24,entry,36,27,,
24,entry,37,15,,
24,entry,38,,64,
24,entry,39,80,,
24,entry,40,49,,
24,entry,46,,73,
24,entry,47,25,,
24,entry,48,7,,
24,entry,49,,46,
24,entry,50,13,,
24,entry,57,38,,
24,entry,58,35,,
24,entry,59,,37,
24,entry,60,69,,
24,entry,68,,55,
24,entry,69,4,,
24,entry,70,59,,7
24,entry,79,14,,8
24,entry,80,18,,
24,entry,90,,28,
24,start,2,28,,5
24,start,3,58,,
24,start,4,30,,
24,start,5,37,,
24,start,6,26,,
24,start,7,16,,
24,start,8,8,,
24,start,9,24,,
25,entry,0,49,,7
25,entry,2,3,,
25,entry,3,36,,
25,entry,4,4,,
25,entry,5,,55,
25,entry,6,39,,
25,entry,7,18,,
25,entry,8,,73,
25,entry,9,68,,
25,entry,10,30,,
25,entry,13,19,,
25,entry,14,16,,
25,entry,15,,46,
25,entry,16,59,,
25,entry,17,10,,
25,entry,18,79,,
25,entry,19,17,,3
25,entry,20,46,,
25,entry,24,26,,
25,entry,25,69,,
25,entry,26,28,,6
25,entry,27,50,,
25,entry,28,0,,
25,entry,29,,28,
25,entry,30,,64,2 4
25,entry,35,,37,
25,entry,36,25,,
25,entry,37,60,,
25,entry,38,24,,
25,entry,39,37,,
25,entry,40,,19,5
25,entry,46,35,,
25,entry,47,7,,
25,entry,48,13,,
25,entry,49,47,,8
25,entry,50,40,,
25,entry,57,29,,
25,entry,58,6,,
25,entry,59,,82,
25,entry,60,70,,
25,entry,68,8,,
25,entry,69,80,,
25,entry,70,38,,
25,entry,79,14,,1
25,entry,80,48,,
25,entry,90,58,,
25,start,2,5,,
25,start,3,90,,
25,start,4,2,,
25,start,5,15,,
25,start,6,9,,
25,start,7,27,,
25,start,8,20,,
25,start,9,57,,
26,entry,0,90,,
26,entry,2,40,,
26,entry,3,30,,1
26,entry,4,29,,
26,entry,5,47,,
26,entry,6,,28,6
26,entry,7,50,,4 7
26,entry,8,3,,
26,entry,9,27,,
26,entry,10,25,,
26,entry,13,10,,
26,entry,14,39,,
26,entry,15,18,,
26,entry,16,69,,
26,entry,17,36,,
26,entry,18,,82,
26,entry,19,37,,
26,entry,20,4,,
26,entry,24,49,,
26,entry,25,,73,
26,entry,26,57,,3
26,entry,27,58,,
26,entry,28,8,,
26,entry,29,68,,
26,entry,30,14,,
26,entry,35,38,,
26,entry,36,15,,
26,entry,37,6,,
26,entry,38,2,,2
26,entry,39,28,,5
26,entry,40,24,,
26,entry,46,20,,
26,entry,47,,46,
26,entry,48,35,,
26,entry,49,46,,
26,entry,50,48,,
26,entry,57,,37,
26,entry,58,,55,
26,entry,59,16,,
26,entry,60,,19,
26,entry,68,60,,
26,entry,69,19,,
26,entry,70,,64,
26,entry,79,80,,
26,entry,80,7,,
26,entry,90,17,,
26,start,2,79,,8
26,start,3,13,,
26,start,4,9,,
26,start,5,26,,
26,start,6,70,,
26,start,7,59,,
26,start,8,5,,
26,start,9,0,,
27,entry,0,38,,
27,entry,2,90,,
27,entry,3,3,,
27,entry,4,37,,
27,entry,5,5,,
27,entry,6,29,,
27,entry,7,18,,
27,entry,8,19,,
27,entry,9,57,,
27,entry,10,48,,
27,entry,13,70,,
27,entry,14,17,,
27,entry,15,15,,3
27,entry,16,39,,
27,entry,17,28,,
27,entry,18,79,,
27,entry,19,,19,
27,entry,20,60,,
27,entry,24,,73,
27,entry,25,35,,
27,entry,26,49,,
27,entry,27,80,,1 7
27,entry,28,,55,
27,entry,29,68,,5
27,entry,30,,82,
27,entry,35,27,,
27,entry,36,59,,
27,entry,37,,64,
27,entry,38,6,,
27,entry,39,36,,
27,entry,40,2,,
27,entry,46,4,,
27,entry,47,7,,
27,entry,48,16,,
27,entry,49,46,,
27,entry,50,,28,4
27,entry,57,30,,
27,entry,58,25,,2
27,entry,59,14,,8
27,entry,60,,37,6
27,entry,68,20,,
27,entry,69,40,,
27,entry,70,58,,
27,entry,79,9,,
27,entry,80,69,,
27,entry,90,47,,
27,start,2,50,,
27,start,3,10,,
27,start,4,,46,
27,start,5,13,,
27,start,6,26,,
27,start,7,0,,
27,start,8,8,,
27,start,9,24,,
28,entry,0,36,,
28,entry,2,26,,
28,entry,3,70,,3
28,entry,4,4,,
28,entry,5,,64,
28,entry,6,80,,2 4
28,entry,7,3,,
28,entry,8,2,,
28,entry,9,28,,
28,entry,10,90,,
28,entry,13,30,,
28,entry,14,15,,
28,entry,15,7,,
28,entry,16,,55,
28,entry,17,35,,
28,entry,18,,28,
28,entry,19,,82,
28,entry,20,0,,
28,entry,24,25,,6
28,entry,25,17,,7
28,entry,26,37,,
28,entry,27,69,,
28,entry,28,59,,
28,entry,29,40,,
28,entry,30,39,,
28,entry,35,,37,
28,entry,36,49,,
28,entry,37,6,,
28,entry,38,58,,
28,entry,39,48,,
28,entry,40,79,,
28,entry,46,13,,
28,entry,47,8,,
28,entry,48,68,,
28,entry,49,29,,5
28,entry,50,19,,1
28,entry,57,10,,
28,entry,58,27,,
28,entry,59,14,,
28,entry,60,24,,
28,entry,68,,73,
28,entry,69,9,,
28,entry,70,,46,
28,entry,79,,19,
28,entry,80,5,,
28,entry,90,47,,8
28,start,2,16,,
28,start,3,46,,
28,start,4,50,,
28,start,5,38,,
28,start,6,18,,
28,start,7,60,,
28,start,8,20,,
28,start,9,57,,
29,entry,0,15,,
29,entry,2,7,,
29,entry,3,38,,
29,entry,4,59,,
29,entry,5,,46,
29,entry,6,46,,
29,entry,7,39,,
29,entry,8,48,,
29,entry,9,,82,
29,entry,10,,73,
29,entry,13,4,,
29,entry,14,69,,7
29,entry,15,27,,
29,entry,16,,64,4
29,entry,17,3,,
29,entry,18,,19,
29,entry,19,9,,3
29,entry,20,8,,
29,entry,24,26,,
29,entry,25,10,,5
29,entry,26,25,,
29,entry,27,79,,8
29,entry,28,40,,
29,entry,29,60,,
29,entry,30,70,,
29,entry,35,49,,
29,entry,36,18,,
29,entry,37,35,,
29,entry,38,57,,6
29,entry,39,28,,
29,entry,40,36,,
29,entry,46,47,,
29,entry,47,,37,
29,entry,48,37,,
29,entry,49,90,,
29,entry,50,16,,2
29,entry,57,17,,
29,entry,58,68,,
29,entry,59,,55,1
29,entry,60,58,,
29,entry,68,29,,
29,entry,69,13,,
29,entry,70,20,,
29,entry,79,19,,
29,entry,80,30,,
29,entry,90,14,,
29,start,2,80,,
29,start,3,24,,
29,start,4,50,,
29,start,5,2,,
29,start,6,6,,
29,start,7,,28,
29,start,8,5,,
29,start,9,0,,
30,entry,0,40,,
30,entry,2,29,,6
30,entry,3,49,,
30,entry,4,9,,
30,entry,5,68,,
30,entry,6,,73,
30,entry,7,0,,
30,entry,8,35,,
30,entry,9,20,,
30,entry,10,50,,3
30,entry,13,90,,
30,entry,14,26,,
30,entry,15,27,,
30,entry,16,14,,8
30,entry,17,10,,
30,entry,18,7,,
30,entry,19,69,,7
30,entry,20,39,,
30,entry,24,79,,
30,entry,25,37,,
30,entry,26,,46,
30,entry,27,,55,
30,entry,28,80,,
30,entry,29,18,,
30,entry,30,36,,
30,entry,35,,82,
30,entry,36,46,,
30,entry,37,6,,
30,entry,38,38,,
30,entry,39,3,,
30,entry,40,,19,
30,entry,46,60,,2
30,entry,47,16,,
30,entry,48,,37,
30,entry,49,5,,
30,entry,50,2,,
30,entry,57,57,,
30,entry,58,4,,1
30,entry,59,15,,4
30,entry,60,13,,
30,entry,68,,28,
30,entry,69,48,,
30,entry,70,19,,
30,entry,79,25,,
30,entry,80,59,,
30,entry,90,,64,
30,start,2,28,,5
30,start,3,58,,
30,start,4,30,,
30,start,5,47,,
30,start,6,70,,
30,start,7,17,,
30,start,8,8,,
30,start,9,24,,
31,entry,0,38,,
31,entry,2,70,,
31,entry,3,68,,2 4
31,entry,4,16,,
31,entry,5,,19,
31,entry,6,,46,
31,entry,7,39,,
31,entry,8,8,,
31,entry,9,48,,
31,entry,10,40,,
31,entry,13,46,,5
31,entry,14,26,,
31,entry,15,2,,
31,entry,16,14,,
31,entry,17,13,,
31,entry,18,18,,
31,entry,19,58,,1
31,entry,20,49,,
31,entry,24,,28,
31,entry,25,19,,
31,entry,26,,82,
31,entry,27,28,,6
31,entry,28,,73,
31,entry,29,10,,
31,entry,30,,37,
31,entry,35,17,,
31,entry,36,9,,
31,entry,37,25,,
31,entry,38,50,,
31,entry,39,37,,
31,entry,40,4,,
31,entry,46,90,,
31,entry,47,35,,
31,entry,48,60,,
31,entry,49,47,,8
31,entry,50,59,,3
31,entry,57,,55,
31,entry,58,80,,
31,entry,59,24,,
31,entry,60,7,,
31,entry,68,29,,
31,entry,69,27,,
31,entry,70,79,,
31,entry,79,6,,
31,entry,80,0,,
31,entry,90,3,,7
31,start,2,5,,
31,start,3,36,,
31,start,4,,64,
31,start,5,15,,
31,start,6,30,,
31,start,7,69,,
31,start,8,20,,
31,start,9,57,,
32,entry,0,59,,
32,entry,2,28,,5
32,entry,3,68,,
32,entry,4,9,,
32,entry,5,17,,
32,entry,6,40,,
32,entry,7,38,,
32,entry,8,26,,
32,entry,9,79,,8
32,entry,10,16,,
32,entry,13,57,,
32,entry,14,19,,
32,entry,15,48,,
32,entry,16,90,,
32,entry,17,4,,
32,entry,18,7,,3
32,entry,19,10,,4
32,entry,20,,37,
32,entry,24,29,,
32,entry,25,,19,
32,entry,26,60,,
32,entry,27,14,,
32,entry,28,50,,
32,entry,29,49,,
32,entry,30,18,,
32,entry,35,,82,
32,entry,36,70,,
32,entry,37,24,,
32,entry,38,20,,
32,entry,39,58,,
32,entry,40,69,,
32,entry,46,80,,
32,entry,47,30,,1
32,entry,48,47,,
32,entry,49,6,,
32,entry,50,,73,
32,entry,57,46,,
32,entry,58,25,,
32,entry,59,27,,
32,entry,60,15,,
32,entry,68,,64,7
32,entry,69,3,,
32,entry,70,2,,2
32,entry,79,,28,6
32,entry,80,35,,
32,entry,90,,55,
32,start,2,36,,
32,start,3,37,,
32,start,4,13,,
32,start,5,39,,
32,start,6,8,,
32,start,7,,46,
32,start,8,5,,
32,start,9,0,,
33,entry,0,13,,
33,entry,2,9,,
33,entry,3,48,,
33,entry,4,,37,
33,entry,5,39,,
33,entry,6,35,,
33,entry,7,16,,1 7
33,entry,8,69,,
33,entry,9,68,,5
33,entry,10,4,,
33,entry,13,58,,
33,entry,14,57,,
33,entry,15,90,,
33,entry,16,,55,
33,entry,17,17,,
33,entry,18,80,,
33,entry,19,,64,
33,entry,20,37,,
33,entry,24,70,,
33,entry,25,,19,
33,entry,26,40,,
33,entry,27,38,,
33,entry,28,26,,
33,entry,29,7,,
33,entry,30,47,,4
33,entry,35,36,,
33,entry,36,5,,
33,entry,37,30,,
33,entry,38,25,,2
33,entry,39,50,,
33,entry,40,,82,6
33,entry,46,15,,3
33,entry,47,14,,8
33,entry,48,20,,
33,entry,49,60,,
33,entry,50,19,,
33,entry,57,,46,
33,entry,58,18,,
33,entry,59,79,,
33,entry,60,6,,
33,entry,68,28,,
33,entry,69,49,,
33,entry,70,2,,
33,entry,79,59,,
33,entry,80,,28,
33,entry,90,27,,
33,start,2,3,,
33,start,3,10,,
33,start,4,29,,
33,start,5,,73,
33,start,6,46,,
33,start,7,0,,
33,start,8,8,,
33,start,9,24,,
34,entry,0,69,,
34,entry,2,59,,
34,entry,3,68,,
34,entry,4,29,,5
34,entry,5,28,,
34,entry,6,19,,1
34,entry,7,3,,
34,entry,8,,37,
34,entry,9,,55,
34,entry,10,30,,
34,entry,13,49,,
34,entry,14,14,,
34,entry,15,,82,
34,entry,16,24,,
34,entry,17,13,,
34,entry,18,,19,
34,entry,19,80,,2 4
34,entry,20,40,,
34,entry,24,9,,
34,entry,25,16,,
34,entry,26,,46,
34,entry,27,58,,
34,entry,28,2,,
34,entry,29,37,,
34,entry,30,36,,
34,entry,35,26,,7
34,entry,36,5,,
34,entry,37,35,,
34,entry,38,15,,
34,entry,39,46,,
34,entry,40,7,,
34,entry,46,,64,
34,entry,47,39,,
34,entry,48,25,,6
34,entry,49,,73,
34,entry,50,10,,
34,entry,57,47,,8
34,entry,58,70,,3
34,entry,59,90,,
34,entry,60,27,,
34,entry,68,4,,
34,entry,69,8,,
34,entry,70,79,,
34,entry,79,18,,
34,entry,80,0,,
34,entry,90,38,,
34,start,2,,28,
34,start,3,6,,
34,start,4,50,,
34,start,5,17,,
34,start,6,48,,
34,start,7,60,,
34,start,8,20,,
34,start,9,57,,
35,entry,0,6,,
35,entry,2,70,,1
35,entry,3,28,,
35,entry,4,68,,
35,entry,5,58,,
35,entry,6,50,,
35,entry,7,79,,8
35,entry,8,18,,
35,entry,9,3,,
35,entry,10,36,,
35,entry,13,90,,
35,entry,14,,82,3
35,entry,15,20,,
35,entry,16,60,,
35,entry,17,,73,
35,entry,18,,37,7
35,entry,19,4,,
35,entry,20,48,,
35,entry,24,,46,
35,entry,25,30,,
35,entry,26,26,,
35,entry,27,38,,
35,entry,28,15,,
35,entry,29,35,,
35,entry,30,,19,
35,entry,35,37,,
35,entry,36,8,,
35,entry,37,47,,
35,entry,38,49,,
35,entry,39,16,,
35,entry,40,40,,
35,entry,46,13,,2
35,entry,47,29,,
35,entry,48,14,,5
35,entry,49,39,,
35,entry,50,57,,6
35,entry,57,10,,
35,entry,58,7,,
35,entry,59,9,,
35,entry,60,59,,
35,entry,68,17,,
35,entry,69,19,,4
35,entry,70,69,,
35,entry,79,25,,
35,entry,80,46,,
35,entry,90,,64,
35,start,2,,55,
35,start,3,27,,
35,start,4,24,,
35,start,5,2,,
35,start,6,80,,
35,start,7,,28,
35,start,8,5,,
35,start,9,0,,
36,entry,0,38,,
36,entry,2,9,,
36,entry,3,,64,
36,entry,4,48,,
36,entry,5,18,,
36,entry,6,27,,
36,entry,7,50,,3
36,entry,8,17,,
36,entry,9,90,,
36,entry,10,80,,1
36,entry,13,7,,
36,entry,14,15,,
36,entry,15,59,,
36,entry,16,,73,
36,entry,17,26,,
36,entry,18,25,,
36,entry,19,,19,
36,entry,20,39,,
36,entry,24,,28,
36,entry,25,70,,
36,entry,26,46,,
36,entry,27,36,,
36,entry,28,79,,
36,entry,29,20,,
36,entry,30,49,,
36,entry,35,5,,4
36,entry,36,10,,
36,entry,37,19,,
36,entry,38,47,,
36,entry,39,60,,2
36,entry,40,0,,
36,entry,46,,82,7
36,entry,47,29,,
36,entry,48,57,,
36,entry,49,68,,
36,entry,50,3,,
36,entry,57,69,,
36,entry,58,37,,6
36,entry,59,14,,8
36,entry,60,13,,
36,entry,68,40,,
36,entry,69,,46,
36,entry,70,,37,
36,entry,79,16,,
36,entry,80,,55,
36,entry,90,6,,
36,start,2,28,,5
36,start,3,58,,
36,start,4,30,,
36,start,5,35,,
36,start,6,2,,
36,start,7,4,,
36,start,8,8,,
36,start,9,24,,
37,entry,0,14,,
37,entry,2,80,,
37,entry,3,79,,
37,entry,4,,55,
37,entry,5,68,,
37,entry,6,50,,
37,entry,7,24,,
37,entry,8,27,,
37,entry,9,49,,
37,entry,10,3,,
37,entry,13,70,,
37,entry,14,,46,
37,entry,15,28,,6
37,entry,16,60,,
37,entry,17,,28,
37,entry,18,,37,
37,entry,19,16,,
37,entry,20,19,,
37,entry,24,58,,7
37,entry,25,25,,
37,entry,26,48,,
37,entry,27,6,,
37,entry,28,59,,
37,entry,29,26,,
37,entry,30,2,,
37,entry,35,35,,
37,entry,36,29,,
37,entry,37,8,,
37,entry,38,69,,1
37,entry,39,,82,
37,entry,40,47,,8
37,entry,46,39,,
37,entry,47,18,,
37,entry,48,37,,
37,entry,49,9,,
37,entry,50,,73,
37,entry,57,46,,
37,entry,58,30,,
37,entry,59,,64,3
37,entry,60,13,,
37,entry,68,40,,
37,entry,69,,19,
37,entry,70,36,,2 4
37,entry,79,17,,
37,entry,80,10,,5
37,entry,90,38,,
37,start,2,5,,
37,start,3,0,,
37,start,4,90,,
37,start,5,15,,
37,start,6,4,,
37,start,7,7,,
37,start,8,20,,
37,start,9,57,,
38,entry,0,,19,
38,entry,2,48,,
38,entry,3,8,,
38,entry,4,90,,
38,entry,5,13,,
38,entry,6,79,,8
38,entry,7,,28,6
38,entry,8,37,,
38,entry,9,60,,
38,entry,10,10,,
38,entry,13,18,,
38,entry,14,57,,
38,entry,15,30,,1
38,entry,16,59,,
38,entry,17,4,,
38,entry,18,68,,4
38,entry,19,17,,
38,entry,20,36,,
38,entry,24,,73,
38,entry,25,24,,
38,entry,26,38,,
38,entry,27,49,,3
38,entry,28,9,,
38,entry,29,27,,
38,entry,30,46,,
38,entry,35,40,,
38,entry,36,70,,
38,entry,37,7,,
38,entry,38,58,,
38,entry,39,15,,
38,entry,40,3,,
38,entry,46,80,,
38,entry,47,20,,
38,entry,48,6,,
38,entry,49,69,,
38,entry,50,26,,
38,entry,57,47,,
38,entry,58,29,,
38,entry,59,2,,2
38,entry,60,,46,7
38,entry,68,39,,
38,entry,69,35,,
38,entry,70,28,,5
38,entry,79,,55,
38,entry,80,19,,
38,entry,90,16,,
38,start,2,14,,
38,start,3,,64,
38,start,4,50,,
38,start,5,,82,
38,start,6,25,,
38,start,7,,37,
38,start,8,5,,
38,start,9,0,,
39,entry,0,39,,
39,entry,2,29,,
39,entry,3,3,,
39,entry,4,,19,
39,entry,5,13,,
39,entry,6,17,,
39,entry,7,57,,
39,entry,8,69,,
39,entry,9,20,,
39,entry,10,36,,
39,entry,13,68,,5
39,entry,14,,82,
39,entry,15,,37,4
39,entry,16,27,,
39,entry,17,,73,
39,entry,18,80,,
39,entry,19,18,,
39,entry,20,46,,
39,entry,24,9,,
39,entry,25,,46,6
39,entry,26,37,,
39,entry,27,60,,
39,entry,28,90,,
39,entry,29,28,,
39,entry,30,48,,
39,entry,35,47,,
39,entry,36,7,,
39,entry,37,,28,
39,entry,38,26,,
39,entry,39,2,,1 7
39,entry,40,58,,
39,entry,46,38,,
39,entry,47,4,,
39,entry,48,5,,
39,entry,49,49,,
39,entry,50,35,,
39,entry,57,70,,
39,entry,58,15,,3
39,entry,59,79,,
39,entry,60,,55,
39,entry,68,16,,
39,entry,69,30,,
39,entry,70,40,,
39,entry,79,59,,
39,entry,80,50,,
39,entry,90,25,,2
39,start,2,,64,
39,start,3,10,,
39,start,4,6,,
39,start,5,14,,8
39,start,6,19,,
39,start,7,0,,
39,start,8,8,,
39,start,9,24,,
40,entry,0,,19,
40,entry,2,,28,
40,entry,3,36,,
40,entry,4,25,,6
40,entry,5,40,,
40,entry,6,47,,8
40,entry,7,8,,
40,entry,8,6,,
40,entry,9,68,,
40,entry,10,39,,
40,entry,13,46,,
40,entry,14,70,,3
40,entry,15,4,,
40,entry,16,59,,
40,entry,17,18,,
40,entry,18,35,,
40,entry,19,49,,
40,entry,20,90,,
40,entry,24,58,,
40,entry,25,16,,
40,entry,26,,37,
40,entry,27,,64,
40,entry,28,,55,
40,entry,29,29,,5
40,entry,30,19,,1
40,entry,35,15,,
40,entry,36,27,,7
40,entry,37,2,,
40,entry,38,37,,
40,entry,39,14,,
40,entry,40,24,,
40,entry,46,30,,
40,entry,47,80,,2 4
40,entry,48,38,,
40,entry,49,9,,
40,entry,50,,46,
40,entry,57,10,,
40,entry,58,13,,
40,entry,59,3,,
40,entry,60,5,,
40,entry,68,0,,
40,entry,69,69,,
40,entry,70,,73,
40,entry,79,79,,
40,entry,80,28,,
40,entry,90,,82,
40,start,2,26,,
40,start,3,17,,
40,start,4,50,,
40,start,5,48,,
40,start,6,7,,
40,start,7,60,,
40,start,8,20,,
40,start,9,57,,
41,entry,0,40,,
41,entry,2,,19,
41,entry,3,37,,
41,entry,4,90,,
41,entry,5,17,,
41,entry,6,8,,2
41,entry,7,49,,
41,entry,8,,46,5
41,entry,9,59,,
41,entry,10,57,,6
41,entry,13,48,,
41,entry,14,15,,1
41,entry,15,27,,3
41,entry,16,58,,
41,entry,17,,37,
41,entry,18,70,,
41,entry,19,29,,
41,entry,20,79,,8
41,entry,24,9,,
41,entry,25,36,,
41,entry,26,20,,
41,entry,27,4,,
41,entry,28,80,,
41,entry,29,39,,4
41,entry,30,10,,
41,entry,35,28,,
41,entry,36,30,,
41,entry,37,14,,7
41,entry,38,13,,
41,entry,39,25,,
41,entry,40,50,,
41,entry,46,7,,
41,entry,47,46,,
41,entry,48,16,,
41,entry,49,18,,
41,entry,50,60,,
41,entry,57,47,,
41,entry,58,38,,
41,entry,59,,55,
41,entry,60,3,,
41,entry,68,,64,
41,entry,69,6,,
41,entry,70,24,,
41,entry,79,69,,
41,entry,80,35,,
41,entry,90,19,,
41,start,2,,82,
41,start,3,68,,
41,start,4,26,,
41,start,5,2,,
41,start,6,,73,
41,start,7,,28,
41,start,8,5,,
41,start,9,0,,
42,entry,0,48,,
42,entry,2,38,,4
42,entry,3,47,,
42,entry,4,,46,
42,entry,5,57,,
42,entry,6,50,,3
42,entry,7,,82,
42,entry,8,16,,
42,entry,9,14,,8
42,entry,10,,73,
42,entry,13,6,,
42,entry,14,,55,7
42,entry,15,,37,
42,entry,16,9,,
42,entry,17,79,,
42,entry,18,60,,2
42,entry,19,39,,
42,entry,20,29,,
42,entry,24,18,,
42,entry,25,35,,
42,entry,26,36,,
42,entry,27,19,,
42,entry,28,68,,
42,entry,29,49,,
42,entry,30,27,,
42,entry,35,17,,
42,entry,36,5,,
42,entry,37,70,,
42,entry,38,80,,
42,entry,39,59,,
42,entry,40,37,,
42,entry,46,15,,
42,entry,47,4,,6
42,entry,48,90,,
42,entry,49,2,,
42,entry,50,0,,
42,entry,57,40,,
42,entry,58,3,,
42,entry,59,,28,
42,entry,60,10,,
42,entry,68,13,,
42,entry,69,46,,
42,entry,70,20,,1
42,entry,79,,64,
42,entry,80,25,,
42,entry,90,26,,
42,start,2,28,,5
42,start,3,58,,
42,start,4,30,,
42,start,5,,19,
42,start,6,7,,
42,start,7,69,,
42,start,8,8,,
42,start,9,24,,
43,entry,0,60,,
43,entry,2,50,,
43,entry,3,18,,
43,entry,4,90,,
43,entry,5,7,,
43,entry,6,46,,
43,entry,7,30,,
43,entry,8,58,,
43,entry,9,80,,
43,entry,10,70,,
43,entry,13,2,,
43,entry,14,6,,
43,entry,15,14,,
43,entry,16,,64,
43,entry,17,40,,
43,entry,18,68,,
43,entry,19,,37,
43,entry,20,29,,
43,entry,24,8,,
43,entry,25,,19,
43,entry,26,47,,8
43,entry,27,16,,
43,entry,28,37,,
43,entry,29,,82,
43,entry,30,39,,
43,entry,35,24,,
43,entry,36,3,,
43,entry,37,48,,
43,entry,38,4,,2 4
43,entry,39,9,,
43,entry,40,38,,
43,entry,46,13,,1
43,entry,47,26,,3
43,entry,48,69,,5
43,entry,49,17,,
43,entry,50,28,,6
43,entry,57,0,,
43,entry,58,49,,
43,entry,59,27,,
43,entry,60,25,,
43,entry,68,,28,
43,entry,69,19,,
43,entry,70,35,,
43,entry,79,10,,
43,entry,80,,55,
43,entry,90,,46,
43,start,2,5,,
43,start,3,59,,
43,start,4,79,,
43,start,5,15,,
43,start,6,,73,7
43,start,7,36,,
43,start,8,20,,
43,start,9,57,,
44,entry,0,,73,
44,entry,2,57,,
44,entry,3,37,,
44,entry,4,14,,
44,entry,5,60,,
44,entry,6,20,,
44,entry,7,8,,
44,entry,8,35,,
44,entry,9,9,,
44,entry,10,48,,
44,entry,13,,64,
44,entry,14,40,,
44,entry,15,70,,
44,entry,16,47,,
44,entry,17,18,,
44,entry,18,,55,
44,entry,19,16,,
44,entry,20,,19,
44,entry,24,90,,
44,entry,25,80,,
44,entry,26,49,,
44,entry,27,,28,6
44,entry,28,7,,
44,entry,29,50,,
44,entry,30,59,,
44,entry,35,30,,1
44,entry,36,29,,
44,entry,37,,37,
44,entry,38,17,,4
44,entry,39,15,,
44,entry,40,69,,
44,entry,46,38,,
44,entry,47,19,,3
44,entry,48,,82,
44,entry,49,25,,
44,entry,50,79,,8
44,entry,57,27,,
44,entry,58,58,,
44,entry,59,,46,
44,entry,60,26,,
44,entry,68,6,,
44,entry,69,39,,
44,entry,70,36,,
44,entry,79,2,,2
44,entry,80,3,,
44,entry,90,28,,5
44,start,2,4,,
44,start,3,46,,
44,start,4,10,,
44,start,5,68,,
44,start,6,24,,7
44,start,7,13,,
44,start,8,5,,
44,start,9,0,,
45,entry,0,,46,
45,entry,2,14,,8
45,entry,3,15,,3
45,entry,4,,73,
45,entry,5,30,,
45,entry,6,18,,
45,entry,7,50,,
45,entry,8,68,,5
45,entry,9,39,,
45,entry,10,17,,
45,entry,13,,28,
45,entry,14,,64,
45,entry,15,37,,
45,entry,16,28,,
45,entry,17,60,,
45,entry,18,79,,
45,entry,19,49,,4
45,entry,20,58,,
45,entry,24,5,,
45,entry,25,47,,
45,entry,26,9,,1 7
45,entry,27,6,,
45,entry,28,3,,
45,entry,29,80,,6
45,entry,30,59,,
45,entry,35,57,,
45,entry,36,13,,
45,entry,37,16,,
45,entry,38,7,,
45,entry,39,46,,
45,entry,40,70,,
45,entry,46,,37,
45,entry,47,25,,2
45,entry,48,19,,
45,entry,49,,82,
45,entry,50,4,,
45,entry,57,20,,
45,entry,58,,19,
45,entry,59,35,,
45,entry,60,26,,
45,entry,68,40,,
45,entry,69,,55,
45,entry,70,36,,
45,entry,79,29,,
45,entry,80,48,,
45,entry,90,90,,
45,start,2,38,,
45,start,3,10,,
45,start,4,2,,
45,start,5,69,,
45,start,6,27,,
45,start,7,0,,
45,start,8,8,,
45,start,9,24,,
46,entry,0,7,,
46,entry,2,80,,2 4
46,entry,3,26,,
46,entry,4,,64,
46,entry,5,48,,
46,entry,6,90,,
46,entry,7,,82,
46,entry,8,6,,
46,entry,9,25,,6
46,entry,10,3,,
46,entry,13,18,,
46,entry,14,40,,
46,entry,15,,28,
46,entry,16,,19,
46,entry,17,47,,8
46,entry,18,19,,1
46,entry,19,70,,3
46,entry,20,46,,
46,entry,24,16,,
46,entry,25,,37,
46,entry,26,2,,7
46,entry,27,,73,
46,entry,28,24,,
46,entry,29,37,,
46,entry,30,68,,
46,entry,35,58,,
46,entry,36,30,,
46,entry,37,29,,5
46,entry,38,,46,
46,entry,39,79,,
46,entry,40,,55,
46,entry,46,38,,
46,entry,47,14,,
46,entry,48,5,,
46,entry,49,0,,
46,entry,50,17,,
46,entry,57,9,,
46,entry,58,13,,
46,entry,59,10,,
46,entry,60,27,,
46,entry,68,28,,
46,entry,69,8,,
46,entry,70,49,,
46,entry,79,39,,
46,entry,80,59,,
46,entry,90,15,,
46,start,2,69,,
46,start,3,35,,
46,start,4,50,,
46,start,5,4,,
46,start,6,36,,
46,start,7,60,,
46,start,8,20,,
46,start,9,57,,
47,entry,0,50,,
47,entry,2,38,,
47,entry,3,9,,
47,entry,4,49,,5
47,entry,5,18,,
47,entry,6,10,,
47,entry,7,7,,
47,entry,8,14,,
47,entry,9,30,,
47,entry,10,26,,
47,entry,13,47,,
47,entry,14,68,,
47,entry,15,6,,
47,entry,16,36,,
47,entry,17,27,,
47,entry,18,17,,
47,entry,19,60,,
47,entry,20,19,,
47,entry,24,,82,
47,entry,25,16,,
47,entry,26,24,,
47,entry,27,37,,
47,entry,28,48,,
47,entry,29,70,,
47,entry,30,29,,7
47,entry,35,46,,
47,entry,36,,46,4
47,entry,37,3,,
47,entry,38,,19,
47,entry,39,80,,3
47,entry,40,15,,
47,entry,46,25,,
47,entry,47,39,,
47,entry,48,40,,
47,entry,49,69,,
47,entry,50,79,,8
47,entry,57,35,,
47,entry,58,57,,6
47,entry,59,28,,
47,entry,60,,37,
47,entry,68,,64,
47,entry,69,90,,
47,entry,70,,55,2
47,entry,79,,73,1
47,entry,80,58,,
47,entry,90,20,,
47,start,2,4,,
47,start,3,13,,
47,start,4,59,,
47,start,5,2,,
47,start,6,8,,
47,start,7,,28,
47,start,8,5,,
47,start,9,0,,
48,entry,0,,64,
48,entry,2,46,,
48,entry,3,70,,1
48,entry,4,49,,
48,entry,5,48,,
48,entry,6,37,,7
48,entry,7,10,,
48,entry,8,9,,
48,entry,9,68,,
48,entry,10,90,,
48,entry,13,20,,
48,entry,14,59,,
48,entry,15,17,,
48,entry,16,18,,
48,entry,17,29,,
48,entry,18,6,,6
48,entry,19,3,,
48,entry,20,,19,
48,entry,24,69,,
48,entry,25,80,,
48,entry,26,19,,
48,entry,27,,55,
48,entry,28,40,,
48,entry,29,13,,
48,entry,30,2,,
48,entry,35,39,,
48,entry,36,26,,
48,entry,37,27,,
48,entry,38,50,,3
48,entry,39,,46,
48,entry,40,4,,
48,entry,46,16,,4
48,entry,47,38,,
48,entry,48,,73,
48,entry,49,35,,
48,entry,50,14,,8
48,entry,57,7,,
48,entry,58,36,,
48,entry,59,57,,
48,entry,60,5,,
48,entry,68,0,,
48,entry,69,79,,
48,entry,70,15,,
48,entry,79,,82,
48,entry,80,47,,
48,entry,90,60,,2
48,start,2,28,,5
48,start,3,58,,
48,start,4,30,,
48,start,5,,37,
48,start,6,25,,
48,start,7,,28,
48,start,8,8,,
48,start,9,24,,
49,entry,0,,55,
49,entry,2,35,,
49,entry,3,28,,6
49,entry,4,29,,
49,entry,5,4,,
49,entry,6,24,,
49,entry,7,27,,
49,entry,8,14,,
49,entry,9,59,,
49,entry,10,,46,
49,entry,13,25,,
49,entry,14,39,,
49,entry,15,50,,
49,entry,16,58,,
49,entry,17,26,,
49,entry,18,68,,
49,entry,19,69,,
49,entry,20,,82,
49,entry,24,46,,
49,entry,25,60,,
49,entry,26,6,,
49,entry,27,36,,1 7
49,entry,28,49,,
49,entry,29,17,,
49,entry,30,30,,
49,entry,35,0,,
49,entry,36,8,,
49,entry,37,13,,
49,entry,38,,19,3
49,entry,39,10,,2 4
49,entry,40,40,,
49,entry,46,18,,
49,entry,47,9,,
49,entry,48,38,,
49,entry,49,47,,5 8
49,entry,50,90,,
49,entry,57,,37,
49,entry,58,,28,
49,entry,59,79,,
49,entry,60,,64,
49,entry,68,3,,
49,entry,69,16,,
49,entry,70,7,,
49,entry,79,80,,
49,entry,80,19,,
49,entry,90,48,,
49,start,2,5,,
49,start,3,37,,
49,start,4,,73,
49,start,5,15,,
49,start,6,70,,
49,start,7,2,,
49,start,8,20,,
49,start,9,57,,
50,entry,0,15,,
50,entry,2,19,,
50,entry,3,20,,
50,entry,4,46,,
50,entry,5,6,,
50,entry,6,,55,
50,entry,7,10,,
50,entry,8,9,,
50,entry,9,,37,
50,entry,10,38,,
50,entry,13,47,,
50,entry,14,17,,3 7
50,entry,15,3,,
50,entry,16,60,,
50,entry,17,50,,
50,entry,18,57,,
50,entry,19,37,,
50,entry,20,24,,
50,entry,24,80,,
50,entry,25,27,,
50,entry,26,70,,4
50,entry,27,8,,
50,entry,28,,73,
50,entry,29,68,,
50,entry,30,,46,
50,entry,35,,28,6
50,entry,36,69,,
50,entry,37,25,,
50,entry,38,28,,5
50,entry,39,48,,
50,entry,40,26,,
50,entry,46,58,,
50,entry,47,2,,2
50,entry,48,79,,8
50,entry,49,,19,
50,entry,50,30,,1
50,entry,57,35,,
50,entry,58,16,,
50,entry,59,29,,
50,entry,60,7,,
50,entry,68,14,,
50,entry,69,39,,
50,entry,70,40,,
50,entry,79,49,,
50,entry,80,90,,
50,entry,90,13,,
50,start,2,,64,
50,start,3,,82,
50,start,4,4,,
50,start,5,59,,
50,start,6,18,,
50,start,7,36,,
50,start,8,5,,
50,start,9,0,,
51,entry,0,68,,5
51,entry,2,,37,
51,entry,3,19,,
51,entry,4,,55,6
51,entry,5,46,,
51,entry,6,,46,
51,entry,7,15,,3
51,entry,8,30,,
51,entry,9,16,,
51,entry,10,60,,
51,entry,13,29,,
51,entry,14,47,,
51,entry,15,7,,
51,entry,16,70,,
51,entry,17,27,,
51,entry,18,80,,
51,entry,19,25,,2
51,entry,20,39,,
51,entry,24,,28,
51,entry,25,4,,
51,entry,26,69,,
51,entry,27,,82,
51,entry,28,90,,
51,entry,29,20,,
51,entry,30,,73,
51,entry,35,14,,4 8
51,entry,36,79,,
51,entry,37,9,,
51,entry,38,,19,
51,entry,39,18,,
51,entry,40,26,,
51,entry,46,37,,
51,entry,47,40,,
51,entry,48,2,,
51,entry,49,28,,
51,entry,50,13,,
51,entry,57,,64,
51,entry,58,57,,
51,entry,59,3,,1 7
51,entry,60,38,,
51,entry,68,5,,
51,entry,69,49,,
51,entry,70,48,,
51,entry,79,59,,
51,entry,80,58,,
51,entry,90,6,,
51,start,2,36,,
51,start,3,10,,
51,start,4,17,,
51,start,5,35,,
51,start,6,50,,
51,start,7,0,,
51,start,8,8,,
51,start,9,24,,
52,entry,0,13,,
52,entry,2,3,,
52,entry,3,69,,
52,entry,4,48,,
52,entry,5,8,,
52,entry,6,,73,
52,entry,7,,46,
52,entry,8,2,,
52,entry,9,17,,
52,entry,10,,37,7
52,entry,13,58,,
52,entry,14,4,,
52,entry,15,18,,
52,entry,16,29,,5
52,entry,17,5,,
52,entry,18,47,,8
52,entry,19,0,,
52,entry,20,37,,
52,entry,24,36,,
52,entry,25,,28,
52,entry,26,14,,
52,entry,27,26,,
52,entry,28,59,,
52,entry,29,10,,
52,entry,30,80,,2 4
52,entry,35,38,,
52,entry,36,9,,
52,entry,37,28,,
52,entry,38,39,,
52,entry,39,15,,
52,entry,40,68,,
52,entry,46,6,,
52,entry,47,,82,
52,entry,48,49,,
52,entry,49,25,,6
52,entry,50,16,,
52,entry,57,,55,
52,entry,58,19,,1
52,entry,59,70,,3
52,entry,60,27,,
52,entry,68,24,,
52,entry,69,35,,
52,entry,70,79,,
52,entry,79,,19,
52,entry,80,,64,
52,entry,90,7,,
52,start,2,90,,
52,start,3,40,,
52,start,4,50,,
52,start,5,46,,
52,start,6,30,,
52,start,7,60,,
52,start,8,20,,
52,start,9,57,,
53,entry,0,,64,
53,entry,2,,46,
53,entry,3,16,,
53,entry,4,10,,
53,entry,5,8,,
53,entry,6,26,,
53,entry,7,79,,8
53,entry,8,49,,
53,entry,9,90,,
53,entry,10,68,,2
53,entry,13,47,,
53,entry,14,19,,
53,entry,15,,55,
53,entry,16,36,,
53,entry,17,29,,
53,entry,18,59,,
53,entry,19,27,,1
53,entry,20,58,,
53,entry,24,6,,
53,entry,25,46,,
53,entry,26,39,,
53,entry,27,,82,
53,entry,28,13,,7
53,entry,29,69,,
53,entry,30,20,,
53,entry,35,38,,
53,entry,36,4,,5
53,entry,37,9,,4
53,entry,38,15,,
53,entry,39,80,,
53,entry,40,30,,
53,entry,46,,73,
53,entry,47,25,,
53,entry,48,3,,
53,entry,49,48,,
53,entry,50,50,,
53,entry,57,18,,
53,entry,58,,37,
53,entry,59,,19,
53,entry,60,60,,
53,entry,68,35,,
53,entry,69,40,,
53,entry,70,70,,3
53,entry,79,57,,6
53,entry,80,24,,
53,entry,90,28,,
53,start,2,7,,
53,start,3,17,,
53,start,4,14,,
53,start,5,2,,
53,start,6,37,,
53,start,7,,28,
53,start,8,5,,
53,start,9,0,,
54,entry,0,3,,
54,entry,2,,28,
54,entry,3,69,,
54,entry,4,16,,
54,entry,5,,19,
54,entry,6,4,,
54,entry,7,27,,
54,entry,8,18,,
54,entry,9,15,,
54,entry,10,,82,
54,entry,13,80,,
54,entry,14,60,,2
54,entry,15,2,,
54,entry,16,14,,8
54,entry,17,0,,
54,entry,18,37,,
54,entry,19,25,,
54,entry,20,79,,
54,entry,24,68,,
54,entry,25,,64,
54,entry,26,29,,
54,entry,27,10,,
54,entry,28,38,,
54,entry,29,47,,
54,entry,30,70,,
54,entry,35,7,,
54,entry,36,39,,
54,entry,37,20,,
54,entry,38,57,,4
54,entry,39,13,,
54,entry,40,5,,
54,entry,46,49,,
54,entry,47,46,,1
54,entry,48,48,,
54,entry,49,,46,
54,entry,50,,37,6
54,entry,57,26,,
54,entry,58,,73,
54,entry,59,17,,
54,entry,60,40,,
54,entry,68,19,,
54,entry,69,6,,
54,entry,70,50,,3
54,entry,79,35,,7
54,entry,80,9,,
54,entry,90,36,,
54,start,2,28,,5
54,start,3,58,,
54,start,4,30,,
54,start,5,90,,
54,start,6,,55,
54,start,7,59,,
54,start,8,8,,
54,start,9,24,,
55,entry,0,3,,
55,entry,2,,46,
55,entry,3,35,,
55,entry,4,26,,
55,entry,5,60,,
55,entry,6,6,,
55,entry,7,40,,1
55,entry,8,49,,
55,entry,9,70,,
55,entry,10,0,,
55,entry,13,,55,
55,entry,14,28,,6
55,entry,15,9,,
55,entry,16,8,,
55,entry,17,,28,
55,entry,18,10,,3
55,entry,19,79,,2 4
55,entry,20,36,,
55,entry,24,25,,
55,entry,25,29,,
55,entry,26,18,,
55,entry,27,13,,
55,entry,28,47,,8
55,entry,29,27,,5
55,entry,30,46,,
55,entry,35,39,,
55,entry,36,4,,
55,entry,37,,37,
55,entry,38,,19,
55,entry,39,,82,
55,entry,40,,64,
55,entry,46,50,,
55,entry,47,24,,
55,entry,48,2,,
55,entry,49,16,,7
55,entry,50,7,,
55,entry,57,38,,
55,entry,58,80,,
55,entry,59,48,,
55,entry,60,19,,
55,entry,68,30,,
55,entry,69,58,,
55,entry,70,,73,
55,entry,79,68,,
55,entry,80,59,,
55,entry,90,69,,
55,start,2,5,,
55,start,3,17,,
55,start,4,37,,
55,start,5,15,,
55,start,6,14,,
55,start,7,90,,
55,start,8,20,,
55,start,9,57,,
56,entry,0,13,,
56,entry,2,80,,
56,entry,3,60,,
56,entry,4,,19,
56,entry,5,36,,
56,entry,6,30,,1
56,entry,7,49,,7
56,entry,8,69,,
56,entry,9,35,,
56,entry,10,28,,5
56,entry,13,70,,
56,entry,14,15,,
56,entry,15,46,,
56,entry,16,39,,
56,entry,17,3,,
56,entry,18,,28,6
56,entry,19,,55,
56,entry,20,14,,
56,entry,24,25,,
56,entry,25,,64,
56,entry,26,40,,
56,entry,27,38,,
56,entry,28,19,,
56,entry,29,18,,
56,entry,30,16,,
56,entry,35,48,,
56,entry,36,90,,
56,entry,37,37,,
56,entry,38,79,,3 8
56,entry,39,24,,4
56,entry,40,27,,
56,entry,46,26,,
56,entry,47,68,,
56,entry,48,,46,
56,entry,49,4,,
56,entry,50,,73,
56,entry,57,,82,
56,entry,58,20,,
56,entry,59,58,,
56,entry,60,8,,
56,entry,68,47,,
56,entry,69,6,,
56,entry,70,50,,
56,entry,79,7,,
56,entry,80,59,,
56,entry,90,2,,2
56,start,2,29,,
56,start,3,10,,
56,start,4,17,,
56,start,5,,37,
56,start,6,57,,
56,start,7,9,,
56,start,8,5,,
56,start,9,0,,
57,entry,0,58,,
57,entry,2,4,,1 7
57,entry,3,18,,
57,entry,4,,64,
57,entry,5,19,,
57,entry,6,38,,
57,entry,7,60,,
57,entry,8,40,,
57,entry,9,57,,
57,entry,10,27,,
57,entry,13,28,,
57,entry,14,25,,2
57,entry,15,26,,
57,entry,16,48,,
57,entry,17,,37,
57,entry,18,50,,
57,entry,19,29,,
57,entry,20,30,,
57,entry,24,20,,
57,entry,25,36,,
57,entry,26,80,,
57,entry,27,49,,
57,entry,28,79,,
57,entry,29,39,,
57,entry,30,2,,
57,entry,35,46,,
57,entry,36,90,,
57,entry,37,59,,
57,entry,38,,82,
57,entry,39,7,,
57,entry,40,,28,
57,entry,46,9,,
57,entry,47,,46,
57,entry,48,35,,
57,entry,49,,73,
57,entry,50,3,,
57,entry,57,68,,5
57,entry,58,,55,4
57,entry,59,6,,
57,entry,60,13,,
57,entry,68,17,,6
57,entry,69,70,,
57,entry,70,69,,
57,entry,79,37,,
57,entry,80,5,,
57,entry,90,15,,3
57,start,2,,19,
57,start,3,10,,
57,start,4,47,,
57,start,5,16,,
57,start,6,14,,8
57,start,7,0,,
57,start,8,8,,
57,start,9,24,,
58,entry,0,49,,
58,entry,2,39,,
58,entry,3,47,,8
58,entry,4,27,,
58,entry,5,90,,
58,entry,6,0,,
58,entry,7,,37,
58,entry,8,48,,
58,entry,9,29,,5
58,entry,10,19,,1
58,entry,13,59,,
58,entry,14,2,,
58,entry,15,15,,
58,entry,16,40,,
58,entry,17,69,,
58,entry,18,16,,
58,entry,19,14,,
58,entry,20,24,,
58,entry,24,,28,
58,entry,25,25,,6
58,entry,26,7,,
58,entry,27,80,,2 4
58,entry,28,46,,
58,entry,29,9,,
58,entry,30,,46,
58,entry,35,70,,3
58,entry,36,17,,
58,entry,37,68,,
58,entry,38,79,,
58,entry,39,,73,
58,entry,40,5,,
58,entry,46,10,,
58,entry,47,26,,
58,entry,48,58,,
58,entry,49,6,,
58,entry,50,36,,
58,entry,57,37,,
58,entry,58,3,,
58,entry,59,8,,
58,entry,60,28,,
58,entry,68,13,,
58,entry,69,18,,
58,entry,70,,82,
58,entry,79,38,,
58,entry,80,35,,
58,entry,90,,55,
58,start,2,,19,
58,start,3,30,,
58,start,4,50,,
58,start,5,,64,
58,start,6,4,,7
58,start,7,60,,
58,start,8,20,,
58,start,9,57,,
59,entry,0,14,,
59,entry,2,49,,
59,entry,3,13,,
59,entry,4,18,,
59,entry,5,80,,
59,entry,6,39,,
59,entry,7,,19,
59,entry,8,68,,
59,entry,9,,55,
59,entry,10,24,,
59,entry,13,27,,5
59,entry,14,15,,
59,entry,15,50,,
59,entry,16,3,,
59,entry,17,40,,
59,entry,18,28,,
59,entry,19,7,,2 7
59,entry,20,8,,
59,entry,24,,73,
59,entry,25,60,,4
59,entry,26,17,,
59,entry,27,57,,6
59,entry,28,90,,
59,entry,29,58,,
59,entry,30,38,,
59,entry,35,25,,
59,entry,36,35,,
59,entry,37,,37,
59,entry,38,46,,1
59,entry,39,20,,
59,entry,40,69,,
59,entry,46,47,,
59,entry,47,4,,
59,entry,48,16,,
59,entry,49,30,,
59,entry,50,70,,
59,entry,57,29,,
59,entry,58,19,,
59,entry,59,79,,8
59,entry,60,,46,
59,entry,68,48,,
59,entry,69,10,,
59,entry,70,26,,
59,entry,79,9,,3
59,entry,80,36,,
59,entry,90,,82,
59,start,2,6,,
59,start,3,59,,
59,start,4,37,,
59,start,5,2,,
59,start,6,,64,
59,start,7,,28,
59,start,8,5,,
59,start,9,0,,
60,entry,0,49,,
60,entry,2,27,,
60,entry,3,,46,
60,entry,4,3,,
60,entry,5,,82,
60,entry,6,10,,
60,entry,7,29,,7
60,entry,8,39,,
60,entry,9,79,,
60,entry,10,59,,
60,entry,13,17,,
60,entry,14,4,,
60,entry,15,9,,1
60,entry,16,,37,
60,entry,17,18,,
60,entry,18,38,,
60,entry,19,,64,
60,entry,20,70,,
60,entry,24,14,,8
60,entry,25,2,,
60,entry,26,15,,
60,entry,27,90,,
60,entry,28,,19,
60,entry,29,7,,
60,entry,30,60,,2
60,entry,35,,28,
60,entry,36,25,,
60,entry,37,80,,
60,entry,38,57,,
60,entry,39,,73,6
60,entry,40,68,,
60,entry,46,26,,
60,entry,47,0,,4
60,entry,48,19,,
60,entry,49,40,,
60,entry,50,,55,
60,entry,57,48,,
60,entry,58,5,,
60,entry,59,50,,3
60,entry,60,6,,
60,entry,68,13,,
60,entry,69,46,,
60,entry,70,37,,
60,entry,79,36,,
60,entry,80,47,,
60,entry,90,20,,
60,start,2,28,,5
60,start,3,58,,
60,start,4,30,,
60,start,5,16,,
60,start,6,69,,
60,start,7,35,,
60,start,8,8,,
60,start,9,24,,
61,entry,0,90,,5
61,entry,2,46,,2 4
61,entry,3,69,,
61,entry,4,19,,
61,entry,5,36,,
61,entry,6,35,,
61,entry,7,0,,
61,entry,8,3,,
61,entry,9,37,,
61,entry,10,79,,
61,entry,13,38,,
61,entry,14,,28,
61,entry,15,,82,
61,entry,16,,55,
61,entry,17,29,,
61,entry,18,6,,
61,entry,19,48,,
61,entry,20,,37,
61,entry,24,59,,
61,entry,25,9,,
61,entry,26,,46,
61,entry,27,39,,
61,entry,28,8,,
61,entry,29,4,,
61,entry,30,68,,7
61,entry,35,,73,
61,entry,36,70,,
61,entry,37,49,,
61,entry,38,18,,
61,entry,39,16,,1
61,entry,40,30,,
61,entry,46,26,,
61,entry,47,28,,6
61,entry,48,13,,
61,entry,49,47,,8
61,entry,50,40,,
61,entry,57,25,,
61,entry,58,50,,
61,entry,59,80,,
61,entry,60,,64,
61,entry,68,60,,
61,entry,69,14,,
61,entry,70,7,,3
61,entry,79,24,,
61,entry,80,2,,
61,entry,90,27,,
61,start,2,5,,
61,start,3,10,,
61,start,4,,19,
61,start,5,15,,
61,start,6,58,,
61,start,7,17,,
61,start,8,20,,
61,start,9,57,,
62,entry,0,46,,
62,entry,2,38,,
62,entry,3,79,,8
62,entry,4,,46,
62,entry,5,15,,
62,entry,6,24,,4
62,entry,7,80,,
62,entry,8,18,,
62,entry,9,9,,
62,entry,10,,64,
62,entry,13,59,,
62,entry,14,20,,
62,entry,15,,28,6
62,entry,16,60,,
62,entry,17,69,,
62,entry,18,28,,5
62,entry,19,48,,
62,entry,20,7,,
62,entry,24,47,,
62,entry,25,27,,
62,entry,26,58,,
62,entry,27,2,,2
62,entry,28,70,,
62,entry,29,,19,
62,entry,30,30,,1
62,entry,35,25,,3
62,entry,36,6,,
62,entry,37,35,,
62,entry,38,16,,
62,entry,39,10,,
62,entry,40,68,,
62,entry,46,,82,7
62,entry,47,,55,
62,entry,48,36,,
62,entry,49,49,,
62,entry,50,40,,
62,entry,57,14,,
62,entry,58,,37,
62,entry,59,57,,
62,entry,60,90,,
62,entry,68,4,,
62,entry,69,,73,
62,entry,70,19,,
62,entry,79,8,,
62,entry,80,29,,
62,entry,90,3,,
62,start,2,37,,
62,start,3,39,,
62,start,4,26,,
62,start,5,50,,
62,start,6,13,,
62,start,7,17,,
62,start,8,5,,
62,start,9,0,,
63,entry,0,,55,
63,entry,2,35,,
63,entry,3,60,,
63,entry,4,28,,
63,entry,5,48,,
63,entry,6,46,,
63,entry,7,47,,
63,entry,8,57,,
63,entry,9,26,,
63,entry,10,6,,
63,entry,13,30,,
63,entry,14,27,,1 7
63,entry,15,25,,2
63,entry,16,,64,
63,entry,17,68,,5
63,entry,18,,73,4
63,entry,19,,82,
63,entry,20,16,,
63,entry,24,50,,
63,entry,25,20,,
63,entry,26,7,,
63,entry,27,39,,
63,entry,28,19,,6
63,entry,29,70,,
63,entry,30,79,,
63,entry,35,18,,
63,entry,36,37,,
63,entry,37,40,,
63,entry,38,,46,
63,entry,39,,37,
63,entry,40,5,,
63,entry,46,38,,
63,entry,47,69,,
63,entry,48,17,,
63,entry,49,4,,
63,entry,50,15,,3
63,entry,57,80,,
63,entry,58,3,,
63,entry,59,14,,8
63,entry,60,59,,
63,entry,68,13,,
63,entry,69,,19,
63,entry,70,2,,
63,entry,79,36,,
63,entry,80,,28,
63,entry,90,58,,
63,start,2,90,,
63,start,3,10,,
63,start,4,49,,
63,start,5,9,,
63,start,6,29,,
63,start,7,0,,
63,start,8,8,,
63,start,9,24,,
64,entry,0,10,,
64,entry,2,70,,3
64,entry,3,15,,
64,entry,4,0,,
64,entry,5,26,,
64,entry,6,46,,
64,entry,7,,19,
64,entry,8,9,,
64,entry,9,5,,
64,entry,10,59,,
64,entry,13,25,,6
64,entry,14,58,,
64,entry,15,48,,
64,entry,16,,64,
64,entry,17,3,,
64,entry,18,17,,
64,entry,19,,28,
64,entry,20,69,,
64,entry,24,68,,
64,entry,25,18,,
64,entry,26,80,,2 4
64,entry,27,38,,
64,entry,28,27,,
64,entry,29,28,,
64,entry,30,7,,
64,entry,35,79,,
64,entry,36,16,,
64,entry,37,4,,
64,entry,38,37,,
64,entry,39,,82,
64,entry,40,,55,
64,entry,46,2,,
64,entry,47,,73,
64,entry,48,47,,8
64,entry,49,90,,7
64,entry,50,39,,
64,entry,57,36,,
64,entry,58,40,,
64,entry,59,30,,
64,entry,60,35,,
64,entry,68,,37,
64,entry,69,29,,5
64,entry,70,19,,1
64,entry,79,14,,
64,entry,80,24,,
64,entry,90,,46,
64,start,2,49,,
64,start,3,8,,
64,start,4,50,,
64,start,5,13,,
64,start,6,6,,
64,start,7,60,,
64,start,8,20,,
64,start,9,57,,
65,entry,0,3,,
65,entry,2,70,,7
65,entry,3,39,,
65,entry,4,40,,
65,entry,5,46,,
65,entry,6,10,,3
65,entry,7,17,,2
65,entry,8,59,,
65,entry,9,24,,
65,entry,10,80,,
65,entry,13,60,,
65,entry,14,57,,6
65,entry,15,50,,
65,entry,16,4,,
65,entry,17,58,,
65,entry,18,,82,
65,entry,19,19,,
65,entry,20,35,,
65,entry,24,29,,
65,entry,25,48,,
65,entry,26,28,,
65,entry,27,20,,
65,entry,28,,55,
65,entry,29,13,,5
65,entry,30,49,,
65,entry,35,,19,
65,entry,36,90,,
65,entry,37,30,,
65,entry,38,6,,
65,entry,39,15,,
65,entry,40,9,,
65,entry,46,47,,1
65,entry,47,69,,
65,entry,48,16,,
65,entry,49,,73,
65,entry,50,37,,
65,entry,57,79,,8
65,entry,58,14,,
65,entry,59,8,,
65,entry,60,68,,4
65,entry,68,26,,
65,entry,69,,46,
65,entry,70,25,,
65,entry,79,38,,
65,entry,80,18,,
65,entry,90,27,,
65,start,2,36,,
65,start,3,,64,
65,start,4,,37,
65,start,5,2,,
65,start,6,7,,
65,start,7,,28,
65,start,8,5,,
65,start,9,0,,
66,entry,0,35,,
66,entry,2,13,,
66,entry,3,,28,
66,entry,4,,82,
66,entry,5,5,,
66,entry,6,29,,4
66,entry,7,,19,
66,entry,8,10,,
66,entry,9,16,,
66,entry,10,,55,
66,entry,13,3,,
66,entry,14,38,,
66,entry,15,15,,
66,entry,16,48,,
66,entry,17,80,,
66,entry,18,36,,
66,entry,19,0,,
66,entry,20,37,,
66,entry,24,69,,
66,entry,25,25,,
66,entry,26,39,,
66,entry,27,,73,7
66,entry,28,,64,
66,entry,29,79,,
66,entry,30,47,,
66,entry,35,26,,1
66,entry,36,2,,
66,entry,37,18,,
66,entry,38,7,,
66,entry,39,20,,
66,entry,40,90,,
66,entry,46,70,,
66,entry,47,49,,
66,entry,48,59,,
66,entry,49,46,,
66,entry,50,60,,2
66,entry,57,19,,
66,entry,58,17,,
66,entry,59,27,,6
66,entry,60,68,,
66,entry,68,57,,
66,entry,69,40,,
66,entry,70,4,,
66,entry,79,50,,3
66,entry,80,14,,8
66,entry,90,6,,
66,start,2,28,,5
66,start,3,58,,
66,start,4,30,,
66,start,5,,46,
66,start,6,9,,
66,start,7,,37,
66,start,8,8,,
66,start,9,24,,
67,entry,0,29,,
67,entry,2,14,,
67,entry,3,50,,
67,entry,4,8,,
67,entry,5,69,,
67,entry,6,30,,
67,entry,7,17,,
67,entry,8,46,,7
67,entry,9,4,,
67,entry,10,39,,
67,entry,13,60,,
67,entry,14,18,,
67,entry,15,24,,
67,entry,16,10,,
67,entry,17,27,,
67,entry,18,90,,2 4
67,entry,19,16,,
67,entry,20,,64,
67,entry,24,79,,
67,entry,25,68,,
67,entry,26,,82,1
67,entry,27,2,,3
67,entry,28,,73,5
67,entry,29,26,,
67,entry,30,28,,6
67,entry,35,6,,
67,entry,36,,37,
67,entry,37,48,,
67,entry,38,80,,
67,entry,39,36,,
67,entry,40,25,,
67,entry,46,59,,
67,entry,47,3,,
67,entry,48,0,,
67,entry,49,19,,
67,entry,50,35,,
67,entry,57,13,,
67,entry,58,,19,
67,entry,59,58,,
67,entry,60,,55,
67,entry,68,7,,
67,entry,69,37,,
67,entry,70,,46,
67,entry,79,70,,
67,entry,80,49,,
67,entry,90,9,,
67,start,2,5,,
67,start,3,47,,8
67,start,4,38,,
67,start,5,15,,
67,start,6,40,,
67,start,7,,28,
67,start,8,20,,
67,start,9,57,,
68,entry,0,59,,7
68,entry,2,,55,
68,entry,3,2,,2
68,entry,4,69,,
68,entry,5,24,,
68,entry,6,46,,
68,entry,7,13,,
68,entry,8,9,,
68,entry,9,25,,
68,entry,10,15,,4
68,entry,13,35,,
68,entry,14,79,,8
68,entry,15,16,,
68,entry,16,,64,
68,entry,17,,37,
68,entry,18,30,,1
68,entry,19,20,,
68,entry,20,14,,
68,entry,24,18,,
68,entry,25,37,,
68,entry,26,7,,
68,entry,27,48,,
68,entry,28,49,,
68,entry,29,47,,
68,entry,30,58,,
68,entry,35,3,,
68,entry,36,17,,
68,entry,37,,19,
68,entry,38,40,,
68,entry,39,,46,
68,entry,40,6,,
68,entry,46,28,,5
68,entry,47,26,,
68,entry,48,90,,
68,entry,49,8,,
68,entry,50,60,,
68,entry,57,36,,
68,entry,58,70,,
68,entry,59,38,,
68,entry,60,57,,
68,entry,68,80,,
68,entry,69,68,,
68,entry,70,,28,6
68,entry,79,,82,
68,entry,80,29,,
68,entry,90,,73,3
68,start,2,39,,
68,start,3,50,,
68,start,4,27,,
68,start,5,4,,
68,start,6,10,,
68,start,7,19,,
68,start,8,5,,
68,start,9,0,,
69,entry,0,4,,
69,entry,2,,37,
69,entry,3,79,,
69,entry,4,,82,
69,entry,5,35,,
69,entry,6,49,,
69,entry,7,90,,
69,entry,8,60,,
69,entry,9,38,,
69,entry,10,,73,
69,entry,13,37,,
69,entry,14,9,,4
69,entry,15,,55,
69,entry,16,36,,
69,entry,17,5,,
69,entry,18,14,,8
69,entry,19,48,,
69,entry,20,68,,5
69,entry,24,39,,6
69,entry,25,26,,
69,entry,26,19,,
69,entry,27,15,,3
69,entry,28,30,,
69,entry,29,58,,
69,entry,30,40,,
69,entry,35,46,,
69,entry,36,70,,
69,entry,37,80,,
69,entry,38,6,,
69,entry,39,25,,2
69,entry,40,50,,
69,entry,46,,46,
69,entry,47,3,,
69,entry,48,16,,
69,entry,49,20,,
69,entry,50,,19,
69,entry,57,13,,
69,entry,58,17,,
69,entry,59,18,,
69,entry,60,2,,
69,entry,68,27,,
69,entry,69,28,,
69,entry,70,,64,
69,entry,79,47,,1 7
69,entry,80,7,,
69,entry,90,57,,
69,start,2,,28,
69,start,3,10,,
69,start,4,69,,
69,start,5,29,,
69,start,6,59,,
69,start,7,0,,
69,start,8,8,,
69,start,9,24,,
70,entry,0,5,,
70,entry,2,,46,
70,entry,3,19,,1
70,entry,4,6,,
70,entry,5,3,,
70,entry,6,,64,
70,entry,7,68,,
70,entry,8,26,,
70,entry,9,,73,
70,entry,10,49,,
70,entry,13,24,,
70,entry,14,39,,
70,entry,15,27,,
70,entry,16,7,,
70,entry,17,90,,
70,entry,18,30,,
70,entry,19,38,,
70,entry,20,28,,
70,entry,24,2,,
70,entry,25,37,,
70,entry,26,15,,
70,entry,27,46,,
70,entry,28,40,,
70,entry,29,48,,7
70,entry,30,,82,
70,entry,35,18,,
70,entry,36,25,,6
70,entry,37,35,,
70,entry,38,79,,
70,entry,39,4,,
70,entry,40,13,,
70,entry,46,70,,3
70,entry,47,,55,
70,entry,48,8,,
70,entry,49,16,,
70,entry,50,,37,
70,entry,57,,28,
70,entry,58,80,,2 4
70,entry,59,58,,
70,entry,60,29,,5
70,entry,68,,19,
70,entry,69,59,,
70,entry,70,14,,
70,entry,79,36,,
70,entry,80,9,,
70,entry,90,47,,8
70,start,2,17,,
70,start,3,10,,
70,start,4,50,,
70,start,5,69,,
70,start,6,0,,
70,start,7,60,,
70,start,8,20,,
70,start,9,57,,
71,entry,0,18,,
71,entry,2,25,,
71,entry,3,7,,
71,entry,4,35,,
71,entry,5,47,,
71,entry,6,,19,
71,entry,7,28,,
71,entry,8,58,,
71,entry,9,,73,
71,entry,10,39,,
71,entry,13,17,,4
71,entry,14,15,,
71,entry,15,36,,
71,entry,16,40,,
71,entry,17,90,,
71,entry,18,20,,
71,entry,19,27,,
71,entry,20,49,,
71,entry,24,37,,
71,entry,25,3,,
71,entry,26,57,,6
71,entry,27,,46,1
71,entry,28,30,,
71,entry,29,4,,
71,entry,30,68,,
71,entry,35,50,,
71,entry,36,,82,
71,entry,37,10,,7
71,entry,38,8,,
71,entry,39,14,,
71,entry,40,60,,5
71,entry,46,9,,
71,entry,47,16,,
71,entry,48,,55,
71,entry,49,24,,
71,entry,50,46,,
71,entry,57,48,,
71,entry,58,6,,3
71,entry,59,13,,
71,entry,60,,64,
71,entry,68,80,,
71,entry,69,69,,
71,entry,70,,37,
71,entry,79,29,,2
71,entry,80,59,,
71,entry,90,38,,
71,start,2,79,,8
71,start,3,26,,
71,start,4,70,,
71,start,5,2,,
71,start,6,19,,
71,start,7,,28,
71,start,8,5,,
71,start,9,0,,
72,entry,0,,19,
72,entry,2,80,,
72,entry,3,69,,4
72,entry,4,18,,
72,entry,5,47,,
72,entry,6,36,,
72,entry,7,5,,
72,entry,8,68,,
72,entry,9,,28,
72,entry,10,0,,
72,entry,13,48,,
72,entry,14,39,,
72,entry,15,29,,
72,entry,16,25,,
72,entry,17,15,,
72,entry,18,,37,
72,entry,19,3,,
72,entry,20,10,,
72,entry,24,59,,
72,entry,25,9,,
72,entry,26,26,,
72,entry,27,17,,6
72,entry,28,4,,
72,entry,29,,46,
72,entry,30,20,,
72,entry,35,57,,7
72,entry,36,49,,
72,entry,37,40,,
72,entry,38,,55,
72,entry,39,35,,
72,entry,40,46,,
72,entry,46,16,,
72,entry,47,50,,3
72,entry,48,6,,
72,entry,49,7,,
72,entry,50,,64,1
72,entry,57,70,,
72,entry,58,90,,
72,entry,59,,73,
72,entry,60,27,,
72,entry,68,79,,
72,entry,69,19,,
72,entry,70,37,,
72,entry,79,60,,2
72,entry,80,,82,
72,entry,90,2,,
72,start,2,28,,5
72,start,3,58,,
72,start,4,30,,
72,start,5,14,,8
72,start,6,38,,
72,start,7,13,,
72,start,8,8,,
72,start,9,24,,
73,entry,0,9,,
73,entry,2,48,,
73,entry,3,46,,
73,entry,4,,73,
73,entry,5,13,,
73,entry,6,28,,6
73,entry,7,50,,
73,entry,8,70,,
73,entry,9,36,,
73,entry,10,38,,2 4
73,entry,13,40,,
73,entry,14,,82,
73,entry,15,27,,
73,entry,16,25,,
73,entry,17,60,,
73,entry,18,24,,
73,entry,19,49,,
73,entry,20,16,,5
73,entry,24,19,,
73,entry,25,37,,
73,entry,26,35,,
73,entry,27,3,,
73,entry,28,,64,
73,entry,29,59,,
73,entry,30,,28,
73,entry,35,47,,8
73,entry,36,,55,
73,entry,37,29,,
73,entry,38,6,,
73,entry,39,79,,
73,entry,40,14,,
73,entry,46,,46,
73,entry,47,39,,
73,entry,48,8,,
73,entry,49,7,,
73,entry,50,10,,
73,entry,57,2,,
73,entry,58,18,,
73,entry,59,17,,1
73,entry,60,90,,
73,entry,68,80,,
73,entry,69,69,,
73,entry,70,,19,7
73,entry,79,,37,
73,entry,80,30,,
73,entry,90,58,,3
73,start,2,5,,
73,start,3,4,,
73,start,4,26,,
73,start,5,15,,
73,start,6,0,,
73,start,7,68,,
73,start,8,20,,
73,start,9,57,,
74,entry,0,37,,
74,entry,2,10,,
74,entry,3,60,,
74,entry,4,49,,
74,entry,5,59,,
74,entry,6,48,,
74,entry,7,40,,
74,entry,8,19,,
74,entry,9,,82,
74,entry,10,2,,2
74,entry,13,70,,
74,entry,14,16,,
74,entry,15,69,,
74,entry,16,,19,
74,entry,17,90,,
74,entry,18,38,,
74,entry,19,,28,6
74,entry,20,35,,
74,entry,24,13,,
74,entry,25,79,,8
74,entry,26,,73,
74,entry,27,,64,
74,entry,28,,37,
74,entry,29,,46,
74,entry,30,,55,
74,entry,35,28,,5
74,entry,36,8,,
74,entry,37,46,,7
74,entry,38,4,,
74,entry,39,9,,3
74,entry,40,7,,
74,entry,46,18,,
74,entry,47,15,,
74,entry,48,14,,
74,entry,49,3,,
74,entry,50,17,,4
74,entry,57,25,,
74,entry,58,30,,1
74,entry,59,20,,
74,entry,60,39,,
74,entry,68,36,,
74,entry,69,47,,
74,entry,70,58,,
74,entry,79,57,,
74,entry,80,6,,
74,entry,90,68,,
74,start,2,26,,
74,start,3,27,,
74,start,4,80,,
74,start,5,29,,
74,start,6,50,,
74,start,7,24,,
74,start,8,5,,
74,start,9,0,,
75,entry,0,7,,
75,entry,2,,64,
75,entry,3,59,,
75,entry,4,19,,
75,entry,5,35,,6
75,entry,6,26,,
75,entry,7,39,,
75,entry,8,,19,
75,entry,9,28,,
75,entry,10,,55,
75,entry,13,79,,
75,entry,14,13,,
75,entry,15,36,,
75,entry,16,38,,
75,entry,17,48,,
75,entry,18,46,,
75,entry,19,,28,1 7
75,entry,20,6,,
75,entry,24,68,,5
75,entry,25,2,,
75,entry,26,58,,
75,entry,27,14,,8
75,entry,28,5,,
75,entry,29,27,,
75,entry,30,40,,
75,entry,35,9,,
75,entry,36,,37,
75,entry,37,70,,
75,entry,38,15,,3
75,entry,39,37,,
75,entry,40,50,,
75,entry,46,4,,4
75,entry,47,47,,
75,entry,48,17,,
75,entry,49,30,,
75,entry,50,60,,
75,entry,57,57,,
75,entry,58,,73,
75,entry,59,69,,
75,entry,60,29,,
75,entry,68,,82,
75,entry,69,80,,
75,entry,70,25,,2
75,entry,79,90,,
75,entry,80,20,,
75,entry,90,18,,
75,start,2,3,,
75,start,3,10,,
75,start,4,16,,
75,start,5,,46,
75,start,6,49,,
75,start,7,0,,
75,start,8,8,,
75,start,9,24,,
76,entry,0,,28,
76,entry,2,2,,
76,entry,3,7,,
76,entry,4,9,,
76,entry,5,30,,
76,entry,6,,46,
76,entry,7,36,,
76,entry,8,,73,
76,entry,9,35,,
76,entry,10,79,,
76,entry,13,17,,
76,entry,14,46,,
76,entry,15,40,,
76,entry,16,5,,
76,entry,17,16,,
76,entry,18,15,,
76,entry,19,0,,
76,entry,20,90,,
76,entry,24,,64,
76,entry,25,29,,5
76,entry,26,10,,
76,entry,27,39,,
76,entry,28,25,,6
76,entry,29,13,,
76,entry,30,27,,
76,entry,35,14,,
76,entry,36,28,,
76,entry,37,,55,
76,entry,38,70,,3
76,entry,39,37,,
76,entry,40,3,,
76,entry,46,,82,
76,entry,47,19,,1
76,entry,48,69,,7
76,entry,49,68,,
76,entry,50,,37,
76,entry,57,24,,
76,entry,58,48,,
76,entry,59,49,,
76,entry,60,4,,
76,entry,68,58,,
76,entry,69,59,,
76,entry,70,6,,
76,entry,79,47,,8
76,entry,80,26,,
76,entry,90,80,,2 4
76,start,2,38,,
76,start,3,18,,
76,start,4,50,,
76,start,5,,19,
76,start,6,8,,
76,start,7,60,,
76,start,8,20,,
76,start,9,57,,
77,entry,0,68,,
77,entry,2,37,,
77,entry,3,25,,
77,entry,4,,46,
77,entry,5,3,,
77,entry,6,57,,6
77,entry,7,7,,1
77,entry,8,30,,
77,entry,9,50,,
77,entry,10,26,,
77,entry,13,18,,
77,entry,14,4,,
77,entry,15,19,,
77,entry,16,36,,
77,entry,17,,73,
77,entry,18,6,,
77,entry,19,60,,
77,entry,20,29,,5
77,entry,24,14,,4
77,entry,25,35,,
77,entry,26,46,,
77,entry,27,80,,
77,entry,28,16,,
77,entry,29,,64,
77,entry,30,69,,
77,entry,35,8,,
77,entry,36,13,,
77,entry,37,48,,
77,entry,38,47,,3
77,entry,39,59,,
77,entry,40,79,,8
77,entry,46,,37,
77,entry,47,,19,
77,entry,48,49,,
77,entry,49,9,,7
77,entry,50,10,,
77,entry,57,40,,
77,entry,58,28,,
77,entry,59,27,,2
77,entry,60,,82,
77,entry,68,90,,
77,entry,69,58,,
77,entry,70,38,,
77,entry,79,20,,
77,entry,80,,55,
77,entry,90,24,,
77,start,2,15,,
77,start,3,70,,
77,start,4,39,,
77,start,5,2,,
77,start,6,17,,
77,start,7,,28,
77,start,8,5,,
77,start,9,0,,
78,entry,0,17,,
78,entry,2,16,,
78,entry,3,60,,2
78,entry,4,20,,
78,entry,5,35,,
78,entry,6,10,,1
78,entry,7,38,,
78,entry,8,19,,
78,entry,9,13,,
78,entry,10,57,,
78,entry,13,68,,
78,entry,14,46,,
78,entry,15,,55,
78,entry,16,15,,
78,entry,17,14,,8
78,entry,18,49,,7
78,entry,19,36,,
78,entry,20,,73,
78,entry,24,29,,
78,entry,25,37,,
78,entry,26,25,,
78,entry,27,80,,
78,entry,28,18,,
78,entry,29,70,,
78,entry,30,3,,
78,entry,35,47,,
78,entry,36,26,,
78,entry,37,90,,
78,entry,38,2,,
78,entry,39,5,,
78,entry,40,79,,
78,entry,46,,46,
78,entry,47,,19,
78,entry,48,7,,
78,entry,49,,28,
78,entry,50,,37,
78,entry,57,0,,
78,entry,58,59,,4
78,entry,59,,82,
78,entry,60,4,,
78,entry,68,48,,
78,entry,69,39,,
78,entry,70,9,,6
78,entry,79,69,,
78,entry,80,40,,
78,entry,90,50,,3
78,start,2,28,,5
78,start,3,58,,
78,start,4,30,,
78,start,5,27,,
78,start,6,,64,
78,start,7,6,,
78,start,8,8,,
78,start,9,24,,
79,entry,0,16,,
79,entry,2,37,,1
79,entry,3,79,,
79,entry,4,68,,
79,entry,5,90,,
79,entry,6,2,,2 4
79,entry,7,14,,
79,entry,8,,55,
79,entry,9,60,,
79,entry,10,7,,7
79,entry,13,27,,
79,entry,14,,37,
79,entry,15,,19,
79,entry,16,48,,5
79,entry,17,19,,
79,entry,18,,46,
79,entry,19,46,,
79,entry,20,30,,
79,entry,24,4,,
79,entry,25,,82,
79,entry,26,36,,
79,entry,27,49,,
79,entry,28,,64,
79,entry,29,29,,
79,entry,30,24,,
79,entry,35,3,,3
79,entry,36,,28,
79,entry,37,9,,
79,entry,38,47,,8
79,entry,39,39,,
79,entry,40,59,,
79,entry,46,10,,
79,entry,47,26,,
79,entry,48,,73,
79,entry,49,17,,
79,entry,50,6,,
79,entry,57,69,,
79,entry,58,70,,
79,entry,59,28,,6
79,entry,60,8,,
79,entry,68,80,,
79,entry,69,25,,
79,entry,70,18,,
79,entry,79,35,,
79,entry,80,40,,
79,entry,90,50,,
79,start,2,5,,
79,start,3,38,,
79,start,4,58,,
79,start,5,15,,
79,start,6,0,,
79,start,7,13,,
79,start,8,20,,
79,start,9,57,,
80,entry,0,36,,
80,entry,2,26,,
80,entry,3,38,,
80,entry,4,47,,
80,entry,5,,64,
80,entry,6,58,,
80,entry,7,2,,2
80,entry,8,10,,
80,entry,9,,19,
80,entry,10,30,,1
80,entry,13,,46,
80,entry,14,19,,
80,entry,15,39,,3
80,entry,16,6,,
80,entry,17,35,,
80,entry,18,16,,
80,entry,19,57,,
80,entry,20,17,,
80,entry,24,49,,
80,entry,25,,82,
80,entry,26,25,,
80,entry,27,,55,
80,entry,28,24,,
80,entry,29,,73,
80,entry,30,40,,
80,entry,35,20,,
80,entry,36,29,,
80,entry,37,4,,
80,entry,38,13,,
80,entry,39,8,,
80,entry,40,90,,
80,entry,46,,28,6
80,entry,47,68,,4
80,entry,48,,37,
80,entry,49,18,,
80,entry,50,3,,
80,entry,57,79,,8
80,entry,58,70,,
80,entry,59,50,,
80,entry,60,37,,
80,entry,68,59,,
80,entry,69,60,,
80,entry,70,27,,7
80,entry,79,28,,5
80,entry,80,15,,
80,entry,90,48,,
80,start,2,7,,
80,start,3,9,,
80,start,4,14,,
80,start,5,69,,
80,start,6,80,,
80,start,7,46,,
80,start,8,5,,
80,start,9,0,,
81,entry,0,9,,6
81,entry,2,57,,4
81,entry,3,80,,
81,entry,4,50,,
81,entry,5,69,,
81,entry,6,15,,3
81,entry,7,,46,
81,entry,8,20,,
81,entry,9,14,,8
81,entry,10,13,,
81,entry,13,47,,
81,entry,14,60,,
81,entry,15,,73,
81,entry,16,49,,
81,entry,17,35,,
81,entry,18,18,,
81,entry,19,90,,
81,entry,20,16,,
81,entry,24,59,,
81,entry,25,70,,
81,entry,26,,19,
81,entry,27,,55,
81,entry,28,28,,
81,entry,29,26,,
81,entry,30,,28,
81,entry,35,40,,
81,entry,36,2,,
81,entry,37,6,,
81,entry,38,17,,1 7
81,entry,39,36,,
81,entry,40,3,,
81,entry,46,27,,
81,entry,47,,37,
81,entry,48,19,,
81,entry,49,46,,
81,entry,50,37,,
81,entry,57,5,,
81,entry,58,29,,
81,entry,59,,64,
81,entry,60,68,,5
81,entry,68,30,,
81,entry,69,7,,
81,entry,70,48,,
81,entry,79,25,,2
81,entry,80,58,,
81,entry,90,4,,
81,start,2,79,,
81,start,3,10,,
81,start,4,39,,
81,start,5,,82,
81,start,6,38,,
81,start,7,0,,
81,start,8,8,,
81,start,9,24,,
82,entry,0,29,,5
82,entry,2,6,,
82,entry,3,,82,
82,entry,4,5,,
82,entry,5,,73,
82,entry,6,17,,
82,entry,7,46,,
82,entry,8,47,,8
82,entry,9,49,,
82,entry,10,14,,
82,entry,13,,19,
82,entry,14,68,,
82,entry,15,19,,1
82,entry,16,27,,
82,entry,17,,64,
82,entry,18,58,,
82,entry,19,26,,
82,entry,20,9,,
82,entry,24,28,,
82,entry,25,24,,
82,entry,26,40,,
82,entry,27,15,,
82,entry,28,10,,
82,entry,29,37,,
82,entry,30,69,,
82,entry,35,,46,
82,entry,36,38,,7
82,entry,37,25,,6
82,entry,38,36,,
82,entry,39,,55,
82,entry,40,79,,
82,entry,46,39,,
82,entry,47,70,,3
82,entry,48,,37,
82,entry,49,2,,
82,entry,50,0,,
82,entry,57,90,,
82,entry,58,4,,
82,entry,59,,28,
82,entry,60,35,,
82,entry,68,16,,
82,entry,69,30,,
82,entry,70,8,,
82,entry,79,80,,2 4
82,entry,80,18,,
82,entry,90,48,,
82,start,2,7,,
82,start,3,13,,
82,start,4,50,,
82,start,5,59,,
82,start,6,3,,
82,start,7,60,,
82,start,8,20,,
82,start,9,57,,
83,entry,0,6,,
83,entry,2,,55,
83,entry,3,4,,
83,entry,4,49,,
83,entry,5,9,,5
83,entry,6,25,,
83,entry,7,,82,
83,entry,8,40,,
83,entry,9,29,,
83,entry,10,39,,
83,entry,13,8,,
83,entry,14,38,,
83,entry,15,68,,7
83,entry,16,18,,
83,entry,17,35,,
83,entry,18,57,,6
83,entry,19,28,,
83,entry,20,59,,
83,entry,24,36,,
83,entry,25,15,,
83,entry,26,70,,
83,entry,27,10,,
83,entry,28,,46,
83,entry,29,90,,
83,entry,30,60,,2
83,entry,35,,73,
83,entry,36,80,,
83,entry,37,14,,
83,entry,38,26,,
83,entry,39,16,,1
83,entry,40,58,,
83,entry,46,24,,
83,entry,47,13,,
83,entry,48,27,,
83,entry,49,79,,8
83,entry,50,20,,
83,entry,57,,37,4
83,entry,58,37,,
83,entry,59,17,,
83,entry,60,30,,
83,entry,68,3,,
83,entry,69,48,,
83,entry,70,46,,
83,entry,79,,19,
83,entry,80,,64,
83,entry,90,7,,3
83,start,2,69,,
83,start,3,50,,
83,start,4,19,,
83,start,5,2,,
83,start,6,47,,
83,start,7,,28,
83,start,8,5,,
83,start,9,0,,
84,entry,0,46,,
84,entry,2,20,,
84,entry,3,70,,
84,entry,4,27,,
84,entry,5,35,,
84,entry,6,,28,
84,entry,7,,19,6
84,entry,8,29,,
84,entry,9,49,,
84,entry,10,,64,
84,entry,13,47,,
84,entry,14,37,,4
84,entry,15,13,,7
84,entry,16,6,,
84,entry,17,40,,
84,entry,18,69,,
84,entry,19,59,,
84,entry,20,7,,
84,entry,24,48,,
84,entry,25,18,,
84,entry,26,90,,
84,entry,27,50,,3
84,entry,28,80,,
84,entry,29,38,,
84,entry,30,,37,1
84,entry,35,,55,
84,entry,36,3,,
84,entry,37,15,,
84,entry,38,5,,
84,entry,39,16,,
84,entry,40,4,,
84,entry,46,10,,
84,entry,47,36,,
84,entry,48,79,,
84,entry,49,0,,
84,entry,50,14,,8
84,entry,57,2,,
84,entry,58,25,,
84,entry,59,60,,2
84,entry,60,,46,
84,entry,68,26,,
84,entry,69,68,,
84,entry,70,57,,
84,entry,79,19,,
84,entry,80,,73,
84,entry,90,,82,
84,start,2,28,,5
84,start,3,58,,
84,start,4,30,,
84,start,5,39,,
84,start,6,17,,
84,start,7,9,,
84,start,8,8,,
84,start,9,24,,
85,entry,0,0,,
85,entry,2,24,,
85,entry,3,,73,
85,entry,4,70,,
85,entry,5,69,,
85,entry,6,9,,
85,entry,7,37,,7
85,entry,8,10,,
85,entry,9,47,,8
85,entry,10,6,,
85,entry,13,38,,
85,entry,14,80,,1
85,entry,15,26,,
85,entry,16,,64,
85,entry,17,,28,
85,entry,18,90,,
85,entry,19,28,,6
85,entry,20,8,,
85,entry,24,46,,
85,entry,25,36,,
85,entry,26,7,,
85,entry,27,13,,2 4
85,entry,28,,19,
85,entry,29,25,,
85,entry,30,18,,
85,entry,35,3,,
85,entry,36,17,,
85,entry,37,49,,5
85,entry,38,2,,
85,entry,39,35,,
85,entry,40,48,,
85,entry,46,4,,3
85,entry,47,30,,
85,entry,48,19,,
85,entry,49,,55,
85,entry,50,50,,
85,entry,57,58,,
85,entry,58,79,,
85,entry,59,,46,
85,entry,60,60,,
85,entry,68,27,,
85,entry,69,,37,
85,entry,70,40,,
85,entry,79,14,,
85,entry,80,29,,
85,entry,90,39,,
85,start,2,5,,
85,start,3,68,,
85,start,4,59,,
85,start,5,15,,
85,start,6,,82,
85,start,7,16,,
85,start,8,20,,
85,start,9,57,,
86,entry,0,47,,
86,entry,2,20,,
86,entry,3,3,,3
86,entry,4,9,,
86,entry,5,10,,
86,entry,6,2,,2
86,entry,7,16,,
86,entry,8,39,,
86,entry,9,90,,
86,entry,10,15,,
86,entry,13,80,,
86,entry,14,,28,6
86,entry,15,58,,
86,entry,16,35,,
86,entry,17,,46,
86,entry,18,49,,
86,entry,19,13,,
86,entry,20,68,,
86,entry,24,7,,
86,entry,25,6,,
86,entry,26,,55,
86,entry,27,8,,
86,entry,28,59,,
86,entry,29,,37,
86,entry,30,38,,
86,entry,35,,82,
86,entry,36,60,,
86,entry,37,18,,
86,entry,38,69,,
86,entry,39,4,,
86,entry,40,26,,
86,entry,46,70,,4
86,entry,47,57,,
86,entry,48,29,,
86,entry,49,14,,
86,entry,50,36,,
86,entry,57,37,,7
86,entry,58,28,,5
86,entry,59,48,,
86,entry,60,46,,
86,entry,68,50,,
86,entry,69,,19,
86,entry,70,30,,1
86,entry,79,25,,
86,entry,80,27,,
86,entry,90,40,,
86,start,2,17,,
86,start,3,19,,
86,start,4,24,,
86,start,5,79,,8
86,start,6,,73,
86,start,7,,64,
86,start,8,5,,
86,start,9,0,,
87,entry,0,,37,
87,entry,2,15,,3
87,entry,3,36,,
87,entry,4,,82,
87,entry,5,79,,
87,entry,6,25,,2
87,entry,7,58,,
87,entry,8,17,,
87,entry,9,49,,
87,entry,10,,55,
87,entry,13,5,,
87,entry,14,9,,
87,entry,15,4,,
87,entry,16,20,,
87,entry,17,,28,
87,entry,18,59,,
87,entry,19,48,,
87,entry,20,6,,
87,entry,24,19,,
87,entry,25,30,,
87,entry,26,18,,
87,entry,27,3,,
87,entry,28,68,,5
87,entry,29,69,,
87,entry,30,27,,
87,entry,35,,73,
87,entry,36,28,,
87,entry,37,40,,
87,entry,38,47,,
87,entry,39,80,,4
87,entry,40,38,,
87,entry,46,39,,1 7
87,entry,47,50,,
87,entry,48,57,,
87,entry,49,2,,6
87,entry,50,90,,
87,entry,57,60,,
87,entry,58,46,,
87,entry,59,26,,
87,entry,60,70,,
87,entry,68,,64,
87,entry,69,29,,
87,entry,70,14,,8
87,entry,79,16,,
87,entry,80,,46,
87,entry,90,35,,
87,start,2,7,,
87,start,3,10,,
87,start,4,13,,
87,start,5,,19,
87,start,6,37,,
87,start,7,0,,
87,start,8,8,,
87,start,9,24,,
88,entry,0,58,,
88,entry,2,,82,
88,entry,3,,37,
88,entry,4,24,,
88,entry,5,,19,
88,entry,6,70,,3
88,entry,7,,73,
88,entry,8,2,,
88,entry,9,6,,
88,entry,10,7,,
88,entry,13,28,,
88,entry,14,,46,
88,entry,15,39,,
88,entry,16,48,,
88,entry,17,38,,
88,entry,18,80,,2 4
88,entry,19,3,,
88,entry,20,29,,5
88,entry,24,5,,
88,entry,25,90,,
88,entry,26,0,,
88,entry,27,59,,
88,entry,28,18,,
88,entry,29,4,,
88,entry,30,14,,
88,entry,35,19,,1
88,entry,36,10,,
88,entry,37,69,,
88,entry,38,13,,
88,entry,39,68,,
88,entry,40,9,,
88,entry,46,,28,7
88,entry,47,15,,
88,entry,48,,64,
88,entry,49,8,,
88,entry,50,30,,
88,entry,57,25,,6
88,entry,58,49,,
88,entry,59,46,,
88,entry,60,40,,
88,entry,68,47,,8
88,entry,69,35,,
88,entry,70,26,,
88,entry,79,,55,
88,entry,80,36,,
88,entry,90,17,,
88,start,2,79,,
88,start,3,37,,
88,start,4,50,,
88,start,5,16,,
88,start,6,27,,
88,start,7,60,,
88,start,8,20,,
88,start,9,57,,
89,entry,0,35,,
89,entry,2,13,,
89,entry,3,,73,
89,entry,4,39,,
89,entry,5,48,,
89,entry,6,28,,
89,entry,7,20,,
89,entry,8,16,,
89,entry,9,,37,5
89,entry,10,79,,8
89,entry,13,3,,
89,entry,14,49,,
89,entry,15,,19,
89,entry,16,90,,
89,entry,17,30,,
89,entry,18,47,,
89,entry,19,8,,
89,entry,20,19,,
89,entry,24,15,,
89,entry,25,40,,
89,entry,26,27,,1
89,entry,27,50,,
89,entry,28,17,,
89,entry,29,,55,
89,entry,30,68,,
89,entry,35,57,,6
89,entry,36,69,,
89,entry,37,60,,
89,entry,38,24,,
89,entry,39,6,,
89,entry,40,,82,4
89,entry,46,80,,7
89,entry,47,70,,3
89,entry,48,,64,
89,entry,49,46,,
89,entry,50,25,,
89,entry,57,14,,
89,entry,58,,46,2
89,entry,59,38,,
89,entry,60,18,,
89,entry,68,58,,
89,entry,69,10,,
89,entry,70,26,,
89,entry,79,9,,
89,entry,80,36,,
89,entry,90,29,,
89,start,2,59,,
89,start,3,7,,
89,start,4,4,,
89,start,5,2,,
89,start,6,37,,
89,start,7,,28,
89,start,8,5,,
89,start,9,0,,
90,entry,0,10,,
90,entry,2,36,,
90,entry,3,50,,3
90,entry,4,0,,
90,entry,5,29,,
90,entry,6,60,,2
90,entry,7,27,,
90,entry,8,70,,
90,entry,9,59,,
90,entry,10,20,,
90,entry,13,3,,
90,entry,14,49,,6
90,entry,15,,28,
90,entry,16,68,,
90,entry,17,,82,
90,entry,18,5,,1
90,entry,19,69,,4
90,entry,20,4,,
90,entry,24,40,,
90,entry,25,79,,
90,entry,26,47,,
90,entry,27,9,,
90,entry,28,46,,
90,entry,29,48,,
90,entry,30,39,,
90,entry,35,13,,
90,entry,36,57,,
90,entry,37,15,,
90,entry,38,,64,
90,entry,39,2,,
90,entry,40,80,,
90,entry,46,19,,
90,entry,47,25,,
90,entry,48,7,,
90,entry,49,6,,
90,entry,50,14,,8
90,entry,57,38,,
90,entry,58,16,,
90,entry,59,,46,
90,entry,60,,19,
90,entry,68,17,,
90,entry,69,35,,
90,entry,70,90,,7
90,entry,79,,55,
90,entry,80,18,,
90,entry,90,,37,
90,start,2,28,,5
90,start,3,58,,
90,start,4,30,,
90,start,5,,73,
90,start,6,26,,
90,start,7,37,,
90,start,8,8,,
90,start,9,24,,
91,entry,0,59,,7
91,entry,2,13,,
91,entry,3,46,,
91,entry,4,16,,
91,entry,5,,55,
91,entry,6,39,,
91,entry,7,18,,
91,entry,8,38,,
91,entry,9,49,,
91,entry,10,30,,
91,entry,13,19,,
91,entry,14,26,,
91,entry,15,,46,
91,entry,16,69,,
91,entry,17,90,,
91,entry,18,0,,
91,entry,19,27,,3
91,entry,20,,64,
91,entry,24,36,,
91,entry,25,79,,
91,entry,26,28,,6
91,entry,27,50,,
91,entry,28,10,,
91,entry,29,3,,
91,entry,30,7,,2 4
91,entry,35,4,,
91,entry,36,25,,
91,entry,37,60,,
91,entry,38,24,,
91,entry,39,47,,8
91,entry,40,2,,5
91,entry,46,35,,
91,entry,47,17,,
91,entry,48,,37,
91,entry,49,,73,
91,entry,50,40,,
91,entry,57,29,,
91,entry,58,6,,
91,entry,59,,82,
91,entry,60,70,,
91,entry,68,8,,
91,entry,69,80,,
91,entry,70,48,,
91,entry,79,14,,1
91,entry,80,58,,
91,entry,90,68,,
91,start,2,5,,
91,start,3,,19,
91,start,4,,28,
91,start,5,15,,
91,start,6,9,,
91,start,7,37,,
91,start,8,20,,
91,start,9,57,,
92,entry,0,90,,
92,entry,2,40,,
92,entry,3,30,,1
92,entry,4,80,,
92,entry,5,47,,
92,entry,6,,28,6
92,entry,7,26,,4 7
92,entry,8,3,,
92,entry,9,69,,
92,entry,10,25,,
92,entry,13,,46,
92,entry,14,13,,
92,entry,15,18,,
92,entry,16,14,,
92,entry,17,19,,
92,entry,18,50,,
92,entry,19,79,,8
92,entry,20,27,,
92,entry,24,,37,
92,entry,25,,73,
92,entry,26,57,,3
92,entry,27,58,,
92,entry,28,8,,
92,entry,29,10,,
92,entry,30,37,,
92,entry,35,38,,
92,entry,36,15,,
92,entry,37,6,,
92,entry,38,2,,2
92,entry,39,28,,5
92,entry,40,68,,
92,entry,46,20,,
92,entry,47,,82,
92,entry,48,35,,
92,entry,49,29,,
92,entry,50,48,,
92,entry,57,17,,
92,entry,58,,55,
92,entry,59,16,,
92,entry,60,,19,
92,entry,68,36,,
92,entry,69,70,,
92,entry,70,39,,
92,entry,79,,64,
92,entry,80,49,,
92,entry,90,59,,
92,start,2,24,,
92,start,3,7,,
92,start,4,60,,
92,start,5,9,,
92,start,6,46,,
92,start,7,4,,
92,start,8,5,,
92,start,9,0,,
93,entry,0,38,,
93,entry,2,16,,
93,entry,3,47,,
93,entry,4,90,,
93,entry,5,5,,
93,entry,6,4,,
93,entry,7,18,,
93,entry,8,,37,
93,entry,9,2,,
93,entry,10,48,,
93,entry,13,70,,
93,entry,14,69,,
93,entry,15,15,,3
93,entry,16,14,,8
93,entry,17,28,,
93,entry,18,79,,
93,entry,19,17,,
93,entry,20,60,,
93,entry,24,,28,
93,entry,25,29,,
93,entry,26,,46,
93,entry,27,6,,1 7
93,entry,28,39,,
93,entry,29,68,,5
93,entry,30,3,,
93,entry,35,80,,
93,entry,36,35,,
93,entry,37,,64,
93,entry,38,49,,
93,entry,39,36,,
93,entry,40,27,,
93,entry,46,,82,
93,entry,47,7,,
93,entry,48,59,,
93,entry,49,46,,
93,entry,50,37,,4
93,entry,57,30,,
93,entry,58,25,,2
93,entry,59,9,,
93,entry,60,,73,6
93,entry,68,20,,
93,entry,69,40,,
93,entry,70,58,,
93,entry,79,13,,
93,entry,80,,55,
93,entry,90,,19,
93,start,2,50,,
93,start,3,10,,
93,start,4,19,,
93,start,5,57,,
93,start,6,26,,
93,start,7,0,,
93,start,8,8,,
93,start,9,24,,
94,entry,0,59,,
94,entry,2,49,,
94,entry,3,70,,3
94,entry,4,58,,
94,entry,5,79,,
94,entry,6,80,,2 4
94,entry,7,,73,
94,entry,8,37,,
94,entry,9,28,,
94,entry,10,17,,
94,entry,13,30,,
94,entry,14,15,,
94,entry,15,0,,
94,entry,16,,55,
94,entry,17,35,,
94,entry,18,47,,8
94,entry,19,,82,
94,entry,20,,64,
94,entry,24,25,,6
94,entry,25,10,,7
94,entry,26,,19,
94,entry,27,36,,
94,entry,28,26,,
94,entry,29,40,,
94,entry,30,39,,
94,entry,35,48,,
94,entry,36,16,,
94,entry,37,6,,
94,entry,38,,37,
94,entry,39,13,,
94,entry,40,46,,
94,entry,46,38,,
94,entry,47,8,,
94,entry,48,4,,
94,entry,49,29,,5
94,entry,50,19,,1
94,entry,57,7,,
94,entry,58,90,,
94,entry,59,14,,
94,entry,60,24,,
94,entry,68,,28,
94,entry,69,9,,
94,entry,70,,46,
94,entry,79,27,,
94,entry,80,5,,
94,entry,90,2,,
94,start,2,68,,
94,start,3,69,,
94,start,4,50,,
94,start,5,3,,
94,start,6,18,,
94,start,7,60,,
94,start,8,20,,
94,start,9,57,,
95,entry,0,15,,
95,entry,2,,46,
95,entry,3,38,,
95,entry,4,9,,
95,entry,5,13,,
95,entry,6,14,,
95,entry,7,68,,
95,entry,8,48,,
95,entry,9,7,,
95,entry,10,,73,
95,entry,13,60,,
95,entry,14,19,,7
95,entry,15,36,,
95,entry,16,24,,4
95,entry,17,3,,
95,entry,18,,19,
95,entry,19,17,,3
95,entry,20,8,,
95,entry,24,,37,
95,entry,25,39,,5
95,entry,26,25,,
95,entry,27,29,,
95,entry,28,40,,
95,entry,29,59,,
95,entry,30,69,,
95,entry,35,,82,
95,entry,36,18,,
95,entry,37,35,,
95,entry,38,57,,6
95,entry,39,28,,
95,entry,40,4,,
95,entry,46,47,,
95,entry,47,50,,
95,entry,48,46,,
95,entry,49,90,,
95,entry,50,16,,2
95,entry,57,26,,
95,entry,58,,64,
95,entry,59,,55,1
95,entry,60,58,,
95,entry,68,37,,
95,entry,69,10,,
95,entry,70,20,,
95,entry,79,27,,
95,entry,80,30,,
95,entry,90,70,,
95,start,2,79,,8
95,start,3,80,,
95,start,4,49,,
95,start,5,2,,
95,start,6,6,,
95,start,7,,28,
95,start,8,5,,
95,start,9,0,,
96,entry,0,40,,
96,entry,2,2,,6
96,entry,3,3,,
96,entry,4,90,,
96,entry,5,68,,
96,entry,6,69,,
96,entry,7,0,,
96,entry,8,57,,
96,entry,9,20,,
96,entry,10,50,,3
96,entry,13,14,,8
96,entry,14,26,,
96,entry,15,29,,
96,entry,16,37,,
96,entry,17,10,,
96,entry,18,7,,
96,entry,19,,37,7
96,entry,20,,28,
96,entry,24,79,,
96,entry,25,39,,
96,entry,26,47,,
96,entry,27,,73,
96,entry,28,4,,
96,entry,29,18,,
96,entry,30,36,,
96,entry,35,80,,
96,entry,36,46,,
96,entry,37,,82,
96,entry,38,38,,
96,entry,39,6,,
96,entry,40,,46,
96,entry,46,60,,2
96,entry,47,9,,
96,entry,48,17,,
96,entry,49,5,,
96,entry,50,35,,
96,entry,57,59,,
96,entry,58,27,,1
96,entry,59,15,,4
96,entry,60,16,,
96,entry,68,,55,
96,entry,69,48,,
96,entry,70,,19,
96,entry,79,25,,
96,entry,80,13,,
96,entry,90,,64,
96,start,2,28,,5
96,start,3,58,,
96,start,4,30,,
96,start,5,49,,
96,start,6,70,,
96,start,7,19,,
96,start,8,8,,
96,start,9,24,,
97,entry,0,,64,
97,entry,2,70,,
97,entry,3,27,,2 4
97,entry,4,,19,
97,entry,5,49,,
97,entry,6,,46,
97,entry,7,39,,
97,entry,8,8,,
97,entry,9,7,,
97,entry,10,40,,
97,entry,13,3,,5
97,entry,14,2,,
97,entry,15,59,,
97,entry,16,14,,
97,entry,17,0,,
97,entry,18,18,,
97,entry,19,17,,1
97,entry,20,37,,
97,entry,24,69,,
97,entry,25,19,,
97,entry,26,,82,
97,entry,27,28,,6
97,entry,28,46,,
97,entry,29,58,,
97,entry,30,10,,
97,entry,35,4,,
97,entry,36,9,,
97,entry,37,25,,
97,entry,38,50,,
97,entry,39,26,,
97,entry,40,90,,
97,entry,46,68,,
97,entry,47,35,,
97,entry,48,60,,
97,entry,49,36,,
97,entry,50,47,,3 8
97,entry,57,,55,
97,entry,58,80,,
97,entry,59,24,,
97,entry,60,,37,
97,entry,68,29,,
97,entry,69,16,,
97,entry,70,38,,
97,entry,79,6,,
97,entry,80,48,,
97,entry,90,79,,7
97,start,2,5,,
97,start,3,,28,
97,start,4,13,,
97,start,5,15,,
97,start,6,30,,
97,start,7,,73,
97,start,8,20,,
97,start,9,57,,
98,entry,0,,64,
98,entry,2,28,,5
98,entry,3,4,,
98,entry,4,24,,
98,entry,5,80,,
98,entry,6,40,,
98,entry,7,38,,
98,entry,8,79,,8
98,entry,9,17,,
98,entry,10,16,,
98,entry,13,57,,
98,entry,14,,46,
98,entry,15,48,,
98,entry,16,90,,
98,entry,17,39,,
98,entry,18,70,,3
98,entry,19,27,,4
98,entry,20,29,,
98,entry,24,26,,
98,entry,25,,19,
98,entry,26,68,,
98,entry,27,49,,
98,entry,28,37,,
98,entry,29,46,,
98,entry,30,18,,
98,entry,35,14,,
98,entry,36,,82,
98,entry,37,59,,
98,entry,38,20,,
98,entry,39,58,,
98,entry,40,7,,
98,entry,46,9,,
98,entry,47,30,,1
98,entry,48,47,,
98,entry,49,6,,
98,entry,50,,73,
98,entry,57,50,,
98,entry,58,25,,
98,entry,59,13,,
98,entry,60,15,,
98,entry,68,60,,7
98,entry,69,3,,
98,entry,70,2,,2
98,entry,79,,28,6
98,entry,80,35,,
98,entry,90,,55,
98,start,2,10,,
98,start,3,,37,
98,start,4,19,,
98,start,5,36,,
98,start,6,8,,
98,start,7,69,,
98,start,8,5,,
98,start,9,0,,
99,entry,0,,19,
99,entry,2,47,,
99,entry,3,48,,
99,entry,4,2,,
99,entry,5,,82,
99,entry,6,,37,
99,entry,7,,46,1 7
99,entry,8,29,,
99,entry,9,68,,5
99,entry,10,,28,
99,entry,13,58,,
99,entry,14,17,,
99,entry,15,49,,
99,entry,16,4,,
99,entry,17,35,,
99,entry,18,39,,
99,entry,19,,64,
99,entry,20,6,,
99,entry,24,70,,
99,entry,25,59,,
99,entry,26,40,,
99,entry,27,38,,
99,entry,28,26,,
99,entry,29,7,,
99,entry,30,16,,4
99,entry,35,36,,
99,entry,36,5,,
99,entry,37,30,,
99,entry,38,25,,2
99,entry,39,50,,
99,entry,40,37,,6
99,entry,46,15,,3
99,entry,47,3,,
99,entry,48,20,,
99,entry,49,60,,
99,entry,50,57,,
99,entry,57,13,,
99,entry,58,18,,
99,entry,59,79,,
99,entry,60,14,,8
99,entry,68,28,,
99,entry,69,9,,
99,entry,70,69,,
99,entry,79,19,,
99,entry,80,80,,
99,entry,90,,55,
99,start,2,90,,
99,start,3,10,,
99,start,4,,73,
99,start,5,27,,
99,start,6,46,,
99,start,7,0,,
99,start,8,8,,
99,start,9,24,,
100,entry,0,17,,
100,entry,2,7,,
100,entry,3,46,,
100,entry,4,29,,5
100,entry,5,28,,
100,entry,6,19,,1
100,entry,7,68,,
100,entry,8,59,,
100,entry,9,,55,
100,entry,10,30,,
100,entry,13,,64,
100,entry,14,14,,
100,entry,15,,82,
100,entry,16,24,,
100,entry,17,49,,
100,entry,18,38,,
100,entry,19,80,,2 4
100,entry,20,40,,
100,entry,24,9,,
100,entry,25,79,,
100,entry,26,,46,
100,entry,27,36,,
100,entry,28,48,,
100,entry,29,13,,
100,entry,30,10,,
100,entry,35,0,,7
100,entry,36,5,,
100,entry,37,35,,
100,entry,38,15,,
100,entry,39,90,,
100,entry,40,2,,
100,entry,46,,19,
100,entry,47,39,,
100,entry,48,25,,6
100,entry,49,4,,
100,entry,50,47,,8
100,entry,57,,37,
100,entry,58,70,,3
100,entry,59,,73,
100,entry,60,3,,
100,entry,68,69,,
100,entry,69,8,,
100,entry,70,27,,
100,entry,79,18,,
100,entry,80,37,,
100,entry,90,16,,
100,start,2,58,,
100,start,3,6,,
100,start,4,50,,
100,start,5,,28,
100,start,6,26,,
100,start,7,60,,
100,start,8,20,,
100,start,9,57,,
101,entry,0,6,,
101,entry,2,24,,1
101,entry,3,28,,
101,entry,4,49,,
101,entry,5,58,,
101,entry,6,4,,
101,entry,7,13,,
101,entry,8,18,,
101,entry,9,3,,
101,entry,10,37,,
101,entry,13,90,,
101,entry,14,59,,3
101,entry,15,20,,
101,entry,16,14,,
101,entry,17,,73,
101,entry,18,36,,7
101,entry,19,46,,
101,entry,20,48,,
101,entry,24,17,,
101,entry,25,30,,
101,entry,26,27,,
101,entry,27,38,,
101,entry,28,15,,
101,entry,29,35,,
101,entry,30,,19,
101,entry,35,39,,
101,entry,36,8,,
101,entry,37,47,,
101,entry,38,60,,
101,entry,39,16,,
101,entry,40,40,,
101,entry,46,26,,2
101,entry,47,10,,
101,entry,48,,64,5
101,entry,49,50,,
101,entry,50,57,,6
101,entry,57,,37,
101,entry,58,9,,
101,entry,59,69,,
101,entry,60,70,,
101,entry,68,19,,
101,entry,69,79,,4 8
101,entry,70,80,,
101,entry,79,25,,
101,entry,80,68,,
101,entry,90,,82,
101,start,2,,55,
101,start,3,29,,
101,start,4,7,,
101,start,5,2,,
101,start,6,,46,
101,start,7,,28,
101,start,8,5,,
101,start,9,0,,
102,entry,0,38,,
102,entry,2,29,,
102,entry,3,,64,
102,entry,4,48,,
102,entry,5,18,,
102,entry,6,47,,
102,entry,7,50,,3
102,entry,8,37,,
102,entry,9,2,,
102,entry,10,,19,1
102,entry,13,7,,
102,entry,14,15,,
102,entry,15,80,,
102,entry,16,9,,
102,entry,17,26,,
102,entry,18,25,,
102,entry,19,,28,
102,entry,20,59,,
102,entry,24,13,,
102,entry,25,70,,
102,entry,26,46,,
102,entry,27,36,,
102,entry,28,79,,
102,entry,29,20,,
102,entry,30,69,,
102,entry,35,5,,4
102,entry,36,10,,
102,entry,37,39,,
102,entry,38,,73,
102,entry,39,60,,2
102,entry,40,0,,
102,entry,46,19,,7
102,entry,47,49,,
102,entry,48,,82,
102,entry,49,68,,
102,entry,50,,37,
102,entry,57,90,,
102,entry,58,57,,6
102,entry,59,35,,
102,entry,60,4,,
102,entry,68,40,,
102,entry,69,,55,
102,entry,70,14,,8
102,entry,79,27,,
102,entry,80,16,,
102,entry,90,17,,
102,start,2,28,,5
102,start,3,58,,
102,start,4,30,,
102,start,5,6,,
102,start,6,3,,
102,start,7,,46,
102,start,8,8,,
102,start,9,24,,
103,entry,0,14,,
103,entry,2,80,,
103,entry,3,47,,8
103,entry,4,,55,
103,entry,5,7,,
103,entry,6,50,,
103,entry,7,24,,
103,entry,8,,37,
103,entry,9,17,,
103,entry,10,59,,
103,entry,13,70,,
103,entry,14,,46,
103,entry,15,28,,6
103,entry,16,60,,
103,entry,17,49,,
103,entry,18,79,,
103,entry,19,10,,
103,entry,20,19,,
103,entry,24,,64,7
103,entry,25,25,,
103,entry,26,46,,
103,entry,27,6,,
103,entry,28,27,,
103,entry,29,90,,
103,entry,30,68,,
103,entry,35,35,,
103,entry,36,29,,
103,entry,37,8,,
103,entry,38,37,,1
103,entry,39,,82,
103,entry,40,16,,
103,entry,46,39,,
103,entry,47,18,,
103,entry,48,4,,
103,entry,49,9,,
103,entry,50,26,,
103,entry,57,2,,
103,entry,58,30,,
103,entry,59,,28,3
103,entry,60,69,,
103,entry,68,40,,
103,entry,69,58,,
103,entry,70,,19,2 4
103,entry,79,13,,
103,entry,80,38,,5
103,entry,90,36,,
103,start,2,5,,
103,start,3,,73,
103,start,4,48,,
103,start,5,15,,
103,start,6,0,,
103,start,7,3,,
103,start,8,20,,
103,start,9,57,,
104,entry,0,,19,
104,entry,2,48,,
104,entry,3,8,,
104,entry,4,90,,
104,entry,5,60,,
104,entry,6,49,,
104,entry,7,,28,6
104,entry,8,7,,
104,entry,9,79,,8
104,entry,10,59,,
104,entry,13,18,,
104,entry,14,57,,
104,entry,15,30,,1
104,entry,16,29,,
104,entry,17,80,,
104,entry,18,17,,4
104,entry,19,46,,
104,entry,20,24,,
104,entry,24,,73,
104,entry,25,,37,
104,entry,26,38,,
104,entry,27,19,,3
104,entry,28,37,,
104,entry,29,,64,
104,entry,30,,46,
104,entry,35,40,,
104,entry,36,10,,
104,entry,37,36,,
104,entry,38,58,,
104,entry,39,15,,
104,entry,40,3,,
104,entry,46,50,,
104,entry,47,20,,
104,entry,48,6,,
104,entry,49,39,,
104,entry,50,14,,
104,entry,57,47,,
104,entry,58,,82,
104,entry,59,2,,2
104,entry,60,4,,7
104,entry,68,9,,
104,entry,69,35,,
104,entry,70,28,,5
104,entry,79,,55,
104,entry,80,68,,
104,entry,90,16,,
104,start,2,13,,
104,start,3,26,,
104,start,4,69,,
104,start,5,27,,
104,start,6,25,,
104,start,7,70,,
104,start,8,5,,
104,start,9,0,,
105,entry,0,29,,
105,entry,2,19,,
105,entry,3,,28,
105,entry,4,90,,
105,entry,5,3,,
105,entry,6,16,,
105,entry,7,47,,
105,entry,8,59,,
105,entry,9,20,,
105,entry,10,36,,
105,entry,13,68,,5
105,entry,14,,73,
105,entry,15,13,,4
105,entry,16,17,,
105,entry,17,57,,
105,entry,18,69,,
105,entry,19,18,,
105,entry,20,46,,
105,entry,24,,82,
105,entry,25,14,,6 8
105,entry,26,27,,
105,entry,27,60,,
105,entry,28,80,,
105,entry,29,28,,
105,entry,30,48,,
105,entry,35,37,,
105,entry,36,7,,
105,entry,37,2,,
105,entry,38,26,,
105,entry,39,,19,1 7
105,entry,40,58,,
105,entry,46,38,,
105,entry,47,,37,
105,entry,48,5,,
105,entry,49,39,,
105,entry,50,,46,
105,entry,57,70,,
105,entry,58,15,,3
105,entry,59,79,,
105,entry,60,35,,
105,entry,68,6,,
105,entry,69,30,,
105,entry,70,40,,
105,entry,79,49,,
105,entry,80,50,,
105,entry,90,25,,2
105,start,2,,64,
105,start,3,10,,
105,start,4,,55,
105,start,5,4,,
105,start,6,9,,
105,start,7,0,,
105,start,8,8,,
105,start,9,24,,
106,entry,0,48,,
106,entry,2,68,,
106,entry,3,90,,
106,entry,4,25,,6
106,entry,5,40,,
106,entry,6,4,,
106,entry,7,8,,
106,entry,8,6,,
106,entry,9,,64,
106,entry,10,39,,
106,entry,13,,19,
106,entry,14,70,,3
106,entry,15,79,,
106,entry,16,17,,
106,entry,17,18,,
106,entry,18,35,,
106,entry,19,7,,
106,entry,20,38,,
106,entry,24,46,,
106,entry,25,0,,
106,entry,26,69,,
106,entry,27,2,,
106,entry,28,,55,
106,entry,29,29,,5
106,entry,30,19,,1
106,entry,35,15,,
106,entry,36,13,,7
106,entry,37,58,,
106,entry,38,,37,
106,entry,39,14,,
106,entry,40,24,,
106,entry,46,30,,
106,entry,47,80,,2 4
106,entry,48,26,,
106,entry,49,9,,
106,entry,50,,46,
106,entry,57,,73,
106,entry,58,59,,
106,entry,59,49,,
106,entry,60,5,,
106,entry,68,47,,8
106,entry,69,27,,
106,entry,70,16,,
106,entry,79,37,,
106,entry,80,28,,
106,entry,90,,82,
106,start,2,10,,
106,start,3,3,,
106,start,4,50,,
106,start,5,36,,
106,start,6,,28,
106,start,7,60,,
106,start,8,20,,
106,start,9,57,,
107,entry,0,40,,
107,entry,2,,19,
107,entry,3,13,,
107,entry,4,90,,
107,entry,5,70,,
107,entry,6,8,,2
107,entry,7,36,,
107,entry,8,59,,5
107,entry,9,46,,
107,entry,10,57,,6
107,entry,13,48,,
107,entry,14,15,,1
107,entry,15,80,,3
107,entry,16,58,,
107,entry,17,19,,
107,entry,18,68,,
107,entry,19,,46,
107,entry,20,7,,
107,entry,24,14,,
107,entry,25,79,,8
107,entry,26,20,,
107,entry,27,29,,
107,entry,28,,82,
107,entry,29,26,,4
107,entry,30,17,,
107,entry,35,28,,
107,entry,36,30,,
107,entry,37,39,,7
107,entry,38,9,,
107,entry,39,25,,
107,entry,40,27,,
107,entry,46,60,,
107,entry,47,10,,
107,entry,48,16,,
107,entry,49,18,,
107,entry,50,37,,
107,entry,57,47,,
107,entry,58,38,,
107,entry,59,,55,
107,entry,60,3,,
107,entry,68,50,,
107,entry,69,6,,
107,entry,70,49,,
107,entry,79,,64,
107,entry,80,35,,
107,entry,90,24,,
107,start,2,4,,
107,start,3,,37,
107,start,4,69,,
107,start,5,2,,
107,start,6,,73,
107,start,7,,28,
107,start,8,5,,
107,start,9,0,,
108,entry,0,48,,
108,entry,2,38,,4
108,entry,3,,28,
108,entry,4,39,,
108,entry,5,3,,
108,entry,6,50,,3
108,entry,7,,37,
108,entry,8,80,,
108,entry,9,29,,
108,entry,10,13,,
108,entry,13,69,,
108,entry,14,59,,7
108,entry,15,9,,
108,entry,16,4,,
108,entry,17,79,,
108,entry,18,60,,2
108,entry,19,35,,
108,entry,20,,46,
108,entry,24,18,,
108,entry,25,49,,
108,entry,26,36,,
108,entry,27,14,,8
108,entry,28,68,,
108,entry,29,,55,
108,entry,30,,19,
108,entry,35,90,,
108,entry,36,5,,
108,entry,37,70,,
108,entry,38,17,,
108,entry,39,6,,
108,entry,40,2,,
108,entry,46,15,,
108,entry,47,19,,6
108,entry,48,27,,
108,entry,49,47,,
108,entry,50,0,,
108,entry,57,40,,
108,entry,58,,73,
108,entry,59,57,,
108,entry,60,10,,
108,entry,68,,82,
108,entry,69,46,,
108,entry,70,20,,1
108,entry,79,,64,
108,entry,80,25,,
108,entry,90,26,,
108,start,2,28,,5
108,start,3,58,,
108,start,4,30,,
108,start,5,37,,
108,start,6,7,,
108,start,7,16,,
108,start,8,8,,
108,start,9,24,,
109,entry,0,60,,
109,entry,2,50,,
109,entry,3,18,,
109,entry,4,13,,
109,entry,5,,73,
109,entry,6,37,,
109,entry,7,30,,
109,entry,8,79,,
109,entry,9,80,,
109,entry,10,70,,
109,entry,13,4,,
109,entry,14,6,,
109,entry,15,14,,
109,entry,16,47,,8
109,entry,17,40,,
109,entry,18,0,,
109,entry,19,46,,
109,entry,20,29,,
109,entry,24,8,,
109,entry,25,,37,
109,entry,26,68,,
109,entry,27,7,,
109,entry,28,58,,
109,entry,29,,82,
109,entry,30,39,,
109,entry,35,24,,
109,entry,36,26,,
109,entry,37,69,,
109,entry,38,,64,2 4
109,entry,39,9,,
109,entry,40,59,,
109,entry,46,36,,1
109,entry,47,17,,3
109,entry,48,,19,5
109,entry,49,38,,
109,entry,50,28,,6
109,entry,57,,28,
109,entry,58,10,,
109,entry,59,48,,
109,entry,60,25,,
109,entry,68,16,,
109,entry,69,19,,
109,entry,70,35,,
109,entry,79,3,,
109,entry,80,,55,
109,entry,90,,46,
109,start,2,5,,
109,start,3,90,,
109,start,4,2,,
109,start,5,15,,
109,start,6,49,,7
109,start,7,27,,
109,start,8,20,,
109,start,9,57,,
110,entry,0,,73,
110,entry,2,57,,
110,entry,3,,46,
110,entry,4,10,,
110,entry,5,29,,
110,entry,6,20,,
110,entry,7,8,,
110,entry,8,35,,
110,entry,9,46,,
110,entry,10,48,,
110,entry,13,,37,
110,entry,14,40,,
110,entry,15,39,,
110,entry,16,47,,
110,entry,17,18,,
110,entry,18,,55,
110,entry,19,16,,
110,entry,20,,19,
110,entry,24,90,,
110,entry,25,49,,
110,entry,26,27,,
110,entry,27,,28,6
110,entry,28,4,,
110,entry,29,19,,
110,entry,30,37,,
110,entry,35,30,,1
110,entry,36,7,,
110,entry,37,69,,
110,entry,38,14,,4
110,entry,39,15,,
110,entry,40,68,,
110,entry,46,38,,
110,entry,47,,64,3
110,entry,48,36,,
110,entry,49,25,,
110,entry,50,,82,
110,entry,57,24,,
110,entry,58,58,,
110,entry,59,60,,
110,entry,60,70,,
110,entry,68,6,,
110,entry,69,17,,
110,entry,70,80,,
110,entry,79,2,,2
110,entry,80,3,,
110,entry,90,28,,5
110,start,2,79,,8
110,start,3,13,,
110,start,4,9,,
110,start,5,26,,
110,start,6,50,,7
110,start,7,59,,
110,start,8,5,,
110,start,9,0,,
111,entry,0,37,,
111,entry,2,27,,
111,entry,3,15,,3
111,entry,4,59,,
111,entry,5,30,,
111,entry,6,18,,
111,entry,7,50,,
111,entry,8,68,,5
111,entry,9,2,,
111,entry,10,9,,
111,entry,13,35,,
111,entry,14,,64,
111,entry,15,29,,
111,entry,16,28,,
111,entry,17,60,,
111,entry,18,79,,
111,entry,19,,28,4
111,entry,20,58,,
111,entry,24,5,,
111,entry,25,39,,
111,entry,26,80,,1 7
111,entry,27,,73,
111,entry,28,,55,
111,entry,29,,37,6
111,entry,30,3,,
111,entry,35,49,,
111,entry,36,6,,
111,entry,37,,82,
111,entry,38,7,,
111,entry,39,46,,
111,entry,40,70,,
111,entry,46,16,,
111,entry,47,25,,2
111,entry,48,90,,
111,entry,49,69,,
111,entry,50,17,,
111,entry,57,20,,
111,entry,58,14,,8
111,entry,59,47,,
111,entry,60,26,,
111,entry,68,40,,
111,entry,69,57,,
111,entry,70,36,,
111,entry,79,,19,
111,entry,80,48,,
111,entry,90,4,,
111,start,2,38,,
111,start,3,10,,
111,start,4,,46,
111,start,5,13,,
111,start,6,19,,
111,start,7,0,,
111,start,8,8,,
111,start,9,24,,
112,entry,0,69,,
112,entry,2,80,,2 4
112,entry,3,58,,
112,entry,4,59,,
112,entry,5,,28,
112,entry,6,,64,
112,entry,7,,82,
112,entry,8,6,,
112,entry,9,25,,6
112,entry,10,37,,
112,entry,13,18,,
112,entry,14,40,,
112,entry,15,27,,
112,entry,16,7,,
112,entry,17,90,,
112,entry,18,19,,1
112,entry,19,70,,3
112,entry,20,49,,
112,entry,24,48,,
112,entry,25,,73,
112,entry,26,17,,7
112,entry,27,,19,
112,entry,28,24,,
112,entry,29,10,,
112,entry,30,13,,
112,entry,35,3,,
112,entry,36,30,,
112,entry,37,29,,5
112,entry,38,,46,
112,entry,39,26,,
112,entry,40,,55,
112,entry,46,2,,
112,entry,47,14,,
112,entry,48,5,,
112,entry,49,36,,
112,entry,50,79,,
112,entry,57,9,,
112,entry,58,47,,8
112,entry,59,46,,
112,entry,60,0,,
112,entry,68,28,,
112,entry,69,8,,
112,entry,70,,37,
112,entry,79,39,,
112,entry,80,4,,
112,entry,90,15,,
112,start,2,16,,
112,start,3,35,,
112,start,4,50,,
112,start,5,38,,
112,start,6,68,,
112,start,7,60,,
112,start,8,20,,
112,start,9,57,,
113,entry,0,13,,
113,entry,2,38,,
113,entry,3,49,,
113,entry,4,10,,5
113,entry,5,18,,
113,entry,6,80,,
113,entry,7,68,,
113,entry,8,36,,
113,entry,9,30,,
113,entry,10,7,,
113,entry,13,47,,
113,entry,14,29,,
113,entry,15,6,,
113,entry,16,17,,
113,entry,17,9,,
113,entry,18,,82,
113,entry,19,,37,
113,entry,20,59,,
113,entry,24,39,,
113,entry,25,16,,
113,entry,26,46,,
113,entry,27,19,,
113,entry,28,48,,
113,entry,29,4,,
113,entry,30,69,,7
113,entry,35,27,,
113,entry,36,,64,4
113,entry,37,3,,
113,entry,38,,19,
113,entry,39,14,,3
113,entry,40,15,,
113,entry,46,25,,
113,entry,47,79,,8
113,entry,48,40,,
113,entry,49,60,,
113,entry,50,70,,
113,entry,57,35,,
113,entry,58,57,,6
113,entry,59,28,,
113,entry,60,,46,
113,entry,68,37,,
113,entry,69,90,,
113,entry,70,,55,2
113,entry,79,,73,1
113,entry,80,58,,
113,entry,90,20,,
113,start,2,26,,
113,start,3,24,,
113,start,4,50,,
113,start,5,2,,
113,start,6,8,,
113,start,7,,28,
113,start,8,5,,
113,start,9,0,,
114,entry,0,,64,
114,entry,2,46,,
114,entry,3,70,,1
114,entry,4,4,,
114,entry,5,48,,
114,entry,6,69,,7
114,entry,7,10,,
114,entry,8,,28,
114,entry,9,68,,
114,entry,10,,55,
114,entry,13,20,,
114,entry,14,14,,8
114,entry,15,49,,
114,entry,16,18,,
114,entry,17,13,,
114,entry,18,29,,6
114,entry,19,27,,
114,entry,20,6,,
114,entry,24,,46,
114,entry,25,35,,
114,entry,26,3,,
114,entry,27,19,,
114,entry,28,40,,
114,entry,29,37,,
114,entry,30,16,,
114,entry,35,,37,
114,entry,36,26,,
114,entry,37,59,,
114,entry,38,50,,3
114,entry,39,,82,
114,entry,40,57,,
114,entry,46,39,,4
114,entry,47,38,,
114,entry,48,,19,
114,entry,49,9,,
114,entry,50,,73,
114,entry,57,7,,
114,entry,58,36,,
114,entry,59,90,,
114,entry,60,5,,
114,entry,68,0,,
114,entry,69,79,,
114,entry,70,15,,
114,entry,79,2,,
114,entry,80,80,,
114,entry,90,60,,2
114,start,2,28,,5
114,start,3,58,,
114,start,4,30,,
114,start,5,47,,
114,start,6,25,,
114,start,7,17,,
114,start,8,8,,
114,start,9,24,,
115,entry,0,,55,
115,entry,2,35,,
115,entry,3,28,,6
115,entry,4,29,,
115,entry,5,,19,
115,entry,6,24,,
115,entry,7,26,,
115,entry,8,14,,
115,entry,9,,73,
115,entry,10,,46,
115,entry,13,25,,
115,entry,14,39,,
115,entry,15,50,,
115,entry,16,27,,
115,entry,17,,28,
115,entry,18,37,,
115,entry,19,38,,
115,entry,20,,82,
115,entry,24,13,,
115,entry,25,60,,
115,entry,26,6,,
115,entry,27,3,,1 7
115,entry,28,47,,8
115,entry,29,16,,
115,entry,30,30,,
115,entry,35,58,,
115,entry,36,8,,
115,entry,37,10,,
115,entry,38,59,,3
115,entry,39,68,,2 4
115,entry,40,40,,
115,entry,46,18,,
115,entry,47,9,,
115,entry,48,7,,
115,entry,49,46,,5
115,entry,50,49,,
115,entry,57,90,,
115,entry,58,79,,
115,entry,59,48,,
115,entry,60,,37,
115,entry,68,0,,
115,entry,69,2,,
115,entry,70,4,,
115,entry,79,80,,
115,entry,80,19,,
115,entry,90,17,,
115,start,2,5,,
115,start,3,36,,
115,start,4,,64,
115,start,5,15,,
115,start,6,70,,
115,start,7,69,,
115,start,8,20,,
115,start,9,57,,
116,entry,0,15,,
116,entry,2,,82,
116,entry,3,20,,
116,entry,4,26,,
116,entry,5,6,,
116,entry,6,,55,
116,entry,7,69,,
116,entry,8,68,,
116,entry,9,80,,
116,entry,10,38,,
116,entry,13,47,,
116,entry,14,,64,3 7
116,entry,15,3,,
116,entry,16,10,,
116,entry,17,79,,8
116,entry,18,57,,
116,entry,19,17,,
116,entry,20,4,,
116,entry,24,60,,
116,entry,25,7,,
116,entry,26,50,,4
116,entry,27,8,,
116,entry,28,,73,
116,entry,29,27,,
116,entry,30,14,,
116,entry,35,,28,6
116,entry,36,49,,
116,entry,37,25,,
116,entry,38,28,,5
116,entry,39,48,,
116,entry,40,24,,
116,entry,46,58,,
116,entry,47,2,,2
116,entry,48,59,,
116,entry,49,,19,
116,entry,50,30,,1
116,entry,57,35,,
116,entry,58,16,,
116,entry,59,9,,
116,entry,60,46,,
116,entry,68,,37,
116,entry,69,19,,
116,entry,70,40,,
116,entry,79,29,,
116,entry,80,90,,
116,entry,90,70,,
116,start,2,36,,
116,start,3,37,,
116,start,4,13,,
116,start,5,39,,
116,start,6,18,,
116,start,7,,46,
116,start,8,5,,
116,start,9,0,,
117,entry,0,68,,5
117,entry,2,27,,
117,entry,3,2,,
117,entry,4,,82,6
117,entry,5,46,,
117,entry,6,57,,
117,entry,7,15,,3
117,entry,8,30,,
117,entry,9,19,,
117,entry,10,60,,
117,entry,13,,28,
117,entry,14,59,,
117,entry,15,7,,
117,entry,16,70,,
117,entry,17,39,,
117,entry,18,14,,8
117,entry,19,25,,2
117,entry,20,3,,
117,entry,24,6,,
117,entry,25,37,,
117,entry,26,4,,
117,entry,27,90,,
117,entry,28,,46,
117,entry,29,20,,
117,entry,30,80,,
117,entry,35,47,,4
117,entry,36,79,,
117,entry,37,,19,
117,entry,38,35,,
117,entry,39,18,,
117,entry,40,26,,
117,entry,46,49,,
117,entry,47,40,,
117,entry,48,,55,
117,entry,49,28,,
117,entry,50,17,,
117,entry,57,,64,
117,entry,58,69,,
117,entry,59,16,,1 7
117,entry,60,38,,
117,entry,68,5,,
117,entry,69,13,,
117,entry,70,48,,
117,entry,79,,37,
117,entry,80,58,,
117,entry,90,9,,
117,start,2,36,,
117,start,3,10,,
117,start,4,29,,
117,start,5,,73,
117,start,6,50,,
117,start,7,0,,
117,start,8,8,,
117,start,9,24,,
118,entry,0,16,,
118,entry,2,4,,
118,entry,3,10,,
118,entry,4,49,,
118,entry,5,8,,
118,entry,6,58,,
118,entry,7,,46,
118,entry,8,13,,
118,entry,9,47,,8
118,entry,10,26,,7
118,entry,13,59,,
118,entry,14,36,,
118,entry,15,18,,
118,entry,16,29,,5
118,entry,17,5,,
118,entry,18,48,,
118,entry,19,,19,
118,entry,20,38,,
118,entry,24,7,,
118,entry,25,,37,
118,entry,26,14,,
118,entry,27,,64,
118,entry,28,0,,
118,entry,29,2,,
118,entry,30,80,,2 4
118,entry,35,68,,
118,entry,36,9,,
118,entry,37,28,,
118,entry,38,39,,
118,entry,39,15,,
118,entry,40,69,,
118,entry,46,6,,
118,entry,47,,82,
118,entry,48,79,,
118,entry,49,25,,6
118,entry,50,46,,
118,entry,57,,55,
118,entry,58,19,,1
118,entry,59,70,,3
118,entry,60,,73,
118,entry,68,24,,
118,entry,69,35,,
118,entry,70,90,,
118,entry,79,3,,
118,entry,80,27,,
118,entry,90,37,,
118,start,2,,28,
118,start,3,40,,
118,start,4,50,,
118,start,5,17,,
118,start,6,30,,
118,start,7,60,,
118,start,8,20,,
118,start,9,57,,
119,entry,0,7,,
119,entry,2,26,,
119,entry,3,16,,
119,entry,4,50,,
119,entry,5,8,,
119,entry,6,36,,
119,entry,7,10,,
119,entry,8,59,,
119,entry,9,90,,
119,entry,10,,82,2
119,entry,13,47,,
119,entry,14,29,,
119,entry,15,,55,
119,entry,16,46,,
119,entry,17,39,,
119,entry,18,69,,
119,entry,19,37,,1
119,entry,20,58,,
119,entry,24,6,,
119,entry,25,,64,
119,entry,26,49,,
119,entry,27,9,,
119,entry,28,,37,7
119,entry,29,79,,8
119,entry,30,20,,
119,entry,35,38,,
119,entry,36,14,,5
119,entry,37,19,,4
119,entry,38,15,,
119,entry,39,13,,
119,entry,40,30,,
119,entry,46,,73,
119,entry,47,25,,
119,entry,48,3,,
119,entry,49,48,,
119,entry,50,60,,
119,entry,57,18,,
119,entry,58,4,,
119,entry,59,,19,
119,entry,60,70,,
119,entry,68,35,,
119,entry,69,40,,
119,entry,70,80,,3
119,entry,79,57,,6
119,entry,80,,46,
119,entry,90,28,,
119,start,2,17,,
119,start,3,27,,
119,start,4,24,,
119,start,5,2,,
119,start,6,68,,
119,start,7,,28,
119,start,8,5,,
119,start,9,0,,
120,entry,0,17,,
120,entry,2,16,,
120,entry,3,14,,8
120,entry,4,29,,
120,entry,5,,55,
120,entry,6,47,,
120,entry,7,49,,
120,entry,8,18,,
120,entry,9,15,,
120,entry,10,,19,
120,entry,13,,46,
120,entry,14,60,,2
120,entry,15,6,,
120,entry,16,57,,
120,entry,17,0,,
120,entry,18,59,,
120,entry,19,25,,
120,entry,20,79,,
120,entry,24,68,,
120,entry,25,,64,
120,entry,26,3,,
120,entry,27,10,,
120,entry,28,38,,
120,entry,29,69,,
120,entry,30,70,,
120,entry,35,7,,
120,entry,36,13,,
120,entry,37,20,,
120,entry,38,80,,4
120,entry,39,27,,
120,entry,40,5,,
120,entry,46,,37,
120,entry,47,46,,1
120,entry,48,48,,
120,entry,49,,73,
120,entry,50,37,,6
120,entry,57,26,,
120,entry,58,90,,
120,entry,59,39,,
120,entry,60,40,,
120,entry,68,,28,
120,entry,69,19,,
120,entry,70,50,,3
120,entry,79,,82,7
120,entry,80,2,,
120,entry,90,36,,
120,start,2,28,,5
120,start,3,58,,
120,start,4,30,,
120,start,5,35,,
120,start,6,9,,
120,start,7,4,,
120,start,8,8,,
120,start,9,24,,
121,entry,0,47,,8
121,entry,2,,46,
121,entry,3,35,,
121,entry,4,68,,
121,entry,5,60,,
121,entry,6,6,,
121,entry,7,40,,1
121,entry,8,4,,
121,entry,9,70,,
121,entry,10,46,,
121,entry,13,,55,
121,entry,14,28,,6
121,entry,15,9,,
121,entry,16,8,,
121,entry,17,37,,
121,entry,18,,64,3
121,entry,19,36,,2 4
121,entry,20,49,,
121,entry,24,25,,
121,entry,25,29,,
121,entry,26,18,,
121,entry,27,,73,
121,entry,28,,19,
121,entry,29,10,,5
121,entry,30,59,,
121,entry,35,39,,
121,entry,36,48,,
121,entry,37,38,,
121,entry,38,17,,
121,entry,39,,82,
121,entry,40,69,,
121,entry,46,50,,
121,entry,47,24,,
121,entry,48,27,,
121,entry,49,58,,7
121,entry,50,79,,
121,entry,57,,28,
121,entry,58,80,,
121,entry,59,3,,
121,entry,60,19,,
121,entry,68,30,,
121,entry,69,13,,
121,entry,70,2,,
121,entry,79,,37,
121,entry,80,16,,
121,entry,90,26,,
121,start,2,5,,
121,start,3,0,,
121,start,4,90,,
121,start,5,15,,
121,start,6,14,,
121,start,7,7,,
121,start,8,20,,
121,start,9,57,,
122,entry,0,68,,
122,entry,2,37,,
122,entry,3,17,,
122,entry,4,,19,
122,entry,5,59,,
122,entry,6,30,,1
122,entry,7,,46,7
122,entry,8,36,,
122,entry,9,35,,
122,entry,10,28,,5
122,entry,13,27,,
122,entry,14,15,,
122,entry,15,69,,
122,entry,16,24,,
122,entry,17,3,,
122,entry,18,,28,6
122,entry,19,,55,
122,entry,20,19,,
122,entry,24,25,,
122,entry,25,79,,8
122,entry,26,40,,
122,entry,27,38,,
122,entry,28,4,,
122,entry,29,18,,
122,entry,30,16,,
122,entry,35,48,,
122,entry,36,90,,
122,entry,37,70,,
122,entry,38,46,,3
122,entry,39,29,,4
122,entry,40,60,,
122,entry,46,49,,
122,entry,47,80,,
122,entry,48,39,,
122,entry,49,9,,
122,entry,50,,73,
122,entry,57,13,,
122,entry,58,20,,
122,entry,59,58,,
122,entry,60,8,,
122,entry,68,47,,
122,entry,69,6,,
122,entry,70,7,,
122,entry,79,10,,
122,entry,80,26,,
122,entry,90,2,,2
122,start,2,14,,
122,start,3,,64,
122,start,4,50,,
122,start,5,,82,
122,start,6,57,,
122,start,7,,37,
122,start,8,5,,
122,start,9,0,,
123,entry,0,58,,
123,entry,2,2,,1 7
123,entry,3,18,,
123,entry,4,,64,
123,entry,5,47,,
123,entry,6,38,,
123,entry,7,60,,
123,entry,8,40,,
123,entry,9,16,,
123,entry,10,35,,
123,entry,13,28,,
123,entry,14,25,,2
123,entry,15,26,,
123,entry,16,48,,
123,entry,17,,19,
123,entry,18,50,,
123,entry,19,57,,
123,entry,20,30,,
123,entry,24,20,,
123,entry,25,36,,
123,entry,26,29,,
123,entry,27,,82,
123,entry,28,79,,
123,entry,29,,73,
123,entry,30,59,,
123,entry,35,46,,
123,entry,36,39,,
123,entry,37,9,,
123,entry,38,27,,
123,entry,39,7,,
123,entry,40,69,,
123,entry,46,37,,
123,entry,47,3,,
123,entry,48,13,,
123,entry,49,17,,
123,entry,50,80,,
123,entry,57,68,,5
123,entry,58,,37,4
123,entry,59,4,,
123,entry,60,90,,
123,entry,68,,46,6
123,entry,69,70,,
123,entry,70,19,,
123,entry,79,,55,
123,entry,80,5,,
123,entry,90,15,,3
123,start,2,49,,
123,start,3,10,,
123,start,4,6,,
123,start,5,14,,8
123,start,6,,28,
123,start,7,0,,
123,start,8,8,,
123,start,9,24,,
124,entry,0,2,,
124,entry,2,39,,
124,entry,3,69,,
124,entry,4,49,,
124,entry,5,16,,
124,entry,6,,37,
124,entry,7,17,,
124,entry,8,10,,
124,entry,9,29,,5
124,entry,10,19,,1
124,entry,13,,28,
124,entry,14,36,,
124,entry,15,15,,
124,entry,16,40,,
124,entry,17,3,,
124,entry,18,37,,
124,entry,19,14,,
124,entry,20,24,,
124,entry,24,46,,
124,entry,25,25,,6
124,entry,26,58,,
124,entry,27,80,,2 4
124,entry,28,38,,
124,entry,29,9,,
124,entry,30,,46,
124,entry,35,70,,3
124,entry,36,68,,
124,entry,37,,19,
124,entry,38,13,,
124,entry,39,79,,
124,entry,40,5,,
124,entry,46,4,,
124,entry,47,47,,8
124,entry,48,90,,
124,entry,49,6,,
124,entry,50,,73,
124,entry,57,59,,
124,entry,58,,64,
124,entry,59,8,,
124,entry,60,28,,
124,entry,68,7,,
124,entry,69,18,,
124,entry,70,,82,
124,entry,79,0,,
124,entry,80,35,,
124,entry,90,,55,
124,start,2,26,,
124,start,3,30,,
124,start,4,50,,
124,start,5,48,,
124,start,6,27,,7
124,start,7,60,,
124,start,8,20,,
124,start,9,57,,
125,entry,0,50,,
125,entry,2,37,,
125,entry,3,69,,
125,entry,4,18,,
125,entry,5,59,,
125,entry,6,27,,
125,entry,7,,19,
125,entry,8,36,,
125,entry,9,,55,
125,entry,10,60,,
125,entry,13,,46,5
125,entry,14,15,,
125,entry,15,29,,
125,entry,16,3,,
125,entry,17,40,,
125,entry,18,28,,
125,entry,19,14,,2 7
125,entry,20,8,,
125,entry,24,,73,
125,entry,25,39,,4
125,entry,26,24,,
125,entry,27,57,,6
125,entry,28,90,,
125,entry,29,58,,
125,entry,30,38,,
125,entry,35,25,,
125,entry,36,35,,
125,entry,37,79,,8
125,entry,38,,37,1
125,entry,39,20,,
125,entry,40,,82,
125,entry,46,47,,
125,entry,47,10,,
125,entry,48,16,,
125,entry,49,30,,
125,entry,50,49,,
125,entry,57,17,,
125,entry,58,7,,
125,entry,59,9,,
125,entry,60,70,,
125,entry,68,48,,
125,entry,69,19,,
125,entry,70,80,,
125,entry,79,,64,3
125,entry,80,13,,
125,entry,90,46,,
125,start,2,6,,
125,start,3,68,,
125,start,4,26,,
125,start,5,2,,
125,start,6,4,,
125,start,7,,28,
125,start,8,5,,
125,start,9,0,,
126,entry,0,16,,
126,entry,2,,28,
126,entry,3,59,,
126,entry,4,9,,
126,entry,5,14,,8
126,entry,6,10,,
126,entry,7,,55,7
126,entry,8,6,,
126,entry,9,79,,
126,entry,10,17,,
126,entry,13,2,,
126,entry,14,39,,
126,entry,15,,46,1
126,entry,16,29,,
126,entry,17,18,,
126,entry,18,38,,
126,entry,19,,64,
126,entry,20,70,,
126,entry,24,49,,
126,entry,25,,73,
126,entry,26,15,,
126,entry,27,47,,
126,entry,28,57,,
126,entry,29,7,,
126,entry,30,60,,2
126,entry,35,,82,
126,entry,36,25,,
126,entry,37,37,,
126,entry,38,,37,
126,entry,39,4,,6
126,entry,40,68,,
126,entry,46,26,,
126,entry,47,0,,4
126,entry,48,35,,
126,entry,49,40,,
126,entry,50,80,,
126,entry,57,48,,
126,entry,58,5,,
126,entry,59,50,,3
126,entry,60,90,,
126,entry,68,19,,
126,entry,69,46,,
126,entry,70,3,,
126,entry,79,36,,
126,entry,80,13,,
126,entry,90,20,,
126,start,2,28,,5
126,start,3,58,,
126,start,4,30,,
126,start,5,,19,
126,start,6,27,,
126,start,7,69,,
126,start,8,8,,
126,start,9,24,,
127,entry,0,69,,5
127,entry,2,4,,2 4
127,entry,3,58,,
127,entry,4,19,,
127,entry,5,,37,
127,entry,6,35,,
127,entry,7,49,,
127,entry,8,90,,
127,entry,9,,64,
127,entry,10,68,,
127,entry,13,27,,
127,entry,14,10,,
127,entry,15,,82,
127,entry,16,,55,
127,entry,17,29,,
127,entry,18,6,,
127,entry,19,37,,
127,entry,20,2,,
127,entry,24,48,,
127,entry,25,9,,
127,entry,26,,46,
127,entry,27,39,,
127,entry,28,8,,
127,entry,29,,28,
127,entry,30,,73,7
127,entry,35,17,,
127,entry,36,70,,
127,entry,37,38,,
127,entry,38,18,,
127,entry,39,3,,1
127,entry,40,30,,
127,entry,46,13,,
127,entry,47,28,,6
127,entry,48,,19,
127,entry,49,7,,
127,entry,50,40,,
127,entry,57,25,,
127,entry,58,50,,
127,entry,59,80,,
127,entry,60,16,,
127,entry,68,60,,
127,entry,69,14,,
127,entry,70,26,,3
127,entry,79,24,,
127,entry,80,0,,
127,entry,90,46,,
127,start,2,5,,
127,start,3,59,,
127,start,4,79,,
127,start,5,15,,
127,start,6,47,,8
127,start,7,36,,
127,start,8,20,,
127,start,9,57,,
128,entry,0,60,,
128,entry,2,38,,
128,entry,3,27,,
128,entry,4,79,,8
128,entry,5,15,,
128,entry,6,69,,4
128,entry,7,19,,
128,entry,8,18,,
128,entry,9,,46,
128,entry,10,70,,
128,entry,13,7,,
128,entry,14,20,,
128,entry,15,,28,6
128,entry,16,,82,
128,entry,17,17,,
128,entry,18,28,,5
128,entry,19,48,,
128,entry,20,80,,
128,entry,24,47,,
128,entry,25,,37,
128,entry,26,58,,
128,entry,27,2,,2
128,entry,28,9,,
128,entry,29,,19,
128,entry,30,30,,1
128,entry,35,25,,3
128,entry,36,6,,
128,entry,37,35,,
128,entry,38,16,,
128,entry,39,37,,
128,entry,40,14,,
128,entry,46,24,,7
128,entry,47,,55,
128,entry,48,50,,
128,entry,49,,64,
128,entry,50,40,,
128,entry,57,59,,
128,entry,58,39,,
128,entry,59,57,,
128,entry,60,90,,
128,entry,68,49,,
128,entry,69,,73,
128,entry,70,26,,
128,entry,79,8,,
128,entry,80,36,,
128,entry,90,3,,
128,start,2,4,,
128,start,3,46,,
128,start,4,10,,
128,start,5,68,,
128,start,6,29,,
128,start,7,13,,
128,start,8,5,,
128,start,9,0,,
129,entry,0,47,,
129,entry,2,37,,
129,entry,3,60,,
129,entry,4,28,,
129,entry,5,48,,
129,entry,6,46,,
129,entry,7,29,,
129,entry,8,39,,
129,entry,9,26,,
129,entry,10,57,,
129,entry,13,30,,
129,entry,14,9,,1 7
129,entry,15,25,,2
129,entry,16,,64,
129,entry,17,68,,5
129,entry,18,49,,4
129,entry,19,59,,
129,entry,20,,73,
129,entry,24,50,,
129,entry,25,20,,
129,entry,26,7,,
129,entry,27,,19,
129,entry,28,80,,6
129,entry,29,70,,
129,entry,30,79,,
129,entry,35,18,,
129,entry,36,19,,
129,entry,37,40,,
129,entry,38,27,,
129,entry,39,6,,
129,entry,40,5,,
129,entry,46,38,,
129,entry,47,3,,
129,entry,48,,82,
129,entry,49,16,,
129,entry,50,15,,3
129,entry,57,13,,
129,entry,58,35,,
129,entry,59,17,,
129,entry,60,,28,
129,entry,68,,55,
129,entry,69,4,,
129,entry,70,14,,8
129,entry,79,36,,
129,entry,80,,46,
129,entry,90,58,,
129,start,2,,37,
129,start,3,10,,
129,start,4,2,,
129,start,5,69,,
129,start,6,90,,
129,start,7,0,,
129,start,8,8,,
129,start,9,24,,
130,entry,0,,19,
130,entry,2,70,,3
130,entry,3,15,,
130,entry,4,90,,
130,entry,5,46,,
130,entry,6,7,,
130,entry,7,,28,
130,entry,8,9,,
130,entry,9,5,,
130,entry,10,79,,
130,entry,13,25,,6
130,entry,14,49,,
130,entry,15,68,,
130,entry,16,17,,
130,entry,17,,37,
130,entry,18,37,,
130,entry,19,13,,
130,entry,20,0,,
130,entry,24,59,,
130,entry,25,18,,
130,entry,26,80,,2 4
130,entry,27,58,,
130,entry,28,47,,8
130,entry,29,28,,
130,entry,30,27,,
130,entry,35,10,,
130,entry,36,36,,
130,entry,37,26,,
130,entry,38,,73,
130,entry,39,,82,
130,entry,40,,55,
130,entry,46,3,,
130,entry,47,48,,
130,entry,48,38,,
130,entry,49,2,,7
130,entry,50,39,,
130,entry,57,,64,
130,entry,58,40,,
130,entry,59,30,,
130,entry,60,35,,
130,entry,68,16,,
130,entry,69,29,,5
130,entry,70,19,,1
130,entry,79,14,,
130,entry,80,24,,
130,entry,90,,46,
130,start,2,69,,
130,start,3,8,,
130,start,4,50,,
130,start,5,4,,
130,start,6,6,,
130,start,7,60,,
130,start,8,20,,
130,start,9,57,,
131,entry,0,3,,
131,entry,2,29,,7
131,entry,3,7,,
131,entry,4,40,,
131,entry,5,80,,
131,entry,6,,82,3
131,entry,7,4,,2
131,entry,8,27,,
131,entry,9,10,,
131,entry,10,39,,
131,entry,13,19,,
131,entry,14,57,,6
131,entry,15,9,,
131,entry,16,69,,
131,entry,17,58,,
131,entry,18,26,,
131,entry,19,46,,
131,entry,20,35,,
131,entry,24,,64,
131,entry,25,48,,
131,entry,26,28,,
131,entry,27,20,,
131,entry,28,,55,
131,entry,29,49,,5
131,entry,30,17,,
131,entry,35,,19,
131,entry,36,90,,
131,entry,37,30,,
131,entry,38,6,,
131,entry,39,15,,
131,entry,40,36,,
131,entry,46,47,,1
131,entry,47,37,,
131,entry,48,16,,
131,entry,49,,73,
131,entry,50,24,,
131,entry,57,68,,
131,entry,58,79,,8
131,entry,59,8,,
131,entry,60,,46,4
131,entry,68,60,,
131,entry,69,50,,
131,entry,70,25,,
131,entry,79,38,,
131,entry,80,18,,
131,entry,90,14,,
131,start,2,70,,
131,start,3,13,,
131,start,4,59,,
131,start,5,2,,
131,start,6,,37,
131,start,7,,28,
131,start,8,5,,
131,start,9,0,,
132,entry,0,4,,
132,entry,2,2,,
132,entry,3,90,,
132,entry,4,47,,
132,entry,5,5,,
132,entry,6,,82,4
132,entry,7,69,,
132,entry,8,10,,
132,entry,9,35,,
132,entry,10,14,,8
132,entry,13,,19,
132,entry,14,38,,
132,entry,15,15,,
132,entry,16,48,,
132,entry,17,49,,
132,entry,18,36,,
132,entry,19,0,,
132,entry,20,16,,
132,entry,24,39,,
132,entry,25,25,,
132,entry,26,9,,
132,entry,27,37,,7
132,entry,28,,64,
132,entry,29,79,,
132,entry,30,17,,
132,entry,35,26,,1
132,entry,36,80,,
132,entry,37,18,,
132,entry,38,7,,
132,entry,39,20,,
132,entry,40,59,,
132,entry,46,70,,
132,entry,47,19,,
132,entry,48,29,,
132,entry,49,46,,
132,entry,50,60,,2
132,entry,57,,73,
132,entry,58,,55,
132,entry,59,6,,6
132,entry,60,68,,
132,entry,68,27,,
132,entry,69,40,,
132,entry,70,3,,
132,entry,79,50,,3
132,entry,80,13,,
132,entry,90,,46,
132,start,2,28,,5
132,start,3,58,,
132,start,4,30,,
132,start,5,,37,
132,start,6,57,,
132,start,7,,28,
132,start,8,8,,
132,start,9,24,,
133,entry,0,29,,
133,entry,2,14,,
133,entry,3,50,,
133,entry,4,8,,
133,entry,5,59,,
133,entry,6,30,,
133,entry,7,7,,
133,entry,8,36,,7
133,entry,9,,37,
133,entry,10,39,,
133,entry,13,60,,
133,entry,14,18,,
133,entry,15,24,,
133,entry,16,0,,
133,entry,17,17,,
133,entry,18,10,,2 4
133,entry,19,4,,
133,entry,20,46,,
133,entry,24,69,,
133,entry,25,58,,
133,entry,26,,82,1
133,entry,27,,19,3
133,entry,28,47,,5 8
133,entry,29,16,,
133,entry,30,28,,6
133,entry,35,6,,
133,entry,36,13,,
133,entry,37,38,,
133,entry,38,80,,
133,entry,39,26,,
133,entry,40,25,,
133,entry,46,49,,
133,entry,47,,28,
133,entry,48,79,,
133,entry,49,19,,
133,entry,50,35,,
133,entry,57,3,,
133,entry,58,90,,
133,entry,59,48,,
133,entry,60,,55,
133,entry,68,,64,
133,entry,69,27,,
133,entry,70,,46,
133,entry,79,70,,
133,entry,80,68,,
133,entry,90,9,,
133,start,2,5,,
133,start,3,37,,
133,start,4,,73,
133,start,5,15,,
133,start,6,40,,
133,start,7,2,,
133,start,8,20,,
133,start,9,57,,
134,entry,0,17,,7
134,entry,2,,55,
134,entry,3,2,,2
134,entry,4,27,,
134,entry,5,79,,8
134,entry,6,70,,
134,entry,7,39,,
134,entry,8,26,,
134,entry,9,25,,
134,entry,10,15,,4
134,entry,13,35,,
134,entry,14,37,,
134,entry,15,16,,
134,entry,16,80,,
134,entry,17,49,,
134,entry,18,30,,1
134,entry,19,20,,
134,entry,20,69,,
134,entry,24,18,,
134,entry,25,14,,
134,entry,26,13,,
134,entry,27,48,,
134,entry,28,7,,
134,entry,29,47,,
134,entry,30,58,,
134,entry,35,3,,
134,entry,36,,37,
134,entry,37,,19,
134,entry,38,40,,
134,entry,39,10,,
134,entry,40,6,,
134,entry,46,28,,5
134,entry,47,50,,
134,entry,48,90,,
134,entry,49,8,,
134,entry,50,9,,
134,entry,57,60,,
134,entry,58,19,,
134,entry,59,38,,
134,entry,60,57,,
134,entry,68,29,,
134,entry,69,24,,
134,entry,70,,28,6
134,entry,79,,46,
134,entry,80,46,,
134,entry,90,,73,3
134,start,2,,64,
134,start,3,,82,
134,start,4,4,,
134,start,5,59,,
134,start,6,68,,
134,start,7,36,,
134,start,8,5,,
134,start,9,0,,
135,entry,0,29,,
135,entry,2,19,,
135,entry,3,79,,
135,entry,4,4,,
135,entry,5,59,,
135,entry,6,6,,
135,entry,7,37,,
135,entry,8,60,,
135,entry,9,38,,
135,entry,10,,37,
135,entry,13,,28,
135,entry,14,14,,4 8
135,entry,15,69,,
135,entry,16,36,,
135,entry,17,5,,
135,entry,18,39,,
135,entry,19,48,,
135,entry,20,68,,5
135,entry,24,,55,6
135,entry,25,26,,
135,entry,26,,46,
135,entry,27,15,,3
135,entry,28,30,,
135,entry,29,58,,
135,entry,30,40,,
135,entry,35,46,,
135,entry,36,70,,
135,entry,37,27,,
135,entry,38,80,,
135,entry,39,25,,2
135,entry,40,50,,
135,entry,46,49,,
135,entry,47,,82,
135,entry,48,90,,
135,entry,49,20,,
135,entry,50,47,,
135,entry,57,9,,
135,entry,58,,19,
135,entry,59,18,,
135,entry,60,57,,
135,entry,68,2,,
135,entry,69,28,,
135,entry,70,,64,
135,entry,79,3,,1 7
135,entry,80,7,,
135,entry,90,13,,
135,start,2,,73,
135,start,3,10,,
135,start,4,17,,
135,start,5,35,,
135,start,6,16,,
135,start,7,0,,
135,start,8,8,,
135,start,9,24,,
136,entry,0,5,,
136,entry,2,,46,
136,entry,3,19,,1
136,entry,4,6,,
136,entry,5,38,,
136,entry,6,0,,
136,entry,7,16,,
136,entry,8,59,,
136,entry,9,3,,
136,entry,10,26,,
136,entry,13,24,,
136,entry,14,39,,
136,entry,15,,19,
136,entry,16,10,,
136,entry,17,27,,
136,entry,18,30,,
136,entry,19,13,,
136,entry,20,28,,
136,entry,24,47,,8
136,entry,25,2,,
136,entry,26,15,,
136,entry,27,79,,
136,entry,28,40,,
136,entry,29,,37,7
136,entry,30,,82,
136,entry,35,18,,
136,entry,36,25,,6
136,entry,37,35,,
136,entry,38,,64,
136,entry,39,68,,
136,entry,40,48,,
136,entry,46,70,,3
136,entry,47,,55,
136,entry,48,8,,
136,entry,49,49,,
136,entry,50,58,,
136,entry,57,,73,
136,entry,58,80,,2 4
136,entry,59,4,,
136,entry,60,29,,5
136,entry,68,37,,
136,entry,69,36,,
136,entry,70,14,,
136,entry,79,69,,
136,entry,80,9,,
136,entry,90,,28,
136,start,2,90,,
136,start,3,17,,
136,start,4,50,,
136,start,5,46,,
136,start,6,7,,
136,start,7,60,,
136,start,8,20,,
136,start,9,57,,
137,entry,0,18,,
137,entry,2,25,,
137,entry,3,,82,
137,entry,4,35,,
137,entry,5,47,,
137,entry,6,,19,
137,entry,7,28,,
137,entry,8,58,,
137,entry,9,,73,
137,entry,10,10,,
137,entry,13,9,,4
137,entry,14,15,,
137,entry,15,27,,
137,entry,16,40,,
137,entry,17,90,,
137,entry,18,20,,
137,entry,19,19,,
137,entry,20,50,,
137,entry,24,29,,
137,entry,25,3,,
137,entry,26,57,,6
137,entry,27,7,,1
137,entry,28,30,,
137,entry,29,36,,
137,entry,30,39,,
137,entry,35,,37,
137,entry,36,49,,
137,entry,37,13,,7
137,entry,38,8,,
137,entry,39,46,,
137,entry,40,4,,5
137,entry,46,59,,
137,entry,47,16,,
137,entry,48,,55,
137,entry,49,,64,
137,entry,50,37,,
137,entry,57,48,,
137,entry,58,6,,3
137,entry,59,,46,
137,entry,60,68,,
137,entry,68,24,,
137,entry,69,70,,
137,entry,70,26,,
137,entry,79,79,,2 8
137,entry,80,60,,
137,entry,90,38,,
137,start,2,80,,
137,start,3,17,,
137,start,4,14,,
137,start,5,2,,
137,start,6,69,,
137,start,7,,28,
137,start,8,5,,
137,start,9,0,,
138,entry,0,19,,
138,entry,2,,82,
138,entry,3,,73,4
138,entry,4,18,,
138,entry,5,,46,
138,entry,6,36,,
138,entry,7,5,,
138,entry,8,68,,
138,entry,9,39,,
138,entry,10,0,,
138,entry,13,48,,
138,entry,14,37,,
138,entry,15,27,,
138,entry,16,25,,
138,entry,17,15,,
138,entry,18,69,,
138,entry,19,49,,
138,entry,20,10,,
138,entry,24,57,,
138,entry,25,16,,
138,entry,26,26,,
138,entry,27,,37,6
138,entry,28,80,,
138,entry,29,,19,
138,entry,30,20,,
138,entry,35,35,,7
138,entry,36,47,,
138,entry,37,40,,
138,entry,38,,28,
138,entry,39,2,,
138,entry,40,46,,
138,entry,46,13,,
138,entry,47,50,,3
138,entry,48,3,,
138,entry,49,7,,
138,entry,50,,64,1
138,entry,57,70,,
138,entry,58,9,,
138,entry,59,,55,
138,entry,60,4,,
138,entry,68,79,,
138,entry,69,17,,
138,entry,70,14,,8
138,entry,79,60,,2
138,entry,80,6,,
138,entry,90,29,,
138,start,2,28,,5
138,start,3,58,,
138,start,4,30,,
138,start,5,90,,
138,start,6,38,,
138,start,7,59,,
138,start,8,8,,
138,start,9,24,,
139,entry,0,9,,
139,entry,2,0,,
139,entry,3,,73,
139,entry,4,69,,
139,entry,5,,64,
139,entry,6,28,,6
139,entry,7,50,,
139,entry,8,70,,
139,entry,9,47,,8
139,entry,10,79,,2 4
139,entry,13,40,,
139,entry,14,,82,
139,entry,15,68,,
139,entry,16,25,,
139,entry,17,60,,
139,entry,18,24,,
139,entry,19,,19,
139,entry,20,27,,5
139,entry,24,19,,
139,entry,25,49,,
139,entry,26,35,,
139,entry,27,46,,
139,entry,28,38,,
139,entry,29,2,,
139,entry,30,36,,
139,entry,35,59,,
139,entry,36,,55,
139,entry,37,29,,
139,entry,38,6,,
139,entry,39,3,,
139,entry,40,14,,
139,entry,46,,46,
139,entry,47,39,,
139,entry,48,8,,
139,entry,49,48,,
139,entry,50,,37,
139,entry,57,26,,
139,entry,58,18,,
139,entry,59,58,,1
139,entry,60,4,,
139,entry,68,80,,
139,entry,69,,28,
139,entry,70,16,,7
139,entry,79,7,,
139,entry,80,30,,
139,entry,90,10,,3
139,start,2,5,,
139,start,3,17,,
139,start,4,37,,
139,start,5,15,,
139,start,6,13,,
139,start,7,90,,
139,start,8,20,,
139,start,9,57,,
140,entry,0,50,,
140,entry,2,36,,
140,entry,3,,64,
140,entry,4,14,,
140,entry,5,24,,
140,entry,6,48,,
140,entry,7,40,,
140,entry,8,13,,
140,entry,9,70,,
140,entry,10,2,,2
140,entry,13,7,,
140,entry,14,16,,
140,entry,15,,46,
140,entry,16,,19,
140,entry,17,90,,
140,entry,18,38,,
140,entry,19,,28,6
140,entry,20,35,,
140,entry,24,27,,
140,entry,25,26,,
140,entry,26,,73,
140,entry,27,59,,
140,entry,28,37,,
140,entry,29,19,,
140,entry,30,,55,
140,entry,35,28,,5
140,entry,36,8,,
140,entry,37,49,,7
140,entry,38,68,,
140,entry,39,80,,3
140,entry,40,69,,
140,entry,46,18,,
140,entry,47,15,,
140,entry,48,,82,
140,entry,49,3,,
140,entry,50,79,,4 8
140,entry,57,25,,
140,entry,58,30,,1
140,entry,59,20,,
140,entry,60,4,,
140,entry,68,39,,
140,entry,69,47,,
140,entry,70,58,,
140,entry,79,57,,
140,entry,80,6,,
140,entry,90,60,,
140,start,2,29,,
140,start,3,10,,
140,start,4,17,,
140,start,5,,37,
140,start,6,46,,
140,start,7,9,,
140,start,8,5,,
140,start,9,0,,
141,entry,0,7,,
141,entry,2,,64,
141,entry,3,,19,
141,entry,4,59,,
141,entry,5,17,,6
141,entry,6,26,,
141,entry,7,80,,
141,entry,8,13,,
141,entry,9,28,,
141,entry,10,27,,
141,entry,13,79,,
141,entry,14,,46,
141,entry,15,36,,
141,entry,16,38,,
141,entry,17,48,,
141,entry,18,46,,
141,entry,19,4,,1 7
141,entry,20,37,,
141,entry,24,68,,5
141,entry,25,,37,
141,entry,26,58,,
141,entry,27,6,,
141,entry,28,5,,
141,entry,29,,73,
141,entry,30,40,,
141,entry,35,49,,
141,entry,36,35,,
141,entry,37,70,,
141,entry,38,15,,3
141,entry,39,,82,
141,entry,40,50,,
141,entry,46,,55,4
141,entry,47,9,,
141,entry,48,57,,
141,entry,49,30,,
141,entry,50,60,,
141,entry,57,19,,
141,entry,58,29,,
141,entry,59,2,,
141,entry,60,69,,
141,entry,68,39,,
141,entry,69,,28,
141,entry,70,25,,2
141,entry,79,3,,
141,entry,80,20,,
141,entry,90,18,,
141,start,2,14,,8
141,start,3,10,,
141,start,4,47,,
141,start,5,16,,
141,start,6,90,,
141,start,7,0,,
141,start,8,8,,
141,start,9,24,,
142,entry,0,17,,
142,entry,2,7,,
142,entry,3,59,,
142,entry,4,9,,
142,entry,5,30,,
142,entry,6,,46,
142,entry,7,58,,
142,entry,8,90,,
142,entry,9,35,,
142,entry,10,16,,
142,entry,13,69,,
142,entry,14,68,,
142,entry,15,40,,
142,entry,16,5,,
142,entry,17,38,,
142,entry,18,15,,
142,entry,19,26,,
142,entry,20,46,,
142,entry,24,49,,
142,entry,25,29,,5
142,entry,26,36,,
142,entry,27,39,,
142,entry,28,25,,6
142,entry,29,37,,
142,entry,30,79,,
142,entry,35,14,,
142,entry,36,28,,
142,entry,37,,55,
142,entry,38,70,,3
142,entry,39,0,,
142,entry,40,27,,
142,entry,46,,82,
142,entry,47,19,,1
142,entry,48,4,,7
142,entry,49,3,,
142,entry,50,47,,8
142,entry,57,24,,
142,entry,58,2,,
142,entry,59,13,,
142,entry,60,,73,
142,entry,68,,28,
142,entry,69,,37,
142,entry,70,6,,
142,entry,79,10,,
142,entry,80,48,,
142,entry,90,80,,2 4
142,start,2,,19,
142,start,3,18,,
142,start,4,50,,
142,start,5,,64,
142,start,6,8,,
142,start,7,60,,
142,start,8,20,,
142,start,9,57,,
143,entry,0,46,,
143,entry,2,36,,
143,entry,3,25,,
143,entry,4,80,,
143,entry,5,3,,
143,entry,6,57,,6
143,entry,7,24,,1
143,entry,8,30,,
143,entry,9,39,,
143,entry,10,13,,
143,entry,13,18,,
143,entry,14,50,,
143,entry,15,17,,
143,entry,16,,37,
143,entry,17,,73,
143,entry,18,6,,
143,entry,19,49,,
143,entry,20,27,,5
143,entry,24,60,,4
143,entry,25,35,,
143,entry,26,4,,
143,entry,27,69,,
143,entry,28,16,,
143,entry,29,14,,
143,entry,30,9,,
143,entry,35,8,,
143,entry,36,79,,8
143,entry,37,48,,
143,entry,38,47,,3
143,entry,39,,82,
143,entry,40,19,,
143,entry,46,10,,
143,entry,47,,19,
143,entry,48,68,,
143,entry,49,7,,7
143,entry,50,29,,
143,entry,57,40,,
143,entry,58,28,,
143,entry,59,26,,2
143,entry,60,,64,
143,entry,68,90,,
143,entry,69,58,,
143,entry,70,38,,
143,entry,79,20,,
143,entry,80,,55,
143,entry,90,70,,
143,start,2,15,,
143,start,3,59,,
143,start,4,37,,
143,start,5,2,,
143,start,6,,46,
143,start,7,,28,
143,start,8,5,,
143,start,9,0,,
144,entry,0,6,,
144,entry,2,,55,
144,entry,3,60,,2
144,entry,4,20,,
144,entry,5,14,,8
144,entry,6,10,,1
144,entry,7,38,,
144,entry,8,,82,
144,entry,9,,28,
144,entry,10,37,,
144,entry,13,68,,
144,entry,14,46,,
144,entry,15,,46,
144,entry,16,15,,
144,entry,17,,37,
144,entry,18,29,,7
144,entry,19,36,,
144,entry,20,47,,
144,entry,24,9,,
144,entry,25,17,,
144,entry,26,25,,
144,entry,27,59,,
144,entry,28,18,,
144,entry,29,70,,
144,entry,30,2,,
144,entry,35,27,,
144,entry,36,26,,
144,entry,37,69,,
144,entry,38,90,,
144,entry,39,5,,
144,entry,40,79,,
144,entry,46,4,,
144,entry,47,80,,
144,entry,48,7,,
144,entry,49,,19,
144,entry,50,3,,
144,entry,57,0,,
144,entry,58,39,,4
144,entry,59,57,,
144,entry,60,13,,
144,entry,68,48,,
144,entry,69,19,,
144,entry,70,,73,6
144,entry,79,49,,
144,entry,80,40,,
144,entry,90,50,,3
144,start,2,28,,5
144,start,3,58,,
144,start,4,30,,
144,start,5,16,,
144,start,6,,64,
144,start,7,35,,
144,start,8,8,,
144,start,9,24,,
145,entry,0,47,,8
145,entry,2,69,,1
145,entry,3,,37,
145,entry,4,2,,
145,entry,5,26,,
145,entry,6,46,,2 4
145,entry,7,14,,
145,entry,8,,55,
145,entry,9,60,,
145,entry,10,68,,7
145,entry,13,59,,
145,entry,14,27,,
145,entry,15,36,,
145,entry,16,90,,5
145,entry,17,19,,
145,entry,18,,46,
145,entry,19,48,,
145,entry,20,30,,
145,entry,24,37,,
145,entry,25,,82,
145,entry,26,38,,
145,entry,27,,28,
145,entry,28,58,,
145,entry,29,29,,
145,entry,30,24,,
145,entry,35,7,,3
145,entry,36,,64,
145,entry,37,9,,
145,entry,38,79,,
145,entry,39,39,,
145,entry,40,3,,
145,entry,46,16,,
145,entry,47,,73,
145,entry,48,0,,
145,entry,49,49,,
145,entry,50,6,,
145,entry,57,13,,
145,entry,58,70,,
145,entry,59,28,,6
145,entry,60,8,,
145,entry,68,80,,
145,entry,69,25,,
145,entry,70,18,,
145,entry,79,35,,
145,entry,80,40,,
145,entry,90,50,,
145,start,2,5,,
145,start,3,10,,
145,start,4,,19,
145,start,5,15,,
145,start,6,4,,
145,start,7,17,,
145,start,8,20,,
145,start,9,57,,
146,entry,0,7,,
146,entry,2,,64,
146,entry,3,38,,
146,entry,4,47,,
146,entry,5,27,,
146,entry,6,58,,
146,entry,7,2,,2
146,entry,8,70,,
146,entry,9,,19,
146,entry,10,30,,1
146,entry,13,46,,
146,entry,14,49,,
146,entry,15,69,,3
146,entry,16,6,,
146,entry,17,35,,
146,entry,18,16,,
146,entry,19,57,,
146,entry,20,68,,
146,entry,24,79,,8
146,entry,25,29,,
146,entry,26,25,,
146,entry,27,,55,
146,entry,28,36,,
146,entry,29,,73,
146,entry,30,40,,
146,entry,35,20,,
146,entry,36,59,,
146,entry,37,,46,
146,entry,38,14,,
146,entry,39,8,,
146,entry,40,90,,
146,entry,46,,28,6
146,entry,47,19,,4
146,entry,48,24,,
146,entry,49,18,,
146,entry,50,3,,
146,entry,57,60,,
146,entry,58,,37,
146,entry,59,80,,
146,entry,60,9,,
146,entry,68,10,,
146,entry,69,13,,
146,entry,70,,82,7
146,entry,79,28,,5
146,entry,80,15,,
146,entry,90,48,,
146,start,2,37,,
146,start,3,39,,
146,start,4,26,,
146,start,5,50,,
146,start,6,4,,
146,start,7,17,,
146,start,8,5,,
146,start,9,0,,
147,entry,0,19,,6
147,entry,2,,73,4
147,entry,3,90,,
147,entry,4,50,,
147,entry,5,80,,
147,entry,6,15,,3
147,entry,7,35,,
147,entry,8,20,,
147,entry,9,,46,
147,entry,10,,37,
147,entry,13,57,,
147,entry,14,60,,
147,entry,15,,82,
147,entry,16,59,,
147,entry,17,,55,
147,entry,18,18,,
147,entry,19,,19,
147,entry,20,17,,
147,entry,24,69,,
147,entry,25,70,,
147,entry,26,2,,
147,entry,27,6,,
147,entry,28,28,,
147,entry,29,26,,
147,entry,30,3,,
147,entry,35,40,,
147,entry,36,,28,
147,entry,37,16,,
147,entry,38,27,,1 7
147,entry,39,36,,
147,entry,40,13,,
147,entry,46,37,,
147,entry,47,4,,
147,entry,48,29,,
147,entry,49,46,,
147,entry,50,47,,
147,entry,57,5,,
147,entry,58,39,,
147,entry,59,,64,
147,entry,60,68,,5
147,entry,68,30,,
147,entry,69,7,,
147,entry,70,48,,
147,entry,79,25,,2
147,entry,80,58,,
147,entry,90,14,,8
147,start,2,79,,
147,start,3,10,,
147,start,4,49,,
147,start,5,9,,
147,start,6,38,,
147,start,7,0,,
147,start,8,8,,
147,start,9,24,,
148,entry,0,29,,5
148,entry,2,6,,
148,entry,3,,82,
148,entry,4,5,,
148,entry,5,10,,
148,entry,6,59,,
148,entry,7,58,,
148,entry,8,0,,
148,entry,9,3,,
148,entry,10,14,,
148,entry,13,46,,
148,entry,14,,28,
148,entry,15,19,,1
148,entry,16,69,,
148,entry,17,68,,
148,entry,18,2,,
148,entry,19,38,,
148,entry,20,9,,
148,entry,24,28,,
148,entry,25,24,,
148,entry,26,40,,
148,entry,27,15,,
148,entry,28,26,,
148,entry,29,79,,
148,entry,30,,37,
148,entry,35,,46,
148,entry,36,90,,7
148,entry,37,25,,6
148,entry,38,48,,
148,entry,39,,55,
148,entry,40,4,,
148,entry,46,39,,
148,entry,47,70,,3
148,entry,48,37,,
148,entry,49,,64,
148,entry,50,16,,
148,entry,57,36,,
148,entry,58,47,,8
148,entry,59,7,,
148,entry,60,35,,
148,entry,68,,73,
148,entry,69,30,,
148,entry,70,8,,
148,entry,79,80,,2 4
148,entry,80,18,,
148,entry,90,,19,
148,start,2,49,,
148,start,3,27,,
148,start,4,50,,
148,start,5,13,,
148,start,6,17,,
148,start,7,60,,
148,start,8,20,,
148,start,9,57,,
149,entry,0,6,,
149,entry,2,,55,
149,entry,3,,82,
149,entry,4,24,,
149,entry,5,13,,5
149,entry,6,25,,
149,entry,7,80,,
149,entry,8,40,,
149,entry,9,4,,
149,entry,10,14,,
149,entry,13,8,,
149,entry,14,38,,
149,entry,15,70,,7
149,entry,16,18,,
149,entry,17,35,,
149,entry,18,57,,6
149,entry,19,28,,
149,entry,20,,46,
149,entry,24,49,,
149,entry,25,15,,
149,entry,26,17,,
149,entry,27,46,,
149,entry,28,29,,
149,entry,29,90,,
149,entry,30,7,,2
149,entry,35,,73,
149,entry,36,27,,
149,entry,37,9,,
149,entry,38,39,,
149,entry,39,16,,1
149,entry,40,58,,
149,entry,46,19,,
149,entry,47,37,,
149,entry,48,50,,
149,entry,49,36,,
149,entry,50,20,,
149,entry,57,68,,4
149,entry,58,60,,
149,entry,59,10,,
149,entry,60,30,,
149,entry,68,3,,
149,entry,69,48,,
149,entry,70,59,,
149,entry,79,,19,
149,entry,80,69,,
149,entry,90,79,,3 8
149,start,2,26,,
149,start,3,,64,
149,start,4,,37,
149,start,5,2,,
149,start,6,47,,
149,start,7,,28,
149,start,8,5,,
149,start,9,0,,
150,entry,0,46,,
150,entry,2,20,,
150,entry,3,70,,
150,entry,4,90,,
150,entry,5,39,,
150,entry,6,47,,
150,entry,7,27,,6
150,entry,8,14,,8
150,entry,9,35,,
150,entry,10,,64,
150,entry,13,2,,
150,entry,14,,19,4
150,entry,15,,73,7
150,entry,16,59,,
150,entry,17,40,,
150,entry,18,6,,
150,entry,19,,55,
150,entry,20,7,,
150,entry,24,48,,
150,entry,25,18,,
150,entry,26,17,,
150,entry,27,50,,3
150,entry,28,16,,
150,entry,29,38,,
150,entry,30,,82,1
150,entry,35,49,,
150,entry,36,57,,
150,entry,37,15,,
150,entry,38,5,,
150,entry,39,69,,
150,entry,40,9,,
150,entry,46,10,,
150,entry,47,36,,
150,entry,48,79,,
150,entry,49,0,,
150,entry,50,19,,
150,entry,57,37,,
150,entry,58,25,,
150,entry,59,60,,2
150,entry,60,29,,
150,entry,68,26,,
150,entry,69,68,,
150,entry,70,,28,
150,entry,79,4,,
150,entry,80,3,,
150,entry,90,13,,
150,start,2,28,,5
150,start,3,58,,
150,start,4,30,,
150,start,5,,46,
150,start,6,80,,
150,start,7,,37,
150,start,8,8,,
150,start,9,24,,
151,entry,0,68,,
151,entry,2,24,,
151,entry,3,7,,
151,entry,4,70,,
151,entry,5,48,,
151,entry,6,9,,
151,entry,7,46,,7
151,entry,8,49,,
151,entry,9,,64,
151,entry,10,6,,
151,entry,13,17,,
151,entry,14,80,,1
151,entry,15,3,,
151,entry,16,4,,
151,entry,17,0,,
151,entry,18,59,,
151,entry,19,28,,6
151,entry,20,8,,
151,entry,24,,37,
151,entry,25,13,,
151,entry,26,16,,
151,entry,27,90,,2 4
151,entry,28,69,,
151,entry,29,25,,
151,entry,30,18,,
151,entry,35,10,,
151,entry,36,26,,
151,entry,37,,73,5
151,entry,38,79,,
151,entry,39,35,,
151,entry,40,27,,
151,entry,46,2,,3
151,entry,47,30,,
151,entry,48,19,,
151,entry,49,,55,
151,entry,50,50,,
151,entry,57,37,,
151,entry,58,58,,
151,entry,59,,46,
151,entry,60,60,,
151,entry,68,36,,
151,entry,69,,19,
151,entry,70,40,,
151,entry,79,14,,
151,entry,80,29,,
151,entry,90,39,,
151,start,2,5,,
151,start,3,47,,8
151,start,4,38,,
151,start,5,15,,
151,start,6,,82,
151,start,7,,28,
151,start,8,20,,
151,start,9,57,,
152,entry,0,47,,
152,entry,2,20,,
152,entry,3,3,,3
152,entry,4,10,,
152,entry,5,14,,
152,entry,6,2,,2
152,entry,7,16,,
152,entry,8,70,,
152,entry,9,90,,
152,entry,10,15,,
152,entry,13,36,,
152,entry,14,,28,6
152,entry,15,58,,
152,entry,16,35,,
152,entry,17,37,,
152,entry,18,80,,
152,entry,19,46,,
152,entry,20,69,,
152,entry,24,29,,
152,entry,25,6,,
152,entry,26,,55,
152,entry,27,8,,
152,entry,28,13,,
152,entry,29,,64,
152,entry,30,38,,
152,entry,35,79,,8
152,entry,36,,46,
152,entry,37,18,,
152,entry,38,,37,
152,entry,39,7,,
152,entry,40,68,,
152,entry,46,26,,4
152,entry,47,57,,
152,entry,48,60,,
152,entry,49,17,,
152,entry,50,,82,
152,entry,57,59,,7
152,entry,58,28,,5
152,entry,59,48,,
152,entry,60,9,,
152,entry,68,24,,
152,entry,69,,19,
152,entry,70,30,,1
152,entry,79,25,,
152,entry,80,49,,
152,entry,90,40,,
152,start,2,39,,
152,start,3,50,,
152,start,4,27,,
152,start,5,4,,
152,start,6,,73,
152,start,7,19,,
152,start,8,5,,
152,start,9,0,,
153,entry,0,80,,
153,entry,2,15,,3
153,entry,3,36,,
153,entry,4,16,,
153,entry,5,79,,
153,entry,6,25,,2
153,entry,7,58,,
153,entry,8,4,,
153,entry,9,57,,
153,entry,10,3,,
153,entry,13,5,,
153,entry,14,17,,
153,entry,15,90,,
153,entry,16,20,,
153,entry,17,49,,
153,entry,18,,73,
153,entry,19,48,,
153,entry,20,13,,
153,entry,24,27,,
153,entry,25,30,,
153,entry,26,18,,
153,entry,27,59,,
153,entry,28,68,,5
153,entry,29,,82,
153,entry,30,14,,8
153,entry,35,6,,
153,entry,36,28,,
153,entry,37,40,,
153,entry,38,35,,
153,entry,39,9,,4
153,entry,40,38,,
153,entry,46,47,,1 7
153,entry,47,50,,
153,entry,48,,55,
153,entry,49,39,,6
153,entry,50,19,,
153,entry,57,60,,
153,entry,58,46,,
153,entry,59,26,,
153,entry,60,70,,
153,entry,68,,64,
153,entry,69,37,,
153,entry,70,,19,
153,entry,79,,37,
153,entry,80,2,,
153,entry,90,,28,
153,start,2,7,,
153,start,3,10,,
153,start,4,69,,
153,start,5,29,,
153,start,6,,46,
153,start,7,0,,
153,start,8,8,,
153,start,9,24,,
154,entry,0,26,,
154,entry,2,,82,
154,entry,3,49,,
154,entry,4,24,,
154,entry,5,,73,
154,entry,6,70,,3
154,entry,7,,37,
154,entry,8,38,,
154,entry,9,6,,
154,entry,10,,19,
154,entry,13,28,,
154,entry,14,,46,
154,entry,15,39,,
154,entry,16,16,,
154,entry,17,4,,
154,entry,18,80,,2 4
154,entry,19,58,,
154,entry,20,29,,5
154,entry,24,5,,
154,entry,25,47,,8
154,entry,26,27,,
154,entry,27,,64,
154,entry,28,18,,
154,entry,29,59,,
154,entry,30,14,,
154,entry,35,19,,1
154,entry,36,37,,
154,entry,37,7,,
154,entry,38,68,,
154,entry,39,36,,
154,entry,40,9,,
154,entry,46,48,,7
154,entry,47,15,,
154,entry,48,90,,
154,entry,49,8,,
154,entry,50,30,,
154,entry,57,25,,6
154,entry,58,46,,
154,entry,59,10,,
154,entry,60,40,,
154,entry,68,13,,
154,entry,69,35,,
154,entry,70,79,,
154,entry,79,,55,
154,entry,80,0,,
154,entry,90,2,,
154,start,2,17,,
154,start,3,3,,
154,start,4,50,,
154,start,5,69,,
154,start,6,,28,
154,start,7,60,,
154,start,8,20,,
154,start,9,57,,
155,entry,0,35,,
155,entry,2,50,,
155,entry,3,,73,
155,entry,4,,82,
155,entry,5,48,,
155,entry,6,28,,
155,entry,7,20,,
155,entry,8,16,,
155,entry,9,60,,5
155,entry,10,39,,
155,entry,13,3,,
155,entry,14,9,,
155,entry,15,,19,
155,entry,16,90,,
155,entry,17,30,,
155,entry,18,47,,
155,entry,19,8,,
155,entry,20,37,,
155,entry,24,15,,
155,entry,25,40,,
155,entry,26,46,,1
155,entry,27,59,,
155,entry,28,36,,
155,entry,29,,55,
155,entry,30,7,,
155,entry,35,57,,6
155,entry,36,29,,
155,entry,37,69,,
155,entry,38,13,,
155,entry,39,6,,
155,entry,40,17,,4
155,entry,46,10,,7
155,entry,47,79,,3 8
155,entry,48,,46,
155,entry,49,24,,
155,entry,50,25,,
155,entry,57,80,,
155,entry,58,,37,2
155,entry,59,38,,
155,entry,60,18,,
155,entry,68,58,,
155,entry,69,49,,
155,entry,70,4,,
155,entry,79,27,,
155,entry,80,14,,
155,entry,90,68,,
155,start,2,19,,
155,start,3,26,,
155,start,4,70,,
155,start,5,2,,
155,start,6,,64,
155,start,7,,28,
155,start,8,5,,
155,start,9,0,,
156,entry,0,10,,
156,entry,2,36,,
156,entry,3,50,,3
156,entry,4,0,,
156,entry,5,6,,
156,entry,6,60,,2
156,entry,7,3,,
156,entry,8,70,,
156,entry,9,27,,
156,entry,10,20,,
156,entry,13,19,,
156,entry,14,17,,6
156,entry,15,9,,
156,entry,16,68,,
156,entry,17,,46,
156,entry,18,5,,1
156,entry,19,37,,4
156,entry,20,49,,
156,entry,24,40,,
156,entry,25,79,,
156,entry,26,,37,
156,entry,27,35,,
156,entry,28,46,,
156,entry,29,48,,
156,entry,30,16,,
156,entry,35,29,,
156,entry,36,4,,
156,entry,37,15,,
156,entry,38,,64,
156,entry,39,,82,
156,entry,40,47,,
156,entry,46,,55,
156,entry,47,25,,
156,entry,48,7,,
156,entry,49,,19,
156,entry,50,59,,
156,entry,57,38,,
156,entry,58,2,,
156,entry,59,69,,
156,entry,60,,73,
156,entry,68,,28,
156,entry,69,80,,
156,entry,70,57,,7
156,entry,79,90,,
156,entry,80,18,,
156,entry,90,39,,
156,start,2,28,,5
156,start,3,58,,
156,start,4,30,,
156,start,5,14,,8
156,start,6,26,,
156,start,7,13,,
156,start,8,8,,
156,start,9,24,,
157,entry,0,,19,7
157,entry,2,46,,
157,entry,3,47,,8
157,entry,4,17,,
157,entry,5,,55,
157,entry,6,39,,
157,entry,7,18,,
157,entry,8,69,,
157,entry,9,90,,
157,entry,10,30,,
157,entry,13,19,,
157,entry,14,27,,
157,entry,15,,46,
157,entry,16,2,,
157,entry,17,,37,
157,entry,18,3,,
157,entry,19,58,,3
157,entry,20,,73,
157,entry,24,37,,
157,entry,25,,28,
157,entry,26,28,,6
157,entry,27,50,,
157,entry,28,13,,
157,entry,29,36,,
157,entry,30,38,,2 4
157,entry,35,7,,
157,entry,36,25,,
157,entry,37,60,,
157,entry,38,24,,
157,entry,39,49,,
157,entry,40,16,,5
157,entry,46,35,,
157,entry,47,48,,
157,entry,48,,64,
157,entry,49,59,,
157,entry,50,40,,
157,entry,57,29,,
157,entry,58,6,,
157,entry,59,,82,
157,entry,60,70,,
157,entry,68,8,,
157,entry,69,80,,
157,entry,70,79,,
157,entry,79,14,,1
157,entry,80,0,,
157,entry,90,10,,
157,start,2,5,,
157,start,3,4,,
157,start,4,26,,
157,start,5,15,,
157,start,6,9,,
157,start,7,68,,
157,start,8,20,,
157,start,9,57,,
158,entry,0,90,,
158,entry,2,40,,
158,entry,3,30,,1
158,entry,4,,37,
158,entry,5,47,,
158,entry,6,,28,6
158,entry,7,46,,4 7
158,entry,8,3,,
158,entry,9,10,,
158,entry,10,25,,
158,entry,13,36,,
158,entry,14,4,,
158,entry,15,18,,
158,entry,16,,46,
158,entry,17,39,,
158,entry,18,70,,
158,entry,19,50,,
158,entry,20,68,,
158,entry,24,14,,
158,entry,25,,73,
158,entry,26,57,,3
158,entry,27,58,,
158,entry,28,8,,
158,entry,29,60,,
158,entry,30,,82,
158,entry,35,38,,
158,entry,36,15,,
158,entry,37,6,,
158,entry,38,2,,2
158,entry,39,28,,5
158,entry,40,9,,
158,entry,46,20,,
158,entry,47,19,,
158,entry,48,35,,
158,entry,49,49,,
158,entry,50,48,,
158,entry,57,37,,
158,entry,58,,55,
158,entry,59,16,,
158,entry,60,,19,
158,entry,68,,64,
158,entry,69,13,,
158,entry,70,59,,
158,entry,79,17,,
158,entry,80,69,,
158,entry,90,79,,8
158,start,2,26,,
158,start,3,27,,
158,start,4,80,,
158,start,5,29,,
158,start,6,7,,
158,start,7,24,,
158,start,8,5,,
158,start,9,0,,
159,entry,0,38,,
159,entry,2,3,,
159,entry,3,14,,8
159,entry,4,,82,
159,entry,5,5,,
159,entry,6,69,,
159,entry,7,18,,
159,entry,8,59,,
159,entry,9,19,,
159,entry,10,48,,
159,entry,13,70,,
159,entry,14,57,,
159,entry,15,15,,3
159,entry,16,80,,
159,entry,17,28,,
159,entry,18,79,,
159,entry,19,13,,
159,entry,20,60,,
159,entry,24,29,,
159,entry,25,17,,
159,entry,26,90,,
159,entry,27,,28,1 7
159,entry,28,27,,
159,entry,29,68,,5
159,entry,30,39,,
159,entry,35,,73,
159,entry,36,,19,
159,entry,37,,64,
159,entry,38,37,,
159,entry,39,36,,
159,entry,40,,37,
159,entry,46,,55,
159,entry,47,7,,
159,entry,48,47,,
159,entry,49,46,,
159,entry,50,4,,4
159,entry,57,30,,
159,entry,58,25,,2
159,entry,59,6,,
159,entry,60,35,,6
159,entry,68,20,,
159,entry,69,40,,
159,entry,70,58,,
159,entry,79,49,,
159,entry,80,2,,
159,entry,90,9,,
159,start,2,50,,
159,start,3,10,,
159,start,4,16,,
159,start,5,,46,
159,start,6,26,,
159,start,7,0,,
159,start,8,8,,
159,start,9,24,,
160,entry,0,58,,
160,entry,2,48,,
160,entry,3,70,,3
160,entry,4,,73,
160,entry,5,49,,
160,entry,6,80,,2 4
160,entry,7,27,,
160,entry,8,7,,
160,entry,9,28,,
160,entry,10,46,,
160,entry,13,30,,
160,entry,14,15,,
160,entry,15,59,,
160,entry,16,,55,
160,entry,17,35,,
160,entry,18,17,,
160,entry,19,,82,
160,entry,20,26,,
160,entry,24,25,,6
160,entry,25,69,,7
160,entry,26,0,,
160,entry,27,4,,
160,entry,28,,37,
160,entry,29,40,,
160,entry,30,39,,
160,entry,35,47,,8
160,entry,36,13,,
160,entry,37,6,,
160,entry,38,,28,
160,entry,39,2,,
160,entry,40,16,,
160,entry,46,37,,
160,entry,47,8,,
160,entry,48,3,,
160,entry,49,29,,5
160,entry,50,19,,1
160,entry,57,36,,
160,entry,58,79,,
160,entry,59,14,,
160,entry,60,24,,
160,entry,68,90,,
160,entry,69,9,,
160,entry,70,,46,
160,entry,79,,64,
160,entry,80,5,,
160,entry,90,10,,
160,start,2,38,,
160,start,3,68,,
160,start,4,50,,
160,start,5,,19,
160,start,6,18,,
160,start,7,60,,
160,start,8,20,,
160,start,9,57,,
161,entry,0,15,,
161,entry,2,24,,
161,entry,3,38,,
161,entry,4,,82,
161,entry,5,80,,
161,entry,6,4,,
161,entry,7,37,,
161,entry,8,48,,
161,entry,9,,64,
161,entry,10,,73,
161,entry,13,50,,
161,entry,14,9,,7
161,entry,15,26,,
161,entry,16,14,,4
161,entry,17,3,,
161,entry,18,,19,
161,entry,19,7,,3
161,entry,20,8,,
161,entry,24,13,,
161,entry,25,29,,5
161,entry,26,25,,
161,entry,27,19,,
161,entry,28,40,,
161,entry,29,49,,
161,entry,30,59,,
161,entry,35,68,,
161,entry,36,18,,
161,entry,37,35,,
161,entry,38,57,,6
161,entry,39,28,,
161,entry,40,,37,
161,entry,46,47,,
161,entry,47,10,,
161,entry,48,36,,
161,entry,49,90,,
161,entry,50,16,,2
161,entry,57,,46,
161,entry,58,46,,
161,entry,59,,55,1
161,entry,60,58,,
161,entry,68,27,,
161,entry,69,79,,8
161,entry,70,20,,
161,entry,79,17,,
161,entry,80,30,,
161,entry,90,60,,
161,start,2,69,,
161,start,3,70,,
161,start,4,39,,
161,start,5,2,,
161,start,6,6,,
161,start,7,,28,
161,start,8,5,,
161,start,9,0,,
162,entry,0,40,,
162,entry,2,9,,6
162,entry,3,29,,
162,entry,4,,73,
162,entry,5,68,,
162,entry,6,47,,
162,entry,7,0,,
162,entry,8,14,,8
162,entry,9,20,,
162,entry,10,50,,3
162,entry,13,69,,
162,entry,14,26,,
162,entry,15,16,,
162,entry,16,,37,
162,entry,17,10,,
162,entry,18,7,,
162,entry,19,49,,7
162,entry,20,19,,
162,entry,24,79,,
162,entry,25,17,,
162,entry,26,4,,
162,entry,27,,46,
162,entry,28,59,,
162,entry,29,18,,
162,entry,30,36,,
162,entry,35,57,,
162,entry,36,46,,
162,entry,37,35,,
162,entry,38,38,,
162,entry,39,2,,
162,entry,40,80,,
162,entry,46,60,,2
162,entry,47,,55,
162,entry,48,3,,
162,entry,49,5,,
162,entry,50,90,,
162,entry,57,37,,
162,entry,58,13,,1
162,entry,59,15,,4
162,entry,60,,28,
162,entry,68,,19,
162,entry,69,48,,
162,entry,70,,82,
162,entry,79,25,,
162,entry,80,39,,
162,entry,90,,64,
162,start,2,28,,5
162,start,3,58,,
162,start,4,30,,
162,start,5,27,,
162,start,6,70,,
162,start,7,6,,
162,start,8,8,,
162,start,9,24,,
163,entry,0,10,,
163,entry,2,70,,
163,entry,3,2,,2 4
163,entry,4,47,,8
163,entry,5,36,,
163,entry,6,,46,
163,entry,7,39,,
163,entry,8,8,,
163,entry,9,90,,
163,entry,10,40,,
163,entry,13,48,,5
163,entry,14,,73,
163,entry,15,46,,
163,entry,16,14,,
163,entry,17,17,,
163,entry,18,18,,
163,entry,19,,19,1
163,entry,20,,28,
163,entry,24,,64,
163,entry,25,19,,
163,entry,26,,82,
163,entry,27,28,,6
163,entry,28,0,,
163,entry,29,16,,
163,entry,30,27,,
163,entry,35,49,,
163,entry,36,9,,
163,entry,37,25,,
163,entry,38,50,,
163,entry,39,69,,
163,entry,40,37,,
163,entry,46,26,,
163,entry,47,35,,
163,entry,48,60,,
163,entry,49,79,,
163,entry,50,3,,3
163,entry,57,,55,
163,entry,58,80,,
163,entry,59,24,,
163,entry,60,68,,
163,entry,68,29,,
163,entry,69,59,,
163,entry,70,,37,
163,entry,79,6,,
163,entry,80,4,,
163,entry,90,7,,7
163,start,2,5,,
163,start,3,38,,
163,start,4,58,,
163,start,5,15,,
163,start,6,30,,
163,start,7,13,,
163,start,8,20,,
163,start,9,57,,
164,entry,0,10,,
164,entry,2,28,,5
164,entry,3,19,,
164,entry,4,39,,
164,entry,5,68,,
164,entry,6,40,,
164,entry,7,38,,
164,entry,8,,64,
164,entry,9,60,,
164,entry,10,16,,
164,entry,13,57,,
164,entry,14,49,,
164,entry,15,48,,
164,entry,16,90,,
164,entry,17,,46,
164,entry,18,37,,3
164,entry,19,70,,4
164,entry,20,24,,
164,entry,24,59,,
164,entry,25,,19,
164,entry,26,13,,
164,entry,27,26,,
164,entry,28,80,,
164,entry,29,79,,8
164,entry,30,18,,
164,entry,35,29,,
164,entry,36,,37,
164,entry,37,36,,
164,entry,38,20,,
164,entry,39,58,,
164,entry,40,50,,
164,entry,46,4,,
164,entry,47,30,,1
164,entry,48,47,,
164,entry,49,6,,
164,entry,50,,73,
164,entry,57,17,,
164,entry,58,25,,
164,entry,59,,82,
164,entry,60,15,,
164,entry,68,27,,7
164,entry,69,3,,
164,entry,70,2,,2
164,entry,79,,28,6
164,entry,80,35,,
164,entry,90,,55,
164,start,2,7,,
164,start,3,9,,
164,start,4,14,,
164,start,5,69,,
164,start,6,8,,
164,start,7,46,,
164,start,8,5,,
164,start,9,0,,
165,entry,0,,37,
165,entry,2,19,,
165,entry,3,48,,
165,entry,4,4,,
165,entry,5,49,,
165,entry,6,,55,
165,entry,7,17,,1 7
165,entry,8,80,,
165,entry,9,68,,5
165,entry,10,14,,8
165,entry,13,58,,
165,entry,14,,73,
165,entry,15,,19,
165,entry,16,6,,
165,entry,17,27,,
165,entry,18,90,,
165,entry,19,,64,
165,entry,20,47,,
165,entry,24,70,,
165,entry,25,2,,
165,entry,26,40,,
165,entry,27,38,,
165,entry,28,26,,
165,entry,29,7,,
165,entry,30,57,,4
165,entry,35,36,,
165,entry,36,5,,
165,entry,37,30,,
165,entry,38,25,,2
165,entry,39,50,,
165,entry,40,9,,6
165,entry,46,15,,3
165,entry,47,,46,
165,entry,48,20,,
165,entry,49,60,,
165,entry,50,29,,
165,entry,57,35,,
165,entry,58,18,,
165,entry,59,79,,
165,entry,60,16,,
165,entry,68,28,,
165,entry,69,59,,
165,entry,70,,28,
165,entry,79,69,,
165,entry,80,3,,
165,entry,90,37,,
165,start,2,13,,
165,start,3,10,,
165,start,4,39,,
165,start,5,,82,
165,start,6,46,,
165,start,7,0,,
165,start,8,8,,
165,start,9,24,,
166,entry,0,,37,
166,entry,2,13,,
166,entry,3,,28,
166,entry,4,29,,5
166,entry,5,28,,
166,entry,6,19,,1
166,entry,7,17,,
166,entry,8,37,,
166,entry,9,,55,
166,entry,10,30,,
166,entry,13,3,,
166,entry,14,14,,
166,entry,15,,82,
166,entry,16,24,,
166,entry,17,27,,
166,entry,18,46,,
166,entry,19,80,,2 4
166,entry,20,40,,
166,entry,24,9,,
166,entry,25,,73,
166,entry,26,,46,
166,entry,27,2,,
166,entry,28,,64,
166,entry,29,79,,
166,entry,30,48,,
166,entry,35,38,,7
166,entry,36,5,,
166,entry,37,35,,
166,entry,38,15,,
166,entry,39,58,,
166,entry,40,49,,
166,entry,46,68,,
166,entry,47,39,,
166,entry,48,25,,6
166,entry,49,10,,
166,entry,50,26,,
166,entry,57,0,,
166,entry,58,70,,3
166,entry,59,36,,
166,entry,60,69,,
166,entry,68,47,,8
166,entry,69,8,,
166,entry,70,4,,
166,entry,79,18,,
166,entry,80,16,,
166,entry,90,90,,
166,start,2,7,,
166,start,3,6,,
166,start,4,50,,
166,start,5,59,,
166,start,6,,19,
166,start,7,60,,
166,start,8,20,,
166,start,9,57,,
167,entry,0,6,,
167,entry,2,17,,1
167,entry,3,28,,
167,entry,4,70,,
167,entry,5,58,,
167,entry,6,,64,
167,entry,7,36,,
167,entry,8,18,,
167,entry,9,3,,
167,entry,10,49,,
167,entry,13,90,,
167,entry,14,80,,3
167,entry,15,20,,
167,entry,16,7,,
167,entry,17,,73,
167,entry,18,68,,7
167,entry,19,,82,
167,entry,20,48,,
167,entry,24,29,,
167,entry,25,30,,
167,entry,26,39,,
167,entry,27,38,,
167,entry,28,15,,
167,entry,29,35,,
167,entry,30,,19,
167,entry,35,60,,
167,entry,36,8,,
167,entry,37,47,,
167,entry,38,24,,
167,entry,39,16,,
167,entry,40,40,,
167,entry,46,37,,2
167,entry,47,4,,
167,entry,48,9,,5
167,entry,49,14,,
167,entry,50,57,,6
167,entry,57,46,,
167,entry,58,79,,8
167,entry,59,13,,
167,entry,60,,46,
167,entry,68,10,,
167,entry,69,,37,4
167,entry,70,26,,
167,entry,79,25,,
167,entry,80,59,,
167,entry,90,69,,
167,start,2,,55,
167,start,3,50,,
167,start,4,19,,
167,start,5,2,,
167,start,6,27,,
167,start,7,,28,
167,start,8,5,,
167,start,9,0,,
168,entry,0,38,,
168,entry,2,,37,
168,entry,3,,64,
168,entry,4,48,,
168,entry,5,18,,
168,entry,6,90,,
168,entry,7,50,,3
168,entry,8,80,,
168,entry,9,17,,
168,entry,10,16,,1
168,entry,13,7,,
168,entry,14,15,,
168,entry,15,,55,
168,entry,16,3,,
168,entry,17,26,,
168,entry,18,25,,
168,entry,19,27,,
168,entry,20,,46,
168,entry,24,47,,
168,entry,25,70,,
168,entry,26,46,,
168,entry,27,36,,
168,entry,28,79,,
168,entry,29,20,,
168,entry,30,35,,
168,entry,35,5,,4
168,entry,36,10,,
168,entry,37,4,,
168,entry,38,2,,
168,entry,39,60,,2
168,entry,40,0,,
168,entry,46,13,,7
168,entry,47,14,,8
168,entry,48,,28,
168,entry,49,68,,
168,entry,50,57,,
168,entry,57,6,,
168,entry,58,,19,6
168,entry,59,19,,
168,entry,60,,73,
168,entry,68,40,,
168,entry,69,29,,
168,entry,70,,82,
168,entry,79,69,,
168,entry,80,49,,
168,entry,90,59,,
168,start,2,28,,5
168,start,3,58,,
168,start,4,30,,
168,start,5,39,,
168,start,6,37,,
168,start,7,9,,
168,start,8,8,,
168,start,9,24,,
169,entry,0,14,,
169,entry,2,80,,
169,entry,3,58,,
169,entry,4,,55,
169,entry,5,47,,8
169,entry,6,50,,
169,entry,7,24,,
169,entry,8,36,,
169,entry,9,,73,
169,entry,10,10,,
169,entry,13,70,,
169,entry,14,,46,
169,entry,15,28,,6
169,entry,16,60,,
169,entry,17,0,,
169,entry,18,,19,
169,entry,19,,28,
169,entry,20,19,,
169,entry,24,37,,7
169,entry,25,25,,
169,entry,26,27,,
169,entry,27,6,,
169,entry,28,38,,
169,entry,29,3,,
169,entry,30,79,,
169,entry,35,35,,
169,entry,36,29,,
169,entry,37,8,,
169,entry,38,48,,1
169,entry,39,,82,
169,entry,40,,64,
169,entry,46,39,,
169,entry,47,18,,
169,entry,48,46,,
169,entry,49,9,,
169,entry,50,7,,
169,entry,57,,37,
169,entry,58,30,,
169,entry,59,4,,3
169,entry,60,90,,
169,entry,68,40,,
169,entry,69,69,,
169,entry,70,13,,2 4
169,entry,79,26,,
169,entry,80,49,,5
169,entry,90,17,,
169,start,2,5,,
169,start,3,68,,
169,start,4,59,,
169,start,5,15,,
169,start,6,2,,
169,start,7,16,,
169,start,8,20,,
169,start,9,57,,
170,entry,0,,19,
170,entry,2,48,,
170,entry,3,8,,
170,entry,4,90,,
170,entry,5,46,,
170,entry,6,4,,
170,entry,7,,28,6
170,entry,8,59,,
170,entry,9,,46,
170,entry,10,14,,
170,entry,13,18,,
170,entry,14,57,,
170,entry,15,30,,1
170,entry,16,13,,
170,entry,17,7,,
170,entry,18,69,,4
170,entry,19,39,,
170,entry,20,,82,
170,entry,24,,73,
170,entry,25,27,,
170,entry,26,38,,
170,entry,27,80,,3
170,entry,28,10,,
170,entry,29,49,,
170,entry,30,9,,
170,entry,35,40,,
170,entry,36,26,,
170,entry,37,29,,
170,entry,38,58,,
170,entry,39,15,,
170,entry,40,3,,
170,entry,46,36,,
170,entry,47,20,,
170,entry,48,6,,
170,entry,49,,37,
170,entry,50,68,,
170,entry,57,47,,
170,entry,58,60,,
170,entry,59,2,,2
170,entry,60,37,,7
170,entry,68,70,,
170,entry,69,35,,
170,entry,70,28,,5
170,entry,79,,55,
170,entry,80,50,,
170,entry,90,16,,
170,start,2,17,,
170,start,3,19,,
170,start,4,24,,
170,start,5,79,,8
170,start,6,25,,
170,start,7,,64,
170,start,8,5,,
170,start,9,0,,
171,entry,0,47,,
171,entry,2,37,,
171,entry,3,59,,
171,entry,4,29,,
171,entry,5,69,,
171,entry,6,4,,
171,entry,7,,55,
171,entry,8,,82,
171,entry,9,20,,
171,entry,10,36,,
171,entry,13,68,,5
171,entry,14,16,,
171,entry,15,80,,4
171,entry,16,14,,8
171,entry,17,6,,
171,entry,18,9,,
171,entry,19,18,,
171,entry,20,46,,
171,entry,24,17,,
171,entry,25,2,,6
171,entry,26,,46,
171,entry,27,60,,
171,entry,28,19,,
171,entry,29,28,,
171,entry,30,48,,
171,entry,35,35,,
171,entry,36,7,,
171,entry,37,49,,
171,entry,38,26,,
171,entry,39,39,,1 7
171,entry,40,58,,
171,entry,46,38,,
171,entry,47,90,,
171,entry,48,5,,
171,entry,49,57,,
171,entry,50,,28,
171,entry,57,70,,
171,entry,58,15,,3
171,entry,59,79,,
171,entry,60,3,,
171,entry,68,,37,
171,entry,69,30,,
171,entry,70,40,,
171,entry,79,,73,
171,entry,80,50,,
171,entry,90,25,,2
171,start,2,,64,
171,start,3,10,,
171,start,4,13,,
171,start,5,,19,
171,start,6,27,,
171,start,7,0,,
171,start,8,8,,
171,start,9,24,,
172,entry,0,,73,
172,entry,2,48,,
172,entry,3,0,,
172,entry,4,25,,6
172,entry,5,40,,
172,entry,6,13,,
172,entry,7,8,,
172,entry,8,6,,
172,entry,9,36,,
172,entry,10,39,,
172,entry,13,10,,
172,entry,14,70,,3
172,entry,15,59,,
172,entry,16,,64,
172,entry,17,18,,
172,entry,18,35,,
172,entry,19,46,,
172,entry,20,47,,8
172,entry,24,26,,
172,entry,25,69,,
172,entry,26,49,,
172,entry,27,90,,
172,entry,28,,55,
172,entry,29,29,,5
172,entry,30,19,,1
172,entry,35,15,,
172,entry,36,,28,7
172,entry,37,38,,
172,entry,38,3,,
172,entry,39,14,,
172,entry,40,24,,
172,entry,46,30,,
172,entry,47,80,,2 4
172,entry,48,4,,
172,entry,49,9,,
172,entry,50,,46,
172,entry,57,37,,
172,entry,58,68,,
172,entry,59,58,,
172,entry,60,5,,
172,entry,68,27,,
172,entry,69,7,,
172,entry,70,,37,
172,entry,79,17,,
172,entry,80,28,,
172,entry,90,,82,
172,start,2,79,,
172,start,3,2,,
172,start,4,50,,
172,start,5,16,,
172,start,6,,19,
172,start,7,60,,
172,start,8,20,,
172,start,9,57,,
173,entry,0,40,,
173,entry,2,,19,
173,entry,3,,64,
173,entry,4,90,,
173,entry,5,36,,
173,entry,6,8,,2
173,entry,7,9,,
173,entry,8,,37,5
173,entry,9,19,,
173,entry,10,57,,6
173,entry,13,48,,
173,entry,14,15,,1
173,entry,15,46,,3
173,entry,16,58,,
173,entry,17,60,,
173,entry,18,79,,8
173,entry,19,68,,
173,entry,20,39,,
173,entry,24,27,,
173,entry,25,14,,
173,entry,26,20,,
173,entry,27,70,,
173,entry,28,10,,
173,entry,29,,82,4
173,entry,30,49,,
173,entry,35,28,,
173,entry,36,30,,
173,entry,37,80,,7
173,entry,38,50,,
173,entry,39,25,,
173,entry,40,59,,
173,entry,46,26,,
173,entry,47,24,,
173,entry,48,16,,
173,entry,49,18,,
173,entry,50,69,,
173,entry,57,47,,
173,entry,58,38,,
173,entry,59,,55,
173,entry,60,3,,
173,entry,68,,46,
173,entry,69,6,,
173,entry,70,13,,
173,entry,79,29,,
173,entry,80,35,,
173,entry,90,37,,
173,start,2,17,,
173,start,3,7,,
173,start,4,4,,
173,start,5,2,,
173,start,6,,73,
173,start,7,,28,
173,start,8,5,,
173,start,9,0,,
174,entry,0,48,,
174,entry,2,38,,4
174,entry,3,,37,
174,entry,4,69,,
174,entry,5,4,,
174,entry,6,50,,3
174,entry,7,,46,
174,entry,8,2,,
174,entry,9,59,,
174,entry,10,14,,8
174,entry,13,,19,
174,entry,14,90,,7
174,entry,15,39,,
174,entry,16,35,,
174,entry,17,79,,
174,entry,18,60,,2
174,entry,19,16,,
174,entry,20,6,,
174,entry,24,18,,
174,entry,25,80,,
174,entry,26,36,,
174,entry,27,,55,
174,entry,28,68,,
174,entry,29,17,,
174,entry,30,3,,
174,entry,35,,28,
174,entry,36,5,,
174,entry,37,70,,
174,entry,38,47,,
174,entry,39,27,,
174,entry,40,13,,
174,entry,46,15,,
174,entry,47,49,,6
174,entry,48,57,,
174,entry,49,,82,
174,entry,50,0,,
174,entry,57,40,,
174,entry,58,19,,
174,entry,59,9,,
174,entry,60,10,,
174,entry,68,29,,
174,entry,69,46,,
174,entry,70,20,,1
174,entry,79,,64,
174,entry,80,25,,
174,entry,90,26,,
174,start,2,28,,5
174,start,3,58,,
174,start,4,30,,
174,start,5,,73,
174,start,6,7,,
174,start,7,37,,
174,start,8,8,,
174,start,9,24,,
175,entry,0,60,,
175,entry,2,50,,
175,entry,3,18,,
175,entry,4,,37,
175,entry,5,38,,
175,entry,6,47,,8
175,entry,7,30,,
175,entry,8,0,,
175,entry,9,80,,
175,entry,10,70,,
175,entry,13,16,,
175,entry,14,6,,
175,entry,15,14,,
175,entry,16,,73,
175,entry,17,40,,
175,entry,18,10,,
175,entry,19,,64,
175,entry,20,29,,
175,entry,24,8,,
175,entry,25,4,,
175,entry,26,49,,
175,entry,27,17,,
175,entry,28,68,,
175,entry,29,,82,
175,entry,30,39,,
175,entry,35,24,,
175,entry,36,36,,
175,entry,37,79,,
175,entry,38,7,,2 4
175,entry,39,9,,
175,entry,40,69,,
175,entry,46,46,,1
175,entry,47,27,,3
175,entry,48,2,,5
175,entry,49,48,,
175,entry,50,28,,6
175,entry,57,3,,
175,entry,58,90,,
175,entry,59,58,,
175,entry,60,25,,
175,entry,68,26,,
175,entry,69,19,,
175,entry,70,35,,
175,entry,79,13,,
175,entry,80,,55,
175,entry,90,,46,
175,start,2,5,,
175,start,3,,19,
175,start,4,,28,
175,start,5,15,,
175,start,6,59,,7
175,start,7,37,,
175,start,8,20,,
175,start,9,57,,
176,entry,0,,73,
176,entry,2,57,,
176,entry,3,,82,
176,entry,4,,46,
176,entry,5,80,,
176,entry,6,20,,
176,entry,7,8,,
176,entry,8,35,,
176,entry,9,29,,
176,entry,10,48,,
176,entry,13,17,,
176,entry,14,40,,
176,entry,15,13,,
176,entry,16,47,,
176,entry,17,18,,
176,entry,18,,55,
176,entry,19,16,,
176,entry,20,,19,
176,entry,24,90,,
176,entry,25,,37,
176,entry,26,69,,
176,entry,27,,28,6
176,entry,28,27,,
176,entry,29,70,,
176,entry,30,79,,8
176,entry,35,30,,1
176,entry,36,49,,
176,entry,37,14,,
176,entry,38,37,,4
176,entry,39,15,,
176,entry,40,10,,
176,entry,46,38,,
176,entry,47,39,,3
176,entry,48,19,,
176,entry,49,25,,
176,entry,50,50,,
176,entry,57,68,,
176,entry,58,58,,
176,entry,59,36,,
176,entry,60,46,,
176,entry,68,6,,
176,entry,69,59,,
176,entry,70,,64,
176,entry,79,2,,2
176,entry,80,3,,
176,entry,90,28,,5
176,start,2,24,,
176,start,3,7,,
176,start,4,60,,
176,start,5,9,,
176,start,6,26,,7
176,start,7,4,,
176,start,8,5,,
176,start,9,0,,
177,entry,0,90,,
177,entry,2,80,,
177,entry,3,15,,3
177,entry,4,35,,
177,entry,5,30,,
177,entry,6,18,,
177,entry,7,50,,
177,entry,8,68,,5
177,entry,9,27,,
177,entry,10,13,,
177,entry,13,29,,
177,entry,14,,64,
177,entry,15,4,,
177,entry,16,28,,
177,entry,17,60,,
177,entry,18,79,,
177,entry,19,37,,4
177,entry,20,58,,
177,entry,24,5,,
177,entry,25,14,,8
177,entry,26,6,,1 7
177,entry,27,,28,
177,entry,28,39,,
177,entry,29,,73,6
177,entry,30,47,,
177,entry,35,,46,
177,entry,36,49,,
177,entry,37,3,,
177,entry,38,7,,
177,entry,39,46,,
177,entry,40,70,,
177,entry,46,59,,
177,entry,47,25,,2
177,entry,48,16,,
177,entry,49,,55,
177,entry,50,69,,
177,entry,57,20,,
177,entry,58,9,,
177,entry,59,,19,
177,entry,60,26,,
177,entry,68,40,,
177,entry,69,2,,
177,entry,70,36,,
177,entry,79,17,,
177,entry,80,48,,
177,entry,90,,82,
177,start,2,38,,
177,start,3,10,,
177,start,4,19,,
177,start,5,57,,
177,start,6,,37,
177,start,7,0,,
177,start,8,8,,
177,start,9,24,,
178,entry,0,36,,
178,entry,2,80,,2 4
178,entry,3,,37,
178,entry,4,26,,
178,entry,5,47,,8
178,entry,6,79,,
178,entry,7,,82,
178,entry,8,6,,
178,entry,9,25,,6
178,entry,10,,19,
178,entry,13,18,,
178,entry,14,40,,
178,entry,15,90,,
178,entry,16,0,,
178,entry,17,17,,
178,entry,18,19,,1
178,entry,19,70,,3
178,entry,20,16,,
178,entry,24,13,,
178,entry,25,,28,
178,entry,26,10,,7
178,entry,27,27,,
178,entry,28,24,,
178,entry,29,7,,
178,entry,30,38,,
178,entry,35,,73,
178,entry,36,30,,
178,entry,37,29,,5
178,entry,38,,46,
178,entry,39,49,,
178,entry,40,,55,
178,entry,46,37,,
178,entry,47,14,,
178,entry,48,5,,
178,entry,49,59,,
178,entry,50,46,,
178,entry,57,9,,
178,entry,58,2,,
178,entry,59,69,,
178,entry,60,,64,
178,entry,68,28,,
178,entry,69,8,,
178,entry,70,48,,
178,entry,79,39,,
178,entry,80,58,,
178,entry,90,15,,
178,start,2,68,,
178,start,3,35,,
178,start,4,50,,
178,start,5,3,,
178,start,6,4,,
178,start,7,60,,
178,start,8,20,,
178,start,9,57,,
179,entry,0,10,,
179,entry,2,38,,
179,entry,3,,82,
179,entry,4,39,,5
179,entry,5,18,,
179,entry,6,79,,8
179,entry,7,,64,
179,entry,8,4,,
179,entry,9,30,,
179,entry,10,,46,
179,entry,13,47,,
179,entry,14,37,,
179,entry,15,6,,
179,entry,16,26,,
179,entry,17,17,,
179,entry,18,7,,
179,entry,19,50,,
179,entry,20,9,,
179,entry,24,68,,
179,entry,25,16,,
179,entry,26,14,,
179,entry,27,27,,
179,entry,28,48,,
179,entry,29,60,,
179,entry,30,19,,7
179,entry,35,36,,
179,entry,36,24,,4
179,entry,37,3,,
179,entry,38,,19,
179,entry,39,70,,3
179,entry,40,15,,
179,entry,46,25,,
179,entry,47,29,,
179,entry,48,40,,
179,entry,49,59,,
179,entry,50,69,,
179,entry,57,35,,
179,entry,58,57,,6
179,entry,59,28,,
179,entry,60,13,,
179,entry,68,46,,
179,entry,69,90,,
179,entry,70,,55,2
179,entry,79,,73,1
179,entry,80,58,,
179,entry,90,20,,
179,start,2,,37,
179,start,3,80,,
179,start,4,49,,
179,start,5,2,,
179,start,6,8,,
179,start,7,,28,
179,start,8,5,,
179,start,9,0,,
180,entry,0,,64,
180,entry,2,46,,
180,entry,3,70,,1
180,entry,4,27,,
180,entry,5,48,,
180,entry,6,,37,7
180,entry,7,10,,
180,entry,8,,55,
180,entry,9,68,,
180,entry,10,,73,
180,entry,13,20,,
180,entry,14,37,,
180,entry,15,3,,
180,entry,16,18,,
180,entry,17,16,,
180,entry,18,2,,6
180,entry,19,29,,
180,entry,20,,82,
180,entry,24,47,,
180,entry,25,57,,
180,entry,26,6,,
180,entry,27,,19,
180,entry,28,40,,
180,entry,29,39,,
180,entry,30,9,,
180,entry,35,17,,
180,entry,36,26,,
180,entry,37,13,,
180,entry,38,50,,3
180,entry,39,80,,
180,entry,40,59,,
180,entry,46,,28,4
180,entry,47,38,,
180,entry,48,,46,
180,entry,49,90,,
180,entry,50,69,,
180,entry,57,7,,
180,entry,58,36,,
180,entry,59,14,,8
180,entry,60,5,,
180,entry,68,0,,
180,entry,69,79,,
180,entry,70,15,,
180,entry,79,35,,
180,entry,80,4,,
180,entry,90,60,,2
180,start,2,28,,5
180,start,3,58,,
180,start,4,30,,
180,start,5,49,,
180,start,6,25,,
180,start,7,19,,
180,start,8,8,,
180,start,9,24,,
181,entry,0,,55,
181,entry,2,35,,
181,entry,3,28,,6
181,entry,4,29,,
181,entry,5,49,,
181,entry,6,24,,
181,entry,7,2,,
181,entry,8,14,,
181,entry,9,46,,
181,entry,10,,46,
181,entry,13,25,,
181,entry,14,39,,
181,entry,15,50,,
181,entry,16,16,,
181,entry,17,69,,
181,entry,18,26,,
181,entry,19,,64,
181,entry,20,,82,
181,entry,24,0,,
181,entry,25,60,,
181,entry,26,6,,
181,entry,27,79,,1 7
181,entry,28,36,,
181,entry,29,,19,
181,entry,30,30,,
181,entry,35,17,,
181,entry,36,8,,
181,entry,37,58,,
181,entry,38,47,,3 8
181,entry,39,27,,2 4
181,entry,40,40,,
181,entry,46,18,,
181,entry,47,9,,
181,entry,48,,37,
181,entry,49,3,,5
181,entry,50,37,,
181,entry,57,68,,
181,entry,58,38,,
181,entry,59,7,,
181,entry,60,10,,
181,entry,68,48,,
181,entry,69,59,,
181,entry,70,90,,
181,entry,79,80,,
181,entry,80,19,,
181,entry,90,4,,
181,start,2,5,,
181,start,3,,28,
181,start,4,13,,
181,start,5,15,,
181,start,6,70,,
181,start,7,,73,
181,start,8,20,,
181,start,9,57,,
182,entry,0,15,,
182,entry,2,14,,
182,entry,3,20,,
182,entry,4,79,,8
182,entry,5,6,,
182,entry,6,,55,
182,entry,7,7,,
182,entry,8,4,,
182,entry,9,9,,
182,entry,10,38,,
182,entry,13,47,,
182,entry,14,60,,3 7
182,entry,15,3,,
182,entry,16,27,,
182,entry,17,17,,
182,entry,18,57,,
182,entry,19,80,,
182,entry,20,39,,
182,entry,24,68,,
182,entry,25,70,,
182,entry,26,37,,4
182,entry,27,8,,
182,entry,28,,73,
182,entry,29,13,,
182,entry,30,49,,
182,entry,35,,28,6
182,entry,36,46,,
182,entry,37,25,,
182,entry,38,28,,5
182,entry,39,48,,
182,entry,40,59,,
182,entry,46,58,,
182,entry,47,2,,2
182,entry,48,,64,
182,entry,49,,19,
182,entry,50,30,,1
182,entry,57,35,,
182,entry,58,16,,
182,entry,59,24,,
182,entry,60,50,,
182,entry,68,29,,
182,entry,69,,46,
182,entry,70,40,,
182,entry,79,26,,
182,entry,80,90,,
182,entry,90,,82,
182,start,2,10,,
182,start,3,,37,
182,start,4,19,,
182,start,5,36,,
182,start,6,18,,
182,start,7,69,,
182,start,8,5,,
182,start,9,0,,
183,entry,0,68,,5
183,entry,2,,55,
183,entry,3,69,,
183,entry,4,37,,6
183,entry,5,46,,
183,entry,6,17,,
183,entry,7,15,,3
183,entry,8,30,,
183,entry,9,57,,
183,entry,10,60,,
183,entry,13,80,,
183,entry,14,19,,
183,entry,15,7,,
183,entry,16,70,,
183,entry,17,,82,
183,entry,18,3,,
183,entry,19,25,,2
183,entry,20,90,,
183,entry,24,14,,8
183,entry,25,6,,
183,entry,26,,28,
183,entry,27,49,,
183,entry,28,13,,
183,entry,29,20,,
183,entry,30,39,,
183,entry,35,16,,4
183,entry,36,79,,
183,entry,37,59,,
183,entry,38,,37,
183,entry,39,18,,
183,entry,40,26,,
183,entry,46,9,,
183,entry,47,40,,
183,entry,48,4,,
183,entry,49,28,,
183,entry,50,35,,
183,entry,57,,64,
183,entry,58,29,,
183,entry,59,,46,1 7
183,entry,60,38,,
183,entry,68,5,,
183,entry,69,,19,
183,entry,70,48,,
183,entry,79,2,,
183,entry,80,58,,
183,entry,90,47,,
183,start,2,36,,
183,start,3,10,,
183,start,4,,73,
183,start,5,27,,
183,start,6,50,,
183,start,7,0,,
183,start,8,8,,
183,start,9,24,,
184,entry,0,79,,
184,entry,2,69,,
184,entry,3,47,,8
184,entry,4,,64,
184,entry,5,8,,
184,entry,6,36,,
184,entry,7,,46,
184,entry,8,49,,
184,entry,9,,37,
184,entry,10,0,,7
184,entry,13,7,,
184,entry,14,10,,
184,entry,15,18,,
184,entry,16,29,,5
184,entry,17,5,,
184,entry,18,26,,
184,entry,19,38,,
184,entry,20,16,,
184,entry,24,2,,
184,entry,25,59,,
184,entry,26,14,,
184,entry,27,,19,
184,entry,28,37,,
184,entry,29,48,,
184,entry,30,80,,2 4
184,entry,35,46,,
184,entry,36,9,,
184,entry,37,28,,
184,entry,38,39,,
184,entry,39,15,,
184,entry,40,17,,
184,entry,46,6,,
184,entry,47,,82,
184,entry,48,27,,
184,entry,49,25,,6
184,entry,50,90,,
184,entry,57,,55,
184,entry,58,19,,1
184,entry,59,70,,3
184,entry,60,4,,
184,entry,68,24,,
184,entry,69,35,,
184,entry,70,,73,
184,entry,79,68,,
184,entry,80,3,,
184,entry,90,13,,
184,start,2,58,,
184,start,3,40,,
184,start,4,50,,
184,start,5,,28,
184,start,6,30,,
184,start,7,60,,
184,start,8,20,,
184,start,9,57,,
185,entry,0,9,,
185,entry,2,27,,
185,entry,3,16,,
185,entry,4,4,,
185,entry,5,8,,
185,entry,6,37,,
185,entry,7,,37,
185,entry,8,70,,
185,entry,9,90,,
185,entry,10,59,,2
185,entry,13,47,,
185,entry,14,10,,
185,entry,15,,55,
185,entry,16,68,,
185,entry,17,50,,
185,entry,18,80,,
185,entry,19,39,,1
185,entry,20,58,,
185,entry,24,6,,
185,entry,25,,82,
185,entry,26,60,,
185,entry,27,69,,
185,entry,28,36,,7
185,entry,29,13,,
185,entry,30,20,,
185,entry,35,38,,
185,entry,36,,64,5
185,entry,37,79,,4 8
185,entry,38,15,,
185,entry,39,26,,
185,entry,40,30,,
185,entry,46,,73,
185,entry,47,25,,
185,entry,48,3,,
185,entry,49,48,,
185,entry,50,14,,
185,entry,57,18,,
185,entry,58,46,,
185,entry,59,,19,
185,entry,60,24,,
185,entry,68,35,,
185,entry,69,40,,
185,entry,70,,46,3
185,entry,79,57,,6
185,entry,80,17,,
185,entry,90,28,,
185,start,2,19,,
185,start,3,29,,
185,start,4,7,,
185,start,5,2,,
185,start,6,49,,
185,start,7,,28,
185,start,8,5,,
185,start,9,0,,
186,entry,0,37,,
186,entry,2,27,,
186,entry,3,35,,
186,entry,4,49,,
186,entry,5,16,,
186,entry,6,,73,
186,entry,7,69,,
186,entry,8,18,,
186,entry,9,15,,
186,entry,10,,28,
186,entry,13,,55,
186,entry,14,60,,2
186,entry,15,17,,
186,entry,16,,82,
186,entry,17,0,,
186,entry,18,80,,
186,entry,19,25,,
186,entry,20,79,,
186,entry,24,68,,
186,entry,25,,64,
186,entry,26,,37,
186,entry,27,10,,
186,entry,28,38,,
186,entry,29,90,,
186,entry,30,70,,
186,entry,35,7,,
186,entry,36,4,,
186,entry,37,20,,
186,entry,38,,19,4
186,entry,39,47,,
186,entry,40,5,,
186,entry,46,14,,8
186,entry,47,46,,1
186,entry,48,48,,
186,entry,49,9,,
186,entry,50,57,,6
186,entry,57,26,,
186,entry,58,2,,
186,entry,59,59,,
186,entry,60,40,,
186,entry,68,13,,
186,entry,69,39,,
186,entry,70,50,,3
186,entry,79,19,,7
186,entry,80,3,,
186,entry,90,36,,
186,start,2,28,,5
186,start,3,58,,
186,start,4,30,,
186,start,5,6,,
186,start,6,29,,
186,start,7,,46,
186,start,8,8,,
186,start,9,24,,
187,entry,0,16,,
187,entry,2,,46,
187,entry,3,35,,
187,entry,4,7,,
187,entry,5,60,,
187,entry,6,6,,
187,entry,7,40,,1
187,entry,8,0,,
187,entry,9,70,,
187,entry,10,2,,
187,entry,13,,55,
187,entry,14,28,,6
187,entry,15,9,,
187,entry,16,8,,
187,entry,17,4,,
187,entry,18,,28,3
187,entry,19,,19,2 4
187,entry,20,17,,
187,entry,24,25,,
187,entry,25,29,,
187,entry,26,18,,
187,entry,27,26,,
187,entry,28,58,,
187,entry,29,38,,5
187,entry,30,27,,
187,entry,35,39,,
187,entry,36,46,,
187,entry,37,36,,
187,entry,38,13,,
187,entry,39,,82,
187,entry,40,37,,
187,entry,46,50,,
187,entry,47,24,,
187,entry,48,,37,
187,entry,49,,64,7
187,entry,50,47,,8
187,entry,57,49,,
187,entry,58,80,,
187,entry,59,59,,
187,entry,60,19,,
187,entry,68,30,,
187,entry,69,69,,
187,entry,70,68,,
187,entry,79,79,,
187,entry,80,10,,
187,entry,90,90,,
187,start,2,5,,
187,start,3,,73,
187,start,4,48,,
187,start,5,15,,
187,start,6,14,,
187,start,7,3,,
187,start,8,20,,
187,start,9,57,,
188,entry,0,17,,
188,entry,2,7,,
188,entry,3,46,,
188,entry,4,,19,
188,entry,5,29,,
188,entry,6,30,,1
188,entry,7,4,,7
188,entry,8,24,,
188,entry,9,35,,
188,entry,10,28,,5
188,entry,13,,64,
188,entry,14,15,,
188,entry,15,39,,
188,entry,16,,37,
188,entry,17,3,,
188,entry,18,,28,6
188,entry,19,,55,
188,entry,20,68,,
188,entry,24,25,,
188,entry,25,49,,
188,entry,26,40,,
188,entry,27,38,,
188,entry,28,80,,
188,entry,29,18,,
188,entry,30,16,,
188,entry,35,48,,
188,entry,36,90,,
188,entry,37,10,,
188,entry,38,,46,3
188,entry,39,,82,4
188,entry,40,79,,8
188,entry,46,19,,
188,entry,47,50,,
188,entry,48,9,,
188,entry,49,37,,
188,entry,50,,73,
188,entry,57,60,,
188,entry,58,20,,
188,entry,59,58,,
188,entry,60,8,,
188,entry,68,47,,
188,entry,69,6,,
188,entry,70,36,,
188,entry,79,59,,
188,entry,80,14,,
188,entry,90,2,,2
188,start,2,13,,
188,start,3,26,,
188,start,4,69,,
188,start,5,27,,
188,start,6,57,,
188,start,7,70,,
188,start,8,5,,
188,start,9,0,,
189,entry,0,58,,
189,entry,2,,19,1 7
189,entry,3,18,,
189,entry,4,,64,
189,entry,5,37,,
189,entry,6,38,,
189,entry,7,60,,
189,entry,8,40,,
189,entry,9,6,,
189,entry,10,,46,
189,entry,13,28,,
189,entry,14,25,,2
189,entry,15,26,,
189,entry,16,48,,
189,entry,17,90,,
189,entry,18,50,,
189,entry,19,47,,
189,entry,20,30,,
189,entry,24,20,,
189,entry,25,36,,
189,entry,26,19,,
189,entry,27,,73,
189,entry,28,79,,
189,entry,29,57,,
189,entry,30,49,,
189,entry,35,46,,
189,entry,36,29,,
189,entry,37,,82,
189,entry,38,17,,
189,entry,39,7,,
189,entry,40,59,,
189,entry,46,27,,
189,entry,47,,28,
189,entry,48,3,,
189,entry,49,16,,
189,entry,50,69,,
189,entry,57,68,,5
189,entry,58,13,,4
189,entry,59,,37,
189,entry,60,80,,
189,entry,68,14,,6 8
189,entry,69,70,,
189,entry,70,9,,
189,entry,79,35,,
189,entry,80,5,,
189,entry,90,15,,3
189,start,2,39,,
189,start,3,10,,
189,start,4,,55,
189,start,5,4,,
189,start,6,2,,
189,start,7,0,,
189,start,8,8,,
189,start,9,24,,
190,entry,0,58,,
190,entry,2,39,,
190,entry,3,27,,
190,entry,4,7,,
190,entry,5,0,,
190,entry,6,69,,
190,entry,7,3,,
190,entry,8,,73,
190,entry,9,29,,5
190,entry,10,19,,1
190,entry,13,68,,
190,entry,14,90,,
190,entry,15,15,,
190,entry,16,40,,
190,entry,17,49,,
190,entry,18,,37,
190,entry,19,14,,
190,entry,20,24,,
190,entry,24,,19,
190,entry,25,25,,6
190,entry,26,46,,
190,entry,27,80,,2 4
190,entry,28,26,,
190,entry,29,9,,
190,entry,30,,46,
190,entry,35,70,,3
190,entry,36,,64,
190,entry,37,48,,
190,entry,38,59,,
190,entry,39,37,,
190,entry,40,5,,
190,entry,46,79,,
190,entry,47,4,,
190,entry,48,38,,
190,entry,49,6,,
190,entry,50,16,,
190,entry,57,17,,
190,entry,58,2,,
190,entry,59,8,,
190,entry,60,28,,
190,entry,68,,28,
190,entry,69,18,,
190,entry,70,,82,
190,entry,79,47,,8
190,entry,80,35,,
190,entry,90,,55,
190,start,2,10,,
190,start,3,30,,
190,start,4,50,,
190,start,5,36,,
190,start,6,13,,7
190,start,7,60,,
190,start,8,20,,
190,start,9,57,,
191,entry,0,27,,
191,entry,2,13,,
191,entry,3,,64,
191,entry,4,18,,
191,entry,5,46,,
191,entry,6,80,,
191,entry,7,,19,
191,entry,8,79,,8
191,entry,9,,55,
191,entry,10,37,,
191,entry,13,59,,5
191,entry,14,15,,
191,entry,15,,46,
191,entry,16,3,,
191,entry,17,40,,
191,entry,18,28,,
191,entry,19,39,,2 7
191,entry,20,8,,
191,entry,24,,73,
191,entry,25,26,,4
191,entry,26,49,,
191,entry,27,57,,6
191,entry,28,90,,
191,entry,29,58,,
191,entry,30,38,,
191,entry,35,25,,
191,entry,36,35,,
191,entry,37,7,,
191,entry,38,19,,1
191,entry,39,20,,
191,entry,40,4,,
191,entry,46,47,,
191,entry,47,17,,
191,entry,48,16,,
191,entry,49,30,,
191,entry,50,36,,
191,entry,57,70,,
191,entry,58,60,,
191,entry,59,14,,
191,entry,60,68,,
191,entry,68,48,,
191,entry,69,24,,
191,entry,70,,82,
191,entry,79,50,,3
191,entry,80,9,,
191,entry,90,10,,
191,start,2,6,,
191,start,3,,37,
191,start,4,69,,
191,start,5,2,,
191,start,6,29,,
191,start,7,,28,
191,start,8,5,,
191,start,9,0,,
192,entry,0,80,,
192,entry,2,57,,
192,entry,3,6,,
192,entry,4,4,,
192,entry,5,29,,
192,entry,6,10,,
192,entry,7,59,,7
192,entry,8,69,,
192,entry,9,79,,
192,entry,10,90,,
192,entry,13,47,,
192,entry,14,35,,
192,entry,15,39,,1
192,entry,16,,46,
192,entry,17,18,,
192,entry,18,38,,
192,entry,19,,64,
192,entry,20,70,,
192,entry,24,,55,
192,entry,25,13,,
192,entry,26,15,,
192,entry,27,,28,
192,entry,28,3,,
192,entry,29,7,,
192,entry,30,60,,2
192,entry,35,,37,
192,entry,36,25,,
192,entry,37,2,,
192,entry,38,9,,
192,entry,39,19,,6
192,entry,40,68,,
192,entry,46,26,,
192,entry,47,0,,4
192,entry,48,49,,
192,entry,49,40,,
192,entry,50,17,,
192,entry,57,48,,
192,entry,58,5,,
192,entry,59,50,,3
192,entry,60,27,,
192,entry,68,14,,8
192,entry,69,46,,
192,entry,70,,73,
192,entry,79,36,,
192,entry,80,,82,
192,entry,90,20,,
192,start,2,28,,5
192,start,3,58,,
192,start,4,30,,
192,start,5,37,,
192,start,6,,19,
192,start,7,16,,
192,start,8,8,,
192,start,9,24,,
193,entry,0,,19,5
193,entry,2,,64,2 4
193,entry,3,79,,
193,entry,4,19,,
193,entry,5,46,,
193,entry,6,35,,
193,entry,7,10,,
193,entry,8,13,,
193,entry,9,47,,8
193,entry,10,0,,
193,entry,13,48,,
193,entry,14,3,,
193,entry,15,,82,
193,entry,16,,55,
193,entry,17,29,,
193,entry,18,6,,
193,entry,19,58,,
193,entry,20,4,,
193,entry,24,69,,
193,entry,25,9,,
193,entry,26,,46,
193,entry,27,39,,
193,entry,28,8,,
193,entry,29,16,,
193,entry,30,49,,7
193,entry,35,38,,
193,entry,36,70,,
193,entry,37,59,,
193,entry,38,18,,
193,entry,39,26,,1
193,entry,40,30,,
193,entry,46,36,,
193,entry,47,28,,6
193,entry,48,,37,
193,entry,49,,73,
193,entry,50,40,,
193,entry,57,25,,
193,entry,58,50,,
193,entry,59,80,,
193,entry,60,7,,
193,entry,68,60,,
193,entry,69,14,,
193,entry,70,17,,3
193,entry,79,24,,
193,entry,80,,28,
193,entry,90,37,,
193,start,2,5,,
193,start,3,90,,
193,start,4,2,,
193,start,5,15,,
193,start,6,68,,
193,start,7,27,,
193,start,8,20,,
193,start,9,57,,
194,entry,0,29,,
194,entry,2,38,,
194,entry,3,24,,
194,entry,4,,82,
194,entry,5,15,,
194,entry,6,68,,4
194,entry,7,,64,
194,entry,8,18,,
194,entry,9,60,,
194,entry,10,39,,
194,entry,13,4,,
194,entry,14,20,,
194,entry,15,,28,6
194,entry,16,36,,
194,entry,17,14,,
194,entry,18,28,,5
194,entry,19,48,,
194,entry,20,49,,
194,entry,24,47,,
194,entry,25,69,,
194,entry,26,58,,
194,entry,27,2,,2
194,entry,28,46,,
194,entry,29,,19,
194,entry,30,30,,1
194,entry,35,25,,3
194,entry,36,6,,
194,entry,37,35,,
194,entry,38,16,,
194,entry,39,,46,
194,entry,40,10,,
194,entry,46,50,,7
194,entry,47,,55,
194,entry,48,19,,
194,entry,49,,37,
194,entry,50,40,,
194,entry,57,37,,
194,entry,58,17,,
194,entry,59,57,,
194,entry,60,90,,
194,entry,68,27,,
194,entry,69,,73,
194,entry,70,70,,
194,entry,79,8,,
194,entry,80,80,,
194,entry,90,3,,
194,start,2,79,,8
194,start,3,13,,
194,start,4,9,,
194,start,5,26,,
194,start,6,7,,
194,start,7,59,,
194,start,8,5,,
194,start,9,0,,
195,entry,0,39,,
195,entry,2,29,,
195,entry,3,60,,
195,entry,4,28,,
195,entry,5,48,,
195,entry,6,46,,
195,entry,7,,19,
195,entry,8,2,,
195,entry,9,26,,
195,entry,10,49,,
195,entry,13,30,,
195,entry,14,80,,1 7
195,entry,15,25,,2
195,entry,16,,64,
195,entry,17,68,,5
195,entry,18,,28,4
195,entry,19,3,,
195,entry,20,59,,
195,entry,24,50,,
195,entry,25,20,,
195,entry,26,7,,
195,entry,27,14,,8
195,entry,28,,37,6
195,entry,29,70,,
195,entry,30,79,,
195,entry,35,18,,
195,entry,36,90,,
195,entry,37,40,,
195,entry,38,19,,
195,entry,39,,73,
195,entry,40,5,,
195,entry,46,38,,
195,entry,47,,55,
195,entry,48,69,,
195,entry,49,,82,
195,entry,50,15,,3
195,entry,57,6,,
195,entry,58,47,,
195,entry,59,9,,
195,entry,60,35,,
195,entry,68,57,,
195,entry,69,17,,
195,entry,70,27,,
195,entry,79,36,,
195,entry,80,37,,
195,entry,90,58,,
195,start,2,16,,
195,start,3,10,,
195,start,4,,46,
195,start,5,13,,
195,start,6,4,,
195,start,7,0,,
195,start,8,8,,
195,start,9,24,,
196,entry,0,7,,
196,entry,2,70,,3
196,entry,3,15,,
196,entry,4,,64,
196,entry,5,49,,
196,entry,6,69,,
196,entry,7,27,,
196,entry,8,9,,
196,entry,9,5,,
196,entry,10,26,,
196,entry,13,25,,6
196,entry,14,,37,
196,entry,15,13,,
196,entry,16,79,,
196,entry,17,,73,
196,entry,18,10,,
196,entry,19,47,,8
196,entry,20,36,,
196,entry,24,4,,
196,entry,25,18,,
196,entry,26,80,,2 4
196,entry,27,3,,
196,entry,28,90,,
196,entry,29,28,,
196,entry,30,0,,
196,entry,35,46,,
196,entry,36,68,,
196,entry,37,58,,
196,entry,38,,19,
196,entry,39,,82,
196,entry,40,,55,
196,entry,46,37,,
196,entry,47,,28,
196,entry,48,2,,
196,entry,49,17,,7
196,entry,50,39,,
196,entry,57,59,,
196,entry,58,40,,
196,entry,59,30,,
196,entry,60,35,,
196,entry,68,48,,
196,entry,69,29,,5
196,entry,70,19,,1
196,entry,79,14,,
196,entry,80,24,,
196,entry,90,,46,
196,start,2,16,,
196,start,3,8,,
196,start,4,50,,
196,start,5,38,,
196,start,6,6,,
196,start,7,60,,
196,start,8,20,,
196,start,9,57,,
197,entry,0,3,,
197,entry,2,69,,7
197,entry,3,68,,
197,entry,4,40,,
197,entry,5,14,,
197,entry,6,39,,3
197,entry,7,26,,2
197,entry,8,9,,
197,entry,9,80,,
197,entry,10,79,,8
197,entry,13,59,,
197,entry,14,57,,6
197,entry,15,49,,
197,entry,16,60,,
197,entry,17,58,,
197,entry,18,7,,
197,entry,19,27,,
197,entry,20,35,,
197,entry,24,37,,
197,entry,25,48,,
197,entry,26,28,,
197,entry,27,20,,
197,entry,28,,55,
197,entry,29,10,,5
197,entry,30,,82,
197,entry,35,,19,
197,entry,36,90,,
197,entry,37,30,,
197,entry,38,6,,
197,entry,39,15,,
197,entry,40,17,,
197,entry,46,47,,1
197,entry,47,19,,
197,entry,48,16,,
197,entry,49,,73,
197,entry,50,46,,
197,entry,57,29,,
197,entry,58,70,,
197,entry,59,8,,
197,entry,60,,64,4
197,entry,68,,37,
197,entry,69,13,,
197,entry,70,25,,
197,entry,79,38,,
197,entry,80,18,,
197,entry,90,36,,
197,start,2,4,,
197,start,3,24,,
197,start,4,50,,
197,start,5,2,,
197,start,6,,46,
197,start,7,,28,
197,start,8,5,,
197,start,9,0,,
198,entry,0,57,,
198,entry,2,16,,
198,entry,3,,55,
198,entry,4,80,,
198,entry,5,5,,
198,entry,6,2,,4
198,entry,7,,46,
198,entry,8,10,,
198,entry,9,9,,
198,entry,10,,73,
198,entry,13,6,,
198,entry,14,38,,
198,entry,15,15,,
198,entry,16,48,,
198,entry,17,4,,
198,entry,18,36,,
198,entry,19,0,,
198,entry,20,39,,
198,entry,24,,37,
198,entry,25,25,,
198,entry,26,,28,
198,entry,27,69,,7
198,entry,28,,64,
198,entry,29,79,,
198,entry,30,49,,
198,entry,35,26,,1
198,entry,36,35,,
198,entry,37,18,,
198,entry,38,7,,
198,entry,39,20,,
198,entry,40,14,,8
198,entry,46,70,,
198,entry,47,3,,
198,entry,48,13,,
198,entry,49,46,,
198,entry,50,60,,2
198,entry,57,,19,
198,entry,58,19,,
198,entry,59,29,,6
198,entry,60,68,,
198,entry,68,59,,
198,entry,69,40,,
198,entry,70,27,,
198,entry,79,50,,3
198,entry,80,37,,
198,entry,90,,82,
198,start,2,28,,5
198,start,3,58,,
198,start,4,30,,
198,start,5,47,,
198,start,6,90,,
198,start,7,17,,
198,start,8,8,,
198,start,9,24,,
199,entry,0,29,,
199,entry,2,14,,
199,entry,3,50,,
199,entry,4,8,,
199,entry,5,,73,
199,entry,6,30,,
199,entry,7,4,,
199,entry,8,3,,7
199,entry,9,90,,
199,entry,10,39,,
199,entry,13,60,,
199,entry,14,18,,
199,entry,15,24,,
199,entry,16,58,,
199,entry,17,16,,
199,entry,18,68,,2 4
199,entry,19,,19,
199,entry,20,13,,
199,entry,24,38,,
199,entry,25,27,,
199,entry,26,,82,1
199,entry,27,59,,3
199,entry,28,46,,5
199,entry,29,2,,
199,entry,30,28,,6
199,entry,35,6,,
199,entry,36,10,,
199,entry,37,7,,
199,entry,38,80,,
199,entry,39,,28,
199,entry,40,25,,
199,entry,46,47,,8
199,entry,47,79,,
199,entry,48,48,,
199,entry,49,19,,
199,entry,50,35,,
199,entry,57,0,,
199,entry,58,49,,
199,entry,59,17,,
199,entry,60,,55,
199,entry,68,,37,
199,entry,69,26,,
199,entry,70,,46,
199,entry,79,70,,
199,entry,80,37,,
199,entry,90,9,,
199,start,2,5,,
199,start,3,36,,
199,start,4,,64,
199,start,5,15,,
199,start,6,40,,
199,start,7,69,,
199,start,8,20,,
199,start,9,57,,
200,entry,0,,64,7
200,entry,2,,55,
200,entry,3,2,,2
200,entry,4,7,,
200,entry,5,59,,
200,entry,6,50,,
200,entry,7,19,,
200,entry,8,24,,
200,entry,9,25,,
200,entry,10,15,,4
200,entry,13,35,,
200,entry,14,17,,
200,entry,15,16,,
200,entry,16,60,,
200,entry,17,29,,
200,entry,18,30,,1
200,entry,19,20,,
200,entry,20,49,,
200,entry,24,18,,
200,entry,25,,37,
200,entry,26,70,,
200,entry,27,48,,
200,entry,28,46,,
200,entry,29,47,,
200,entry,30,58,,
200,entry,35,3,,
200,entry,36,80,,
200,entry,37,,19,
200,entry,38,40,,
200,entry,39,69,,
200,entry,40,6,,
200,entry,46,28,,5
200,entry,47,79,,8
200,entry,48,90,,
200,entry,49,8,,
200,entry,50,68,,
200,entry,57,10,,
200,entry,58,,82,
200,entry,59,38,,
200,entry,60,57,,
200,entry,68,9,,
200,entry,69,4,,
200,entry,70,,28,6
200,entry,79,14,,
200,entry,80,26,,
200,entry,90,,73,3
200,start,2,36,,
200,start,3,37,,
200,start,4,13,,
200,start,5,39,,
200,start,6,27,,
200,start,7,,46,
200,start,8,5,,
200,start,9,0,,
201,entry,0,,28,
201,entry,2,2,,
201,entry,3,79,,
201,entry,4,37,,
201,entry,5,,37,
201,entry,6,9,,
201,entry,7,49,,
201,entry,8,60,,
201,entry,9,38,,
201,entry,10,27,,
201,entry,13,6,,
201,entry,14,47,,4
201,entry,15,4,,
201,entry,16,36,,
201,entry,17,5,,
201,entry,18,3,,
201,entry,19,48,,
201,entry,20,68,,5
201,entry,24,,82,6
201,entry,25,26,,
201,entry,26,57,,
201,entry,27,15,,3
201,entry,28,30,,
201,entry,29,58,,
201,entry,30,40,,
201,entry,35,46,,
201,entry,36,70,,
201,entry,37,39,,
201,entry,38,14,,8
201,entry,39,25,,2
201,entry,40,50,,
201,entry,46,13,,
201,entry,47,90,,
201,entry,48,,46,
201,entry,49,20,,
201,entry,50,59,,
201,entry,57,,19,
201,entry,58,35,,
201,entry,59,18,,
201,entry,60,69,,
201,entry,68,,55,
201,entry,69,28,,
201,entry,70,,64,
201,entry,79,16,,1 7
201,entry,80,7,,
201,entry,90,17,,
201,start,2,80,,
201,start,3,10,,
201,start,4,29,,
201,start,5,,73,
201,start,6,19,,
201,start,7,0,,
201,start,8,8,,
201,start,9,24,,
202,entry,0,5,,
202,entry,2,,46,
202,entry,3,19,,1
202,entry,4,6,,
202,entry,5,68,,
202,entry,6,,19,
202,entry,7,46,,
202,entry,8,0,,
202,entry,9,4,,
202,entry,10,,64,
202,entry,13,24,,
202,entry,14,39,,
202,entry,15,3,,
202,entry,16,2,,
202,entry,17,,73,
202,entry,18,30,,
202,entry,19,16,,
202,entry,20,28,,
202,entry,24,48,,
202,entry,25,13,,
202,entry,26,15,,
202,entry,27,90,,
202,entry,28,40,,
202,entry,29,26,,7
202,entry,30,,82,
202,entry,35,18,,
202,entry,36,25,,6
202,entry,37,35,,
202,entry,38,27,,
202,entry,39,69,,
202,entry,40,49,,
202,entry,46,70,,3
202,entry,47,,55,
202,entry,48,8,,
202,entry,49,79,,
202,entry,50,59,,
202,entry,57,58,,
202,entry,58,80,,2 4
202,entry,59,36,,
202,entry,60,29,,5
202,entry,68,38,,
202,entry,69,7,,
202,entry,70,14,,
202,entry,79,10,,
202,entry,80,9,,
202,entry,90,,37,
202,start,2,,28,
202,start,3,47,,8
202,start,4,50,,
202,start,5,17,,
202,start,6,37,,
202,start,7,60,,
202,start,8,20,,
202,start,9,57,,
203,entry,0,18,,
203,entry,2,25,,
203,entry,3,9,,
203,entry,4,35,,
203,entry,5,47,,
203,entry,6,,19,
203,entry,7,28,,
203,entry,8,58,,
203,entry,9,,73,
203,entry,10,50,,
203,entry,13,19,,4
203,entry,14,15,,
203,entry,15,37,,
203,entry,16,40,,
203,entry,17,90,,
203,entry,18,20,,
203,entry,19,29,,
203,entry,20,60,,
203,entry,24,39,,
203,entry,25,3,,
203,entry,26,57,,6
203,entry,27,17,,1
203,entry,28,30,,
203,entry,29,46,,
203,entry,30,49,,
203,entry,35,4,,
203,entry,36,59,,
203,entry,37,,37,7
203,entry,38,8,,
203,entry,39,,64,
203,entry,40,14,,5
203,entry,46,69,,
203,entry,47,16,,
203,entry,48,,55,
203,entry,49,7,,
203,entry,50,68,,
203,entry,57,48,,
203,entry,58,6,,3
203,entry,59,26,,
203,entry,60,,82,
203,entry,68,,46,
203,entry,69,80,,
203,entry,70,36,,
203,entry,79,10,,2
203,entry,80,70,,
203,entry,90,38,,
203,start,2,13,,
203,start,3,27,,
203,start,4,24,,
203,start,5,2,,
203,start,6,79,,8
203,start,7,,28,
203,start,8,5,,
203,start,9,0,,
204,entry,0,,28,
204,entry,2,,19,
204,entry,3,90,,4
204,entry,4,18,,
204,entry,5,,73,
204,entry,6,36,,
204,entry,7,5,,
204,entry,8,68,,
204,entry,9,13,,
204,entry,10,0,,
204,entry,13,48,,
204,entry,14,59,,
204,entry,15,49,,
204,entry,16,25,,
204,entry,17,15,,
204,entry,18,14,,8
204,entry,19,,37,
204,entry,20,10,,
204,entry,24,80,,
204,entry,25,29,,
204,entry,26,26,,
204,entry,27,37,,6
204,entry,28,,46,
204,entry,29,,55,
204,entry,30,20,,
204,entry,35,,82,7
204,entry,36,69,,
204,entry,37,40,,
204,entry,38,16,,
204,entry,39,6,,
204,entry,40,46,,
204,entry,46,27,,
204,entry,47,50,,3
204,entry,48,17,,
204,entry,49,7,,
204,entry,50,,64,1
204,entry,57,70,,
204,entry,58,2,,
204,entry,59,9,,
204,entry,60,47,,
204,entry,68,79,,
204,entry,69,39,,
204,entry,70,57,,
204,entry,79,60,,2
204,entry,80,19,,
204,entry,90,3,,
204,start,2,28,,5
204,start,3,58,,
204,start,4,30,,
204,start,5,35,,
204,start,6,38,,
204,start,7,4,,
204,start,8,8,,
204,start,9,24,,
205,entry,0,9,,
205,entry,2,46,,
205,entry,3,2,,
205,entry,4,26,,
205,entry,5,69,,
205,entry,6,28,,6
205,entry,7,50,,
205,entry,8,70,,
205,entry,9,,19,
205,entry,10,36,,2 4
205,entry,13,40,,
205,entry,14,,82,
205,entry,15,,37,
205,entry,16,25,,
205,entry,17,60,,
205,entry,18,24,,
205,entry,19,17,,
205,entry,20,10,,5
205,entry,24,19,,
205,entry,25,4,,
205,entry,26,35,,
205,entry,27,59,,
205,entry,28,,28,
205,entry,29,27,,
205,entry,30,49,,
205,entry,35,16,,
205,entry,36,,55,
205,entry,37,29,,
205,entry,38,6,,
205,entry,39,47,,8
205,entry,40,14,,
205,entry,46,,46,
205,entry,47,39,,
205,entry,48,8,,
205,entry,49,3,,
205,entry,50,38,,
205,entry,57,68,,
205,entry,58,18,,
205,entry,59,13,,1
205,entry,60,48,,
205,entry,68,80,,
205,entry,69,37,,
205,entry,70,58,,7
205,entry,79,79,,
205,entry,80,30,,
205,entry,90,,64,3
205,start,2,5,,
205,start,3,0,,
205,start,4,90,,
205,start,5,15,,
205,start,6,,73,
205,start,7,7,,
205,start,8,20,,
205,start,9,57,,
206,entry,0,7,,
206,entry,2,59,,
206,entry,3,79,,8
206,entry,4,19,,
206,entry,5,29,,
206,entry,6,48,,
206,entry,7,40,,
206,entry,8,68,,
206,entry,9,27,,
206,entry,10,2,,2
206,entry,13,10,,
206,entry,14,16,,
206,entry,15,39,,
206,entry,16,,19,
206,entry,17,90,,
206,entry,18,38,,
206,entry,19,,28,6
206,entry,20,35,,
206,entry,24,60,,
206,entry,25,49,,
206,entry,26,,73,
206,entry,27,26,,
206,entry,28,70,,
206,entry,29,4,,
206,entry,30,,55,
206,entry,35,28,,5
206,entry,36,8,,
206,entry,37,,46,7
206,entry,38,80,,
206,entry,39,37,,3
206,entry,40,36,,
206,entry,46,18,,
206,entry,47,15,,
206,entry,48,13,,
206,entry,49,3,,
206,entry,50,46,,4
206,entry,57,25,,
206,entry,58,30,,1
206,entry,59,20,,
206,entry,60,9,,
206,entry,68,24,,
206,entry,69,47,,
206,entry,70,58,,
206,entry,79,57,,
206,entry,80,6,,
206,entry,90,17,,
206,start,2,14,,
206,start,3,,64,
206,start,4,50,,
206,start,5,,82,
206,start,6,69,,
206,start,7,,37,
206,start,8,5,,
206,start,9,0,,
207,entry,0,7,,
207,entry,2,,64,
207,entry,3,49,,
207,entry,4,9,,
207,entry,5,,46,6
207,entry,6,26,,
207,entry,7,29,,
207,entry,8,90,,
207,entry,9,28,,
207,entry,10,35,,
207,entry,13,79,,
207,entry,14,3,,
207,entry,15,36,,
207,entry,16,38,,
207,entry,17,48,,
207,entry,18,46,,
207,entry,19,2,,1 7
207,entry,20,,55,
207,entry,24,68,,5
207,entry,25,,19,
207,entry,26,58,,
207,entry,27,4,,
207,entry,28,5,,
207,entry,29,17,,
207,entry,30,40,,
207,entry,35,,82,
207,entry,36,13,,
207,entry,37,70,,
207,entry,38,15,,3
207,entry,39,27,,
207,entry,40,50,,
207,entry,46,,37,4
207,entry,47,37,,
207,entry,48,16,,
207,entry,49,30,,
207,entry,50,60,,
207,entry,57,47,,
207,entry,58,57,,
207,entry,59,59,,
207,entry,60,19,,
207,entry,68,,73,
207,entry,69,69,,
207,entry,70,25,,2
207,entry,79,80,,
207,entry,80,20,,
207,entry,90,18,,
207,start,2,,28,
207,start,3,10,,
207,start,4,6,,
207,start,5,14,,8
207,start,6,39,,
207,start,7,0,,
207,start,8,8,,
207,start,9,24,,
208,entry,0,68,,
208,entry,2,58,,
208,entry,3,,28,
208,entry,4,9,,
208,entry,5,30,,
208,entry,6,,46,
208,entry,7,90,,
208,entry,8,16,,
208,entry,9,35,,
208,entry,10,37,,
208,entry,13,3,,
208,entry,14,,19,
208,entry,15,40,,
208,entry,16,5,,
208,entry,17,0,,
208,entry,18,15,,
208,entry,19,47,,8
208,entry,20,38,,
208,entry,24,2,,
208,entry,25,29,,5
208,entry,26,,73,
208,entry,27,39,,
208,entry,28,25,,6
208,entry,29,59,,
208,entry,30,13,,
208,entry,35,14,,
208,entry,36,28,,
208,entry,37,,55,
208,entry,38,70,,3
208,entry,39,,37,
208,entry,40,49,,
208,entry,46,,82,
208,entry,47,19,,1
208,entry,48,27,,7
208,entry,49,,64,
208,entry,50,69,,
208,entry,57,24,,
208,entry,58,36,,
208,entry,59,7,,
208,entry,60,79,,
208,entry,68,46,,
208,entry,69,17,,
208,entry,70,6,,
208,entry,79,4,,
208,entry,80,10,,
208,entry,90,80,,2 4
208,start,2,26,,
208,start,3,18,,
208,start,4,50,,
208,start,5,48,,
208,start,6,8,,
208,start,7,60,,
208,start,8,20,,
208,start,9,57,,
209,entry,0,,37,
209,entry,2,13,,
209,entry,3,25,,
209,entry,4,59,,
209,entry,5,3,,
209,entry,6,57,,6
209,entry,7,60,,1
209,entry,8,30,,
209,entry,9,27,,
209,entry,10,69,,
209,entry,13,18,,
209,entry,14,29,,
209,entry,15,24,,
209,entry,16,79,,8
209,entry,17,,73,
209,entry,18,6,,
209,entry,19,37,,
209,entry,20,,46,5
209,entry,24,39,,4
209,entry,25,35,,
209,entry,26,10,,
209,entry,27,,82,
209,entry,28,16,,
209,entry,29,50,,
209,entry,30,,64,
209,entry,35,8,,
209,entry,36,9,,
209,entry,37,48,,
209,entry,38,47,,3
209,entry,39,46,,
209,entry,40,7,,
209,entry,46,19,,
209,entry,47,,19,
209,entry,48,36,,
209,entry,49,14,,7
209,entry,50,17,,
209,entry,57,40,,
209,entry,58,28,,
209,entry,59,80,,2
209,entry,60,4,,
209,entry,68,90,,
209,entry,69,58,,
209,entry,70,38,,
209,entry,79,20,,
209,entry,80,,55,
209,entry,90,49,,
209,start,2,15,,
209,start,3,68,,
209,start,4,26,,
209,start,5,2,,
209,start,6,70,,
209,start,7,,28,
209,start,8,5,,
209,start,9,0,,
210,entry,0,90,,
210,entry,2,80,,
210,entry,3,60,,2
210,entry,4,20,,
210,entry,5,49,,
210,entry,6,10,,1
210,entry,7,38,,
210,entry,8,14,,8
210,entry,9,,82,
210,entry,10,3,,
210,entry,13,68,,
210,entry,14,46,,
210,entry,15,59,,
210,entry,16,15,,
210,entry,17,29,,
210,entry,18,,55,7
210,entry,19,36,,
210,entry,20,13,,
210,entry,24,,46,
210,entry,25,2,,
210,entry,26,25,,
210,entry,27,17,,
210,entry,28,18,,
210,entry,29,70,,
210,entry,30,,73,
210,entry,35,,28,
210,entry,36,26,,
210,entry,37,27,,
210,entry,38,47,,
210,entry,39,5,,
210,entry,40,79,,
210,entry,46,39,,
210,entry,47,37,,
210,entry,48,7,,
210,entry,49,57,,
210,entry,50,9,,
210,entry,57,0,,
210,entry,58,6,,4
210,entry,59,,37,
210,entry,60,19,,
210,entry,68,48,,
210,entry,69,35,,
210,entry,70,4,,6
210,entry,79,16,,
210,entry,80,40,,
210,entry,90,50,,3
210,start,2,28,,5
210,start,3,58,,
210,start,4,30,,
210,start,5,,19,
210,start,6,,64,
210,start,7,69,,
210,start,8,8,,
210,start,9,24,,
211,entry,0,7,,
211,entry,2,58,,1
211,entry,3,2,,
211,entry,4,0,,
211,entry,5,13,,
211,entry,6,4,,2 4
211,entry,7,14,,
211,entry,8,,55,
211,entry,9,60,,
211,entry,10,,73,7
211,entry,13,48,,
211,entry,14,46,,
211,entry,15,,37,
211,entry,16,69,,5
211,entry,17,19,,
211,entry,18,,46,
211,entry,19,37,,
211,entry,20,30,,
211,entry,24,,64,
211,entry,25,,82,
211,entry,26,27,,
211,entry,27,10,,
211,entry,28,47,,8
211,entry,29,29,,
211,entry,30,24,,
211,entry,35,26,,3
211,entry,36,16,,
211,entry,37,9,,
211,entry,38,68,,
211,entry,39,39,,
211,entry,40,90,,
211,entry,46,3,,
211,entry,47,17,,
211,entry,48,49,,
211,entry,49,38,,
211,entry,50,6,,
211,entry,57,,19,
211,entry,58,70,,
211,entry,59,28,,6
211,entry,60,8,,
211,entry,68,80,,
211,entry,69,25,,
211,entry,70,18,,
211,entry,79,35,,
211,entry,80,40,,
211,entry,90,50,,
211,start,2,5,,
211,start,3,59,,
211,start,4,79,,
211,start,5,15,,
211,start,6,,28,
211,start,7,36,,
211,start,8,20,,
211,start,9,57,,
212,entry,0,80,,
212,entry,2,70,,
212,entry,3,38,,
212,entry,4,47,,
212,entry,5,,37,
212,entry,6,58,,
212,entry,7,2,,2
212,entry,8,9,,
212,entry,9,,19,
212,entry,10,30,,1
212,entry,13,60,,
212,entry,14,,64,
212,entry,15,17,,3
212,entry,16,6,,
212,entry,17,35,,
212,entry,18,16,,
212,entry,19,57,,
212,entry,20,14,,
212,entry,24,27,,
212,entry,25,36,,
212,entry,26,25,,
212,entry,27,,55,
212,entry,28,50,,
212,entry,29,,73,
212,entry,30,40,,
212,entry,35,20,,
212,entry,36,7,,
212,entry,37,79,,8
212,entry,38,59,,
212,entry,39,8,,
212,entry,40,90,,
212,entry,46,,28,6
212,entry,47,26,,4
212,entry,48,69,,
212,entry,49,18,,
212,entry,50,3,,
212,entry,57,,82,
212,entry,58,39,,
212,entry,59,19,,
212,entry,60,,46,
212,entry,68,37,,
212,entry,69,29,,
212,entry,70,24,,7
212,entry,79,28,,5
212,entry,80,15,,
212,entry,90,48,,
212,start,2,4,,
212,start,3,46,,
212,start,4,10,,
212,start,5,68,,
212,start,6,49,,
212,start,7,13,,
212,start,8,5,,
212,start,9,0,,
213,entry,0,80,,6
213,entry,2,49,,4
213,entry,3,,37,
213,entry,4,50,,
213,entry,5,13,,
213,entry,6,15,,3
213,entry,7,37,,
213,entry,8,20,,
213,entry,9,27,,
213,entry,10,6,,
213,entry,13,39,,
213,entry,14,60,,
213,entry,15,59,,
213,entry,16,,28,
213,entry,17,47,,
213,entry,18,18,,
213,entry,19,4,,
213,entry,20,,82,
213,entry,24,3,,
213,entry,25,70,,
213,entry,26,14,,8
213,entry,27,57,,
213,entry,28,28,,
213,entry,29,26,,
213,entry,30,35,,
213,entry,35,40,,
213,entry,36,,46,
213,entry,37,,73,
213,entry,38,9,,1 7
213,entry,39,36,,
213,entry,40,,55,
213,entry,46,19,,
213,entry,47,16,,
213,entry,48,90,,
213,entry,49,46,,
213,entry,50,29,,
213,entry,57,5,,
213,entry,58,,19,
213,entry,59,,64,
213,entry,60,68,,5
213,entry,68,30,,
213,entry,69,7,,
213,entry,70,48,,
213,entry,79,25,,2
213,entry,80,58,,
213,entry,90,17,,
213,start,2,79,,
213,start,3,10,,
213,start,4,2,,
213,start,5,69,,
213,start,6,38,,
213,start,7,0,,
213,start,8,8,,
213,start,9,24,,
214,entry,0,29,,5
214,entry,2,6,,
214,entry,3,,82,
214,entry,4,5,,
214,entry,5,,19,
214,entry,6,79,,
214,entry,7,49,,
214,entry,8,90,,
214,entry,9,,37,
214,entry,10,14,,
214,entry,13,7,,
214,entry,14,13,,
214,entry,15,19,,1
214,entry,16,0,,
214,entry,17,59,,
214,entry,18,3,,
214,entry,19,58,,
214,entry,20,9,,
214,entry,24,28,,
214,entry,25,24,,
214,entry,26,40,,
214,entry,27,15,,
214,entry,28,46,,
214,entry,29,10,,
214,entry,30,16,,
214,entry,35,,46,
214,entry,36,2,,7
214,entry,37,25,,6
214,entry,38,68,,
214,entry,39,,55,
214,entry,40,26,,
214,entry,46,39,,
214,entry,47,70,,3
214,entry,48,,73,
214,entry,49,17,,
214,entry,50,36,,
214,entry,57,,64,
214,entry,58,38,,
214,entry,59,27,,
214,entry,60,35,,
214,entry,68,48,,
214,entry,69,30,,
214,entry,70,8,,
214,entry,79,80,,2 4
214,entry,80,18,,
214,entry,90,,28,
214,start,2,69,,
214,start,3,47,,8
214,start,4,50,,
214,start,5,4,,
214,start,6,37,,
214,start,7,60,,
214,start,8,20,,
214,start,9,57,,
215,entry,0,6,,
215,entry,2,,55,
215,entry,3,26,,
215,entry,4,10,,
215,entry,5,49,,5
215,entry,6,25,,
215,entry,7,39,,
215,entry,8,40,,
215,entry,9,69,,
215,entry,10,79,,8
215,entry,13,8,,
215,entry,14,38,,
215,entry,15,29,,7
215,entry,16,18,,
215,entry,17,35,,
215,entry,18,57,,6
215,entry,19,28,,
215,entry,20,50,,
215,entry,24,17,,
215,entry,25,15,,
215,entry,26,4,,
215,entry,27,80,,
215,entry,28,,64,
215,entry,29,90,,
215,entry,30,,37,2
215,entry,35,,73,
215,entry,36,14,,
215,entry,37,36,,
215,entry,38,7,,
215,entry,39,16,,1
215,entry,40,58,,
215,entry,46,46,,
215,entry,47,24,,
215,entry,48,9,,
215,entry,49,70,,
215,entry,50,20,,
215,entry,57,,46,4
215,entry,58,19,,
215,entry,59,,82,
215,entry,60,30,,
215,entry,68,3,,
215,entry,69,48,,
215,entry,70,27,,
215,entry,79,,19,
215,entry,80,37,,
215,entry,90,68,,3
215,start,2,60,,
215,start,3,13,,
215,start,4,59,,
215,start,5,2,,
215,start,6,47,,
215,start,7,,28,
215,start,8,5,,
215,start,9,0,,
216,entry,0,46,,
216,entry,2,20,,
216,entry,3,70,,
216,entry,4,59,,
216,entry,5,9,,
216,entry,6,17,,
216,entry,7,6,,6
216,entry,8,13,,
216,entry,9,4,,
216,entry,10,,64,
216,entry,13,80,,
216,entry,14,69,,4
216,entry,15,37,,7
216,entry,16,29,,
216,entry,17,40,,
216,entry,18,,46,
216,entry,19,14,,8
216,entry,20,7,,
216,entry,24,48,,
216,entry,25,18,,
216,entry,26,,55,
216,entry,27,50,,3
216,entry,28,35,,
216,entry,29,38,,
216,entry,30,47,,1
216,entry,35,19,,
216,entry,36,27,,
216,entry,37,15,,
216,entry,38,5,,
216,entry,39,39,,
216,entry,40,57,,
216,entry,46,10,,
216,entry,47,36,,
216,entry,48,79,,
216,entry,49,0,,
216,entry,50,,73,
216,entry,57,16,,
216,entry,58,25,,
216,entry,59,60,,2
216,entry,60,,82,
216,entry,68,26,,
216,entry,69,68,,
216,entry,70,90,,
216,entry,79,3,,
216,entry,80,,19,
216,entry,90,2,,
216,start,2,28,,5
216,start,3,58,,
216,start,4,30,,
216,start,5,,37,
216,start,6,49,,
216,start,7,,28,
216,start,8,8,,
216,start,9,24,,
217,entry,0,58,,
217,entry,2,24,,
217,entry,3,,64,
217,entry,4,70,,
217,entry,5,38,,
217,entry,6,9,,
217,entry,7,36,,7
217,entry,8,68,,
217,entry,9,46,,
217,entry,10,6,,
217,entry,13,7,,
217,entry,14,80,,1
217,entry,15,,28,
217,entry,16,,37,
217,entry,17,79,,
217,entry,18,49,,
217,entry,19,28,,6
217,entry,20,8,,
217,entry,24,13,,
217,entry,25,3,,
217,entry,26,4,,
217,entry,27,10,,2 4
217,entry,28,59,,
217,entry,29,25,,
217,entry,30,18,,
217,entry,35,0,,
217,entry,36,16,,
217,entry,37,47,,5 8
217,entry,38,69,,
217,entry,39,35,,
217,entry,40,17,,
217,entry,46,,19,3
217,entry,47,30,,
217,entry,48,19,,
217,entry,49,,55,
217,entry,50,50,,
217,entry,57,27,,
217,entry,58,48,,
217,entry,59,,46,
217,entry,60,60,,
217,entry,68,26,,
217,entry,69,90,,
217,entry,70,40,,
217,entry,79,14,,
217,entry,80,29,,
217,entry,90,39,,
217,start,2,5,,
217,start,3,37,,
217,start,4,,73,
217,start,5,15,,
217,start,6,,82,
217,start,7,2,,
217,start,8,20,,
217,start,9,57,,
218,entry,0,47,,
218,entry,2,20,,
218,entry,3,3,,3
218,entry,4,68,,
218,entry,5,69,,
218,entry,6,2,,2
218,entry,7,16,,
218,entry,8,19,,
218,entry,9,90,,
218,entry,10,15,,
218,entry,13,60,,
218,entry,14,,28,6
218,entry,15,58,,
218,entry,16,35,,
218,entry,17,14,,
218,entry,18,29,,
218,entry,19,70,,
218,entry,20,27,,
218,entry,24,46,,
218,entry,25,6,,
218,entry,26,,55,
218,entry,27,8,,
218,entry,28,39,,
218,entry,29,80,,
218,entry,30,38,,
218,entry,35,37,,
218,entry,36,10,,
218,entry,37,18,,
218,entry,38,49,,
218,entry,39,13,,
218,entry,40,24,,
218,entry,46,50,,4
218,entry,47,57,,
218,entry,48,9,,
218,entry,49,,37,
218,entry,50,,46,
218,entry,57,17,,7
218,entry,58,28,,5
218,entry,59,48,,
218,entry,60,26,,
218,entry,68,79,,8
218,entry,69,,19,
218,entry,70,30,,1
218,entry,79,25,,
218,entry,80,7,,
218,entry,90,40,,
218,start,2,,64,
218,start,3,,82,
218,start,4,4,,
218,start,5,59,,
218,start,6,,73,
218,start,7,36,,
218,start,8,5,,
218,start,9,0,,
219,entry,0,27,,
219,entry,2,15,,3
219,entry,3,36,,
219,entry,4,90,,
219,entry,5,79,,
219,entry,6,25,,2
219,entry,7,58,,
219,entry,8,29,,
219,entry,9,13,,
219,entry,10,,82,
219,entry,13,5,,
219,entry,14,,19,
219,entry,15,37,,
219,entry,16,20,,
219,entry,17,6,,
219,entry,18,,37,
219,entry,19,48,,
219,entry,20,9,,
219,entry,24,2,,
219,entry,25,30,,
219,entry,26,18,,
219,entry,27,16,,
219,entry,28,68,,5
219,entry,29,4,,
219,entry,30,39,,
219,entry,35,80,,
219,entry,36,28,,
219,entry,37,40,,
219,entry,38,59,,
219,entry,39,14,,4 8
219,entry,40,38,,
219,entry,46,3,,1 7
219,entry,47,50,,
219,entry,48,69,,
219,entry,49,,55,6
219,entry,50,,46,
219,entry,57,60,,
219,entry,58,46,,
219,entry,59,26,,
219,entry,60,70,,
219,entry,68,,64,
219,entry,69,,28,
219,entry,70,47,,
219,entry,79,19,,
219,entry,80,57,,
219,entry,90,,73,
219,start,2,7,,
219,start,3,10,,
219,start,4,17,,
219,start,5,35,,
219,start,6,49,,
219,start,7,0,,
219,start,8,8,,
219,start,9,24,,
220,entry,0,59,,
220,entry,2,,82,
220,entry,3,26,,
220,entry,4,24,,
220,entry,5,3,,
220,entry,6,70,,3
220,entry,7,58,,
220,entry,8,13,,
220,entry,9,6,,
220,entry,10,37,,
220,entry,13,28,,
220,entry,14,,46,
220,entry,15,39,,
220,entry,16,49,,
220,entry,17,68,,
220,entry,18,80,,2 4
220,entry,19,4,,
220,entry,20,29,,5
220,entry,24,5,,
220,entry,25,,28,
220,entry,26,,19,
220,entry,27,0,,
220,entry,28,18,,
220,entry,29,36,,
220,entry,30,14,,
220,entry,35,19,,1
220,entry,36,2,,
220,entry,37,10,,
220,entry,38,16,,
220,entry,39,69,,
220,entry,40,9,,
220,entry,46,,37,7
220,entry,47,15,,
220,entry,48,27,,
220,entry,49,8,,
220,entry,50,30,,
220,entry,57,25,,6
220,entry,58,79,,
220,entry,59,17,,
220,entry,60,40,,
220,entry,68,48,,
220,entry,69,35,,
220,entry,70,,64,
220,entry,79,,55,
220,entry,80,7,,
220,entry,90,47,,8
220,start,2,90,,
220,start,3,38,,
220,start,4,50,,
220,start,5,46,,
220,start,6,,73,
220,start,7,60,,
220,start,8,20,,
220,start,9,57,,
221,entry,0,35,,
221,entry,2,,37,
221,entry,3,,73,
221,entry,4,49,,
221,entry,5,48,,
221,entry,6,28,,
221,entry,7,20,,
221,entry,8,16,,
221,entry,9,4,,5
221,entry,10,10,,
221,entry,13,3,,
221,entry,14,59,,
221,entry,15,,19,
221,entry,16,90,,
221,entry,17,30,,
221,entry,18,47,,
221,entry,19,8,,
221,entry,20,29,,
221,entry,24,15,,
221,entry,25,40,,
221,entry,26,37,,1
221,entry,27,60,,
221,entry,28,27,,
221,entry,29,,55,
221,entry,30,,82,
221,entry,35,57,,6
221,entry,36,79,,8
221,entry,37,70,,
221,entry,38,,46,
221,entry,39,6,,
221,entry,40,9,,4
221,entry,46,13,,7
221,entry,47,80,,3
221,entry,48,7,,
221,entry,49,,64,
221,entry,50,25,,
221,entry,57,24,,
221,entry,58,26,,2
221,entry,59,38,,
221,entry,60,18,,
221,entry,68,58,,
221,entry,69,50,,
221,entry,70,36,,
221,entry,79,19,,
221,entry,80,46,,
221,entry,90,39,,
221,start,2,69,,
221,start,3,17,,
221,start,4,14,,
221,start,5,2,,
221,start,6,68,,
221,start,7,,28,
221,start,8,5,,
221,start,9,0,,
222,entry,0,10,,
222,entry,2,36,,
222,entry,3,50,,3
222,entry,4,0,,
222,entry,5,3,,
222,entry,6,60,,2
222,entry,7,49,,
222,entry,8,70,,
222,entry,9,4,,
222,entry,10,20,,
222,entry,13,17,,
222,entry,14,,37,6
222,entry,15,16,,
222,entry,16,68,,
222,entry,17,,19,
222,entry,18,5,,1
222,entry,19,14,,4 8
222,entry,20,47,,
222,entry,24,40,,
222,entry,25,79,,
222,entry,26,69,,
222,entry,27,2,,
222,entry,28,46,,
222,entry,29,48,,
222,entry,30,13,,
222,entry,35,27,,
222,entry,36,80,,
222,entry,37,15,,
222,entry,38,,64,
222,entry,39,6,,
222,entry,40,,46,
222,entry,46,,28,
222,entry,47,25,,
222,entry,48,7,,
222,entry,49,19,,
222,entry,50,57,,
222,entry,57,38,,
222,entry,58,29,,
222,entry,59,,73,
222,entry,60,,55,
222,entry,68,39,,
222,entry,69,,82,
222,entry,70,35,,7
222,entry,79,9,,
222,entry,80,18,,
222,entry,90,37,,
222,start,2,28,,5
222,start,3,58,,
222,start,4,30,,
222,start,5,90,,
222,start,6,26,,
222,start,7,59,,
222,start,8,8,,
222,start,9,24,,
223,entry,0,16,,7
223,entry,2,,73,
223,entry,3,59,,
223,entry,4,58,,
223,entry,5,,55,
223,entry,6,39,,
223,entry,7,18,,
223,entry,8,,28,
223,entry,9,4,,
223,entry,10,30,,
223,entry,13,19,,
223,entry,14,68,,
223,entry,15,,46,
223,entry,16,26,,
223,entry,17,7,,
223,entry,18,46,,
223,entry,19,10,,3
223,entry,20,69,,
223,entry,24,49,,
223,entry,25,36,,
223,entry,26,28,,6
223,entry,27,50,,
223,entry,28,,64,
223,entry,29,47,,8
223,entry,30,79,,2 4
223,entry,35,48,,
223,entry,36,25,,
223,entry,37,60,,
223,entry,38,24,,
223,entry,39,,19,
223,entry,40,27,,5
223,entry,46,35,,
223,entry,47,0,,
223,entry,48,38,,
223,entry,49,2,,
223,entry,50,40,,
223,entry,57,29,,
223,entry,58,6,,
223,entry,59,,82,
223,entry,60,70,,
223,entry,68,8,,
223,entry,69,80,,
223,entry,70,3,,
223,entry,79,14,,1
223,entry,80,13,,
223,entry,90,,37,
223,start,2,5,,
223,start,3,17,,
223,start,4,37,,
223,start,5,15,,
223,start,6,9,,
223,start,7,90,,
223,start,8,20,,
223,start,9,57,,
224,entry,0,90,,
224,entry,2,40,,
224,entry,3,30,,1
224,entry,4,37,,
224,entry,5,47,,
224,entry,6,,28,6
224,entry,7,49,,4 7
224,entry,8,3,,
224,entry,9,36,,
224,entry,10,25,,
224,entry,13,39,,
224,entry,14,68,,
224,entry,15,18,,
224,entry,16,19,,
224,entry,17,4,,
224,entry,18,7,,
224,entry,19,46,,
224,entry,20,60,,
224,entry,24,,82,
224,entry,25,,73,
224,entry,26,57,,3
224,entry,27,58,,
224,entry,28,8,,
224,entry,29,,64,
224,entry,30,70,,
224,entry,35,38,,
224,entry,36,15,,
224,entry,37,6,,
224,entry,38,2,,2
224,entry,39,28,,5
224,entry,40,80,,
224,entry,46,20,,
224,entry,47,13,,
224,entry,48,35,,
224,entry,49,14,,
224,entry,50,48,,
224,entry,57,50,,
224,entry,58,,55,
224,entry,59,16,,
224,entry,60,,19,
224,entry,68,59,,
224,entry,69,27,,
224,entry,70,24,,
224,entry,79,79,,8
224,entry,80,,46,
224,entry,90,26,,
224,start,2,29,,
224,start,3,10,,
224,start,4,17,,
224,start,5,,37,
224,start,6,69,,
224,start,7,9,,
224,start,8,5,,
224,start,9,0,,
225,entry,0,38,,
225,entry,2,14,,8
225,entry,3,6,,
225,entry,4,39,,
225,entry,5,5,,
225,entry,6,2,,
225,entry,7,18,,
225,entry,8,,19,
225,entry,9,59,,
225,entry,10,48,,
225,entry,13,70,,
225,entry,14,19,,
225,entry,15,15,,3
225,entry,16,,28,
225,entry,17,28,,
225,entry,18,79,,
225,entry,19,,46,
225,entry,20,60,,
225,entry,24,69,,
225,entry,25,57,,
225,entry,26,3,,
225,entry,27,4,,1 7
225,entry,28,,73,
225,entry,29,68,,5
225,entry,30,80,,
225,entry,35,29,,
225,entry,36,13,,
225,entry,37,,64,
225,entry,38,,82,
225,entry,39,36,,
225,entry,40,35,,
225,entry,46,27,,
225,entry,47,7,,
225,entry,48,9,,
225,entry,49,46,,
225,entry,50,,55,4
225,entry,57,30,,
225,entry,58,25,,2
225,entry,59,37,,
225,entry,60,17,,6
225,entry,68,20,,
225,entry,69,40,,
225,entry,70,58,,
225,entry,79,90,,
225,entry,80,,37,
225,entry,90,49,,
225,start,2,50,,
225,start,3,10,,
225,start,4,47,,
225,start,5,16,,
225,start,6,26,,
225,start,7,0,,
225,start,8,8,,
225,start,9,24,,
226,entry,0,,28,
226,entry,2,2,,
226,entry,3,70,,3
226,entry,4,90,,
226,entry,5,13,,
226,entry,6,80,,2 4
226,entry,7,79,,
226,entry,8,59,,
226,entry,9,28,,
226,entry,10,68,,
226,entry,13,30,,
226,entry,14,15,,
226,entry,15,,37,
226,entry,16,,55,
226,entry,17,35,,
226,entry,18,69,,
226,entry,19,,82,
226,entry,20,48,,
226,entry,24,25,,6
226,entry,25,4,,7
226,entry,26,26,,
226,entry,27,,73,
226,entry,28,47,,8
226,entry,29,40,,
226,entry,30,39,,
226,entry,35,10,,
226,entry,36,37,,
226,entry,37,6,,
226,entry,38,17,,
226,entry,39,7,,
226,entry,40,38,,
226,entry,46,0,,
226,entry,47,8,,
226,entry,48,27,,
226,entry,49,29,,5
226,entry,50,19,,1
226,entry,57,58,,
226,entry,58,16,,
226,entry,59,14,,
226,entry,60,24,,
226,entry,68,46,,
226,entry,69,9,,
226,entry,70,,46,
226,entry,79,49,,
226,entry,80,5,,
226,entry,90,36,,
226,start,2,,19,
226,start,3,3,,
226,start,4,50,,
226,start,5,,64,
226,start,6,18,,
226,start,7,60,,
226,start,8,20,,
226,start,9,57,,
227,entry,0,15,,
227,entry,2,70,,
227,entry,3,38,,
227,entry,4,,64,
227,entry,5,69,,
227,entry,6,50,,
227,entry,7,36,,
227,entry,8,48,,
227,entry,9,14,,
227,entry,10,,73,
227,entry,13,39,,
227,entry,14,7,,7
227,entry,15,13,,
227,entry,16,60,,4
227,entry,17,3,,
227,entry,18,,19,
227,entry,19,24,,3
227,entry,20,8,,
227,entry,24,79,,8
227,entry,25,27,,5
227,entry,26,25,,
227,entry,27,17,,
227,entry,28,40,,
227,entry,29,68,,
227,entry,30,,82,
227,entry,35,46,,
227,entry,36,18,,
227,entry,37,35,,
227,entry,38,57,,6
227,entry,39,28,,
227,entry,40,10,,
227,entry,46,47,,
227,entry,47,29,,
227,entry,48,,37,
227,entry,49,90,,
227,entry,50,16,,2
227,entry,57,80,,
227,entry,58,4,,
227,entry,59,,55,1
227,entry,60,58,,
227,entry,68,26,,
227,entry,69,19,,
227,entry,70,20,,
227,entry,79,,46,
227,entry,80,30,,
227,entry,90,49,,
227,start,2,9,,
227,start,3,59,,
227,start,4,37,,
227,start,5,2,,
227,start,6,6,,
227,start,7,,28,
227,start,8,5,,
227,start,9,0,,
228,entry,0,40,,
228,entry,2,,73,6
228,entry,3,9,,
228,entry,4,47,,
228,entry,5,68,,
228,entry,6,27,,
228,entry,7,0,,
228,entry,8,,37,
228,entry,9,20,,
228,entry,10,50,,3
228,entry,13,49,,
228,entry,14,26,,
228,entry,15,,55,
228,entry,16,3,,
228,entry,17,10,,
228,entry,18,7,,
228,entry,19,29,,7
228,entry,20,,82,
228,entry,24,79,,
228,entry,25,6,,
228,entry,26,13,,
228,entry,27,4,,
228,entry,28,39,,
228,entry,29,18,,
228,entry,30,36,,
228,entry,35,37,,
228,entry,36,46,,
228,entry,37,14,,8
228,entry,38,38,,
228,entry,39,90,,
228,entry,40,59,,
228,entry,46,60,,2
228,entry,47,,46,
228,entry,48,2,,
228,entry,49,5,,
228,entry,50,69,,
228,entry,57,17,,
228,entry,58,,28,1
228,entry,59,15,,4
228,entry,60,,19,
228,entry,68,80,,
228,entry,69,48,,
228,entry,70,57,,
228,entry,79,25,,
228,entry,80,19,,
228,entry,90,,64,
228,start,2,28,,5
228,start,3,58,,
228,start,4,30,,
228,start,5,16,,
228,start,6,70,,
228,start,7,35,,
228,start,8,8,,
228,start,9,24,,
229,entry,0,16,,
229,entry,2,70,,
229,entry,3,46,,2 4
229,entry,4,79,,
229,entry,5,38,,
229,entry,6,,46,
229,entry,7,39,,
229,entry,8,8,,
229,entry,9,26,,
229,entry,10,40,,
229,entry,13,90,,5
229,entry,14,0,,
229,entry,15,48,,
229,entry,16,14,,
229,entry,17,49,,
229,entry,18,18,,
229,entry,19,36,,1
229,entry,20,,64,
229,entry,24,58,,
229,entry,25,19,,
229,entry,26,,82,
229,entry,27,28,,6
229,entry,28,4,,
229,entry,29,47,,8
229,entry,30,59,,
229,entry,35,,28,
229,entry,36,9,,
229,entry,37,25,,
229,entry,38,50,,
229,entry,39,13,,
229,entry,40,69,,
229,entry,46,,73,
229,entry,47,35,,
229,entry,48,60,,
229,entry,49,,37,
229,entry,50,7,,3
229,entry,57,,55,
229,entry,58,80,,
229,entry,59,24,,
229,entry,60,2,,
229,entry,68,29,,
229,entry,69,3,,
229,entry,70,27,,
229,entry,79,6,,
229,entry,80,37,,
229,entry,90,68,,7
229,start,2,5,,
229,start,3,10,,
229,start,4,,19,
229,start,5,15,,
229,start,6,30,,
229,start,7,17,,
229,start,8,20,,
229,start,9,57,,
230,entry,0,70,,
230,entry,2,28,,5
230,entry,3,49,,
230,entry,4,69,,
230,entry,5,19,,
230,entry,6,40,,
230,entry,7,38,,
230,entry,8,27,,
230,entry,9,13,,
230,entry,10,16,,
230,entry,13,57,,
230,entry,14,79,,8
230,entry,15,48,,
230,entry,16,90,,
230,entry,17,46,,
230,entry,18,9,,3
230,entry,19,,37,4
230,entry,20,36,,
230,entry,24,10,,
230,entry,25,,19,
230,entry,26,14,,
230,entry,27,,64,
230,entry,28,4,,
230,entry,29,60,,
230,entry,30,18,,
230,entry,35,59,,
230,entry,36,24,,
230,entry,37,7,,
230,entry,38,20,,
230,entry,39,58,,
230,entry,40,80,,
230,entry,46,,46,
230,entry,47,30,,1
230,entry,48,47,,
230,entry,49,6,,
230,entry,50,,73,
230,entry,57,68,,
230,entry,58,25,,
230,entry,59,29,,
230,entry,60,15,,
230,entry,68,,82,7
230,entry,69,3,,
230,entry,70,2,,2
230,entry,79,,28,6
230,entry,80,35,,
230,entry,90,,55,
230,start,2,37,,
230,start,3,39,,
230,start,4,26,,
230,start,5,50,,
230,start,6,8,,
230,start,7,17,,
230,start,8,5,,
230,start,9,0,,
231,entry,0,4,,
231,entry,2,29,,
231,entry,3,48,,
231,entry,4,14,,8
231,entry,5,59,,
231,entry,6,6,,
231,entry,7,27,,1 7
231,entry,8,90,,
231,entry,9,68,,5
231,entry,10,,46,
231,entry,13,58,,
231,entry,14,,82,
231,entry,15,2,,
231,entry,16,16,,
231,entry,17,37,,
231,entry,18,,19,
231,entry,19,,64,
231,entry,20,57,,
231,entry,24,70,,
231,entry,25,,28,
231,entry,26,40,,
231,entry,27,38,,
231,entry,28,26,,
231,entry,29,7,,
231,entry,30,,73,4
231,entry,35,36,,
231,entry,36,5,,
231,entry,37,30,,
231,entry,38,25,,2
231,entry,39,50,,
231,entry,40,19,,6
231,entry,46,15,,3
231,entry,47,35,,
231,entry,48,20,,
231,entry,49,60,,
231,entry,50,39,,
231,entry,57,,55,
231,entry,58,18,,
231,entry,59,79,,
231,entry,60,17,,
231,entry,68,28,,
231,entry,69,69,,
231,entry,70,3,,
231,entry,79,80,,
231,entry,80,13,,
231,entry,90,47,,
231,start,2,,37,
231,start,3,10,,
231,start,4,49,,
231,start,5,9,,
231,start,6,46,,
231,start,7,0,,
231,start,8,8,,
231,start,9,24,,
232,entry,0,37,,
232,entry,2,27,,
232,entry,3,7,,
232,entry,4,29,,5
232,entry,5,28,,
232,entry,6,19,,1
232,entry,7,59,,
232,entry,8,79,,
232,entry,9,,55,
232,entry,10,30,,
232,entry,13,17,,
232,entry,14,14,,
232,entry,15,,82,
232,entry,16,24,,
232,entry,17,69,,
232,entry,18,58,,
232,entry,19,80,,2 4
232,entry,20,40,,
232,entry,24,9,,
232,entry,25,10,,
232,entry,26,,46,
232,entry,27,,64,
232,entry,28,68,,
232,entry,29,4,,
232,entry,30,,19,
232,entry,35,90,,7
232,entry,36,5,,
232,entry,37,35,,
232,entry,38,15,,
232,entry,39,2,,
232,entry,40,3,,
232,entry,46,,28,
232,entry,47,39,,
232,entry,48,25,,6
232,entry,49,26,,
232,entry,50,38,,
232,entry,57,16,,
232,entry,58,70,,3
232,entry,59,48,,
232,entry,60,,37,
232,entry,68,0,,
232,entry,69,8,,
232,entry,70,47,,8
232,entry,79,18,,
232,entry,80,,73,
232,entry,90,36,,
232,start,2,49,,
232,start,3,6,,
232,start,4,50,,
232,start,5,13,,
232,start,6,46,,
232,start,7,60,,
232,start,8,20,,
232,start,9,57,,
233,entry,0,6,,
233,entry,2,10,,1
233,entry,3,28,,
233,entry,4,17,,
233,entry,5,58,,
233,entry,6,69,,
233,entry,7,49,,
233,entry,8,18,,
233,entry,9,3,,
233,entry,10,24,,
233,entry,13,90,,
233,entry,14,27,,3
233,entry,15,20,,
233,entry,16,79,,8
233,entry,17,,73,
233,entry,18,70,,7
233,entry,19,80,,
233,entry,20,48,,
233,entry,24,4,,
233,entry,25,30,,
233,entry,26,14,,
233,entry,27,38,,
233,entry,28,15,,
233,entry,29,35,,
233,entry,30,,19,
233,entry,35,7,,
233,entry,36,8,,
233,entry,37,47,,
233,entry,38,19,,
233,entry,39,16,,
233,entry,40,40,,
233,entry,46,60,,2
233,entry,47,,82,
233,entry,48,13,,5
233,entry,49,9,,
233,entry,50,57,,6
233,entry,57,59,,
233,entry,58,36,,
233,entry,59,37,,
233,entry,60,29,,
233,entry,68,46,,
233,entry,69,68,,4
233,entry,70,39,,
233,entry,79,25,,
233,entry,80,,46,
233,entry,90,26,,
233,start,2,,55,
233,start,3,,64,
233,start,4,,37,
233,start,5,2,,
233,start,6,50,,
233,start,7,,28,
233,start,8,5,,
233,start,9,0,,
234,entry,0,38,,
234,entry,2,,82,
234,entry,3,,64,
234,entry,4,48,,
234,entry,5,18,,
234,entry,6,17,,
234,entry,7,50,,3
234,entry,8,16,,
234,entry,9,80,,
234,entry,10,69,,1
234,entry,13,7,,
234,entry,14,15,,
234,entry,15,49,,
234,entry,16,57,,
234,entry,17,26,,
234,entry,18,25,,
234,entry,19,90,,
234,entry,20,29,,
234,entry,24,2,,
234,entry,25,70,,
234,entry,26,46,,
234,entry,27,36,,
234,entry,28,79,,
234,entry,29,20,,
234,entry,30,39,,
234,entry,35,5,,4
234,entry,36,10,,
234,entry,37,9,,
234,entry,38,37,,
234,entry,39,60,,2
234,entry,40,0,,
234,entry,46,,73,7
234,entry,47,19,,
234,entry,48,47,,
234,entry,49,68,,
234,entry,50,,28,
234,entry,57,59,,
234,entry,58,27,,6
234,entry,59,4,,
234,entry,60,3,,
234,entry,68,40,,
234,entry,69,14,,8
234,entry,70,13,,
234,entry,79,6,,
234,entry,80,35,,
234,entry,90,,55,
234,start,2,28,,5
234,start,3,58,,
234,start,4,30,,
234,start,5,,46,
234,start,6,,19,
234,start,7,,37,
234,start,8,8,,
234,start,9,24,,
235,entry,0,14,,
235,entry,2,80,,
235,entry,3,37,,
235,entry,4,,55,
235,entry,5,,64,
235,entry,6,50,,
235,entry,7,24,,
235,entry,8,13,,
235,entry,9,7,,
235,entry,10,49,,
235,entry,13,70,,
235,entry,14,,46,
235,entry,15,28,,6
235,entry,16,60,,
235,entry,17,68,,
235,entry,18,69,,
235,entry,19,0,,
235,entry,20,19,,
235,entry,24,46,,7
235,entry,25,25,,
235,entry,26,36,,
235,entry,27,6,,
235,entry,28,17,,
235,entry,29,10,,
235,entry,30,58,,
235,entry,35,35,,
235,entry,36,29,,
235,entry,37,8,,
235,entry,38,27,,1
235,entry,39,,82,
235,entry,40,4,,
235,entry,46,39,,
235,entry,47,18,,
235,entry,48,,37,
235,entry,49,9,,
235,entry,50,16,,
235,entry,57,,19,
235,entry,58,30,,
235,entry,59,2,,3
235,entry,60,59,,
235,entry,68,40,,
235,entry,69,48,,
235,entry,70,90,,2 4
235,entry,79,3,,
235,entry,80,,73,5
235,entry,90,26,,
235,start,2,5,,
235,start,3,47,,8
235,start,4,38,,
235,start,5,15,,
235,start,6,79,,
235,start,7,,28,
235,start,8,20,,
235,start,9,57,,
236,entry,0,,19,
236,entry,2,48,,
236,entry,3,8,,
236,entry,4,90,,
236,entry,5,9,,
236,entry,6,7,,
236,entry,7,,28,6
236,entry,8,13,,
236,entry,9,37,,
236,entry,10,17,,
236,entry,13,18,,
236,entry,14,57,,
236,entry,15,30,,1
236,entry,16,46,,
236,entry,17,29,,
236,entry,18,,37,4
236,entry,19,70,,
236,entry,20,79,,8
236,entry,24,,73,
236,entry,25,49,,
236,entry,26,38,,
236,entry,27,36,,3
236,entry,28,14,,
236,entry,29,80,,
236,entry,30,10,,
236,entry,35,40,,
236,entry,36,68,,
236,entry,37,60,,
236,entry,38,58,,
236,entry,39,15,,
236,entry,40,3,,
236,entry,46,,82,
236,entry,47,20,,
236,entry,48,6,,
236,entry,49,,64,
236,entry,50,69,,
236,entry,57,47,,
236,entry,58,,46,
236,entry,59,2,,2
236,entry,60,59,,7
236,entry,68,26,,
236,entry,69,35,,
236,entry,70,28,,5
236,entry,79,,55,
236,entry,80,24,,
236,entry,90,16,,
236,start,2,39,,
236,start,3,50,,
236,start,4,27,,
236,start,5,4,,
236,start,6,25,,
236,start,7,19,,
236,start,8,5,,
236,start,9,0,,
237,entry,0,35,,
237,entry,2,,46,
237,entry,3,,73,
237,entry,4,37,,
237,entry,5,,82,
237,entry,6,90,,
237,entry,7,3,,
237,entry,8,16,,
237,entry,9,20,,
237,entry,10,36,,
237,entry,13,68,,5
237,entry,14,,37,
237,entry,15,9,,4
237,entry,16,,19,
237,entry,17,13,,
237,entry,18,17,,
237,entry,19,18,,
237,entry,20,46,,
237,entry,24,4,,
237,entry,25,39,,6
237,entry,26,2,,
237,entry,27,60,,
237,entry,28,27,,
237,entry,29,28,,
237,entry,30,48,,
237,entry,35,,28,
237,entry,36,7,,
237,entry,37,57,,
237,entry,38,26,,
237,entry,39,47,,1 7
237,entry,40,58,,
237,entry,46,38,,
237,entry,47,19,,
237,entry,48,5,,
237,entry,49,,55,
237,entry,50,49,,
237,entry,57,70,,
237,entry,58,15,,3
237,entry,59,79,,
237,entry,60,59,,
237,entry,68,80,,
237,entry,69,30,,
237,entry,70,40,,
237,entry,79,6,,
237,entry,80,50,,
237,entry,90,25,,2
237,start,2,,64,
237,start,3,10,,
237,start,4,69,,
237,start,5,29,,
237,start,6,14,,8
237,start,7,0,,
237,start,8,8,,
237,start,9,24,,
238,entry,0,,37,
238,entry,2,16,,
238,entry,3,27,,
238,entry,4,25,,6
238,entry,5,40,,
238,entry,6,68,,
238,entry,7,8,,
238,entry,8,6,,
238,entry,9,0,,
238,entry,10,39,,
238,entry,13,37,,
238,entry,14,70,,3
238,entry,15,,64,
238,entry,16,90,,
238,entry,17,18,,
238,entry,18,35,,
238,entry,19,10,,
238,entry,20,13,,
238,entry,24,79,,
238,entry,25,7,,
238,entry,26,46,,
238,entry,27,47,,8
238,entry,28,,55,
238,entry,29,29,,5
238,entry,30,19,,1
238,entry,35,15,,
238,entry,36,48,,7
238,entry,37,4,,
238,entry,38,58,,
238,entry,39,14,,
238,entry,40,24,,
238,entry,46,30,,
238,entry,47,80,,2 4
238,entry,48,59,,
238,entry,49,9,,
238,entry,50,,46,
238,entry,57,3,,
238,entry,58,36,,
238,entry,59,26,,
238,entry,60,5,,
238,entry,68,,28,
238,entry,69,,19,
238,entry,70,49,,
238,entry,79,2,,
238,entry,80,28,,
238,entry,90,,82,
238,start,2,17,,
238,start,3,38,,
238,start,4,50,,
238,start,5,69,,
238,start,6,,73,
238,start,7,60,,
238,start,8,20,,
238,start,9,57,,
239,entry,0,40,,
239,entry,2,,19,
239,entry,3,,46,
239,entry,4,90,,
239,entry,5,14,,
239,entry,6,8,,2
239,entry,7,27,,
239,entry,8,60,,5
239,entry,9,37,,
239,entry,10,57,,6
239,entry,13,48,,
239,entry,14,15,,1
239,entry,15,24,,3
239,entry,16,58,,
239,entry,17,69,,
239,entry,18,39,,
239,entry,19,7,,
239,entry,20,,82,
239,entry,24,46,,
239,entry,25,80,,
239,entry,26,20,,
239,entry,27,79,,8
239,entry,28,49,,
239,entry,29,17,,4
239,entry,30,9,,
239,entry,35,28,,
239,entry,36,30,,
239,entry,37,10,,7
239,entry,38,59,,
239,entry,39,25,,
239,entry,40,19,,
239,entry,46,4,,
239,entry,47,13,,
239,entry,48,16,,
239,entry,49,18,,
239,entry,50,29,,
239,entry,57,47,,
239,entry,58,38,,
239,entry,59,,55,
239,entry,60,3,,
239,entry,68,,37,
239,entry,69,6,,
239,entry,70,50,,
239,entry,79,68,,
239,entry,80,35,,
239,entry,90,,64,
239,start,2,36,,
239,start,3,26,,
239,start,4,70,,
239,start,5,2,,
239,start,6,,73,
239,start,7,,28,
239,start,8,5,,
239,start,9,0,,
240,entry,0,48,,
240,entry,2,38,,4
240,entry,3,39,,
240,entry,4,37,,
240,entry,5,49,,
240,entry,6,50,,3
240,entry,7,69,,
240,entry,8,,82,
240,entry,9,27,,
240,entry,10,59,,
240,entry,13,,73,
240,entry,14,57,,7
240,entry,15,16,,
240,entry,16,80,,
240,entry,17,79,,
240,entry,18,60,,2
240,entry,19,2,,
240,entry,20,,19,
240,entry,24,18,,
240,entry,25,47,,
240,entry,26,36,,
240,entry,27,90,,
240,entry,28,68,,
240,entry,29,,28,
240,entry,30,19,,
240,entry,35,9,,
240,entry,36,5,,
240,entry,37,70,,
240,entry,38,,37,
240,entry,39,3,,
240,entry,40,29,,
240,entry,46,15,,
240,entry,47,17,,6
240,entry,48,4,,
240,entry,49,,46,
240,entry,50,0,,
240,entry,57,40,,
240,entry,58,,55,
240,entry,59,35,,
240,entry,60,10,,
240,entry,68,6,,
240,entry,69,46,,
240,entry,70,20,,1
240,entry,79,,64,
240,entry,80,25,,
240,entry,90,26,,
240,start,2,28,,5
240,start,3,58,,
240,start,4,30,,
240,start,5,14,,8
240,start,6,7,,
240,start,7,13,,
240,start,8,8,,
240,start,9,24,,
241,entry,0,60,,
241,entry,2,50,,
241,entry,3,18,,
241,entry,4,,64,
241,entry,5,69,,
241,entry,6,49,,
241,entry,7,30,,
241,entry,8,3,,
241,entry,9,80,,
241,entry,10,70,,
241,entry,13,17,,
241,entry,14,6,,
241,entry,15,14,,
241,entry,16,59,,
241,entry,17,40,,
241,entry,18,13,,
241,entry,19,,73,
241,entry,20,29,,
241,entry,24,8,,
241,entry,25,7,,
241,entry,26,90,,
241,entry,27,48,,
241,entry,28,10,,
241,entry,29,,82,
241,entry,30,39,,
241,entry,35,24,,
241,entry,36,37,,
241,entry,37,,28,
241,entry,38,38,,2 4
241,entry,39,9,,
241,entry,40,2,,
241,entry,46,47,,1 8
241,entry,47,58,,3
241,entry,48,16,,5
241,entry,49,79,,
241,entry,50,28,,6
241,entry,57,36,,
241,entry,58,,37,
241,entry,59,0,,
241,entry,60,25,,
241,entry,68,27,,
241,entry,69,19,,
241,entry,70,35,,
241,entry,79,46,,
241,entry,80,,55,
241,entry,90,,46,
241,start,2,5,,
241,start,3,4,,
241,start,4,26,,
241,start,5,15,,
241,start,6,,19,7
241,start,7,68,,
241,start,8,20,,
241,start,9,57,,
242,entry,0,,73,
242,entry,2,57,,
242,entry,3,19,,
242,entry,4,36,,
242,entry,5,,37,
242,entry,6,20,,
242,entry,7,8,,
242,entry,8,35,,
242,entry,9,49,,
242,entry,10,48,,
242,entry,13,37,,
242,entry,14,40,,
242,entry,15,4,,
242,entry,16,47,,
242,entry,17,18,,
242,entry,18,,55,
242,entry,19,16,,
242,entry,20,,19,
242,entry,24,90,,
242,entry,25,14,,
242,entry,26,10,,
242,entry,27,,28,6
242,entry,28,68,,
242,entry,29,13,,
242,entry,30,50,,
242,entry,35,30,,1
242,entry,36,69,,
242,entry,37,,46,
242,entry,38,,82,4
242,entry,39,15,,
242,entry,40,60,,
242,entry,46,38,,
242,entry,47,59,,3
242,entry,48,39,,
242,entry,49,25,,
242,entry,50,70,,
242,entry,57,9,,
242,entry,58,58,,
242,entry,59,,64,
242,entry,60,7,,
242,entry,68,6,,
242,entry,69,79,,8
242,entry,70,17,,
242,entry,79,2,,2
242,entry,80,3,,
242,entry,90,28,,5
242,start,2,26,,
242,start,3,27,,
242,start,4,80,,
242,start,5,29,,
242,start,6,46,,7
242,start,7,24,,
242,start,8,5,,
242,start,9,0,,
243,entry,0,,82,
243,entry,2,,73,
243,entry,3,15,,3
243,entry,4,,19,
243,entry,5,30,,
243,entry,6,18,,
243,entry,7,50,,
243,entry,8,68,,5
243,entry,9,,37,
243,entry,10,49,,
243,entry,13,17,,
243,entry,14,,64,
243,entry,15,69,,
243,entry,16,28,,
243,entry,17,60,,
243,entry,18,79,,
243,entry,19,4,,4
243,entry,20,58,,
243,entry,24,5,,
243,entry,25,80,,
243,entry,26,,28,1 7
243,entry,27,29,,
243,entry,28,27,,
243,entry,29,35,,6
243,entry,30,14,,8
243,entry,35,90,,
243,entry,36,37,,
243,entry,37,39,,
243,entry,38,7,,
243,entry,39,46,,
243,entry,40,70,,
243,entry,46,47,,
243,entry,47,25,,2
243,entry,48,3,,
243,entry,49,2,,
243,entry,50,57,,
243,entry,57,20,,
243,entry,58,6,,
243,entry,59,9,,
243,entry,60,26,,
243,entry,68,40,,
243,entry,69,19,,
243,entry,70,36,,
243,entry,79,13,,
243,entry,80,48,,
243,entry,90,,55,
243,start,2,38,,
243,start,3,10,,
243,start,4,16,,
243,start,5,,46,
243,start,6,59,,
243,start,7,0,,
243,start,8,8,,
243,start,9,24,,
244,entry,0,4,,
244,entry,2,80,,2 4
244,entry,3,,28,
244,entry,4,,37,
244,entry,5,17,,
244,entry,6,49,,
244,entry,7,,82,
244,entry,8,6,,
244,entry,9,25,,6
244,entry,10,0,,
244,entry,13,18,,
244,entry,14,40,,
244,entry,15,79,,
244,entry,16,59,,
244,entry,17,46,,
244,entry,18,19,,1
244,entry,19,70,,3
244,entry,20,13,,
244,entry,24,2,,
244,entry,25,90,,
244,entry,26,69,,7
244,entry,27,,64,
244,entry,28,24,,
244,entry,29,36,,
244,entry,30,37,,
244,entry,35,27,,
244,entry,36,30,,
244,entry,37,29,,5
244,entry,38,,46,
244,entry,39,48,,
244,entry,40,,55,
244,entry,46,7,,
244,entry,47,14,,
244,entry,48,5,,
244,entry,49,58,,
244,entry,50,16,,
244,entry,57,9,,
244,entry,58,10,,
244,entry,59,68,,
244,entry,60,26,,
244,entry,68,28,,
244,entry,69,8,,
244,entry,70,47,,8
244,entry,79,39,,
244,entry,80,,73,
244,entry,90,15,,
244,start,2,38,,
244,start,3,35,,
244,start,4,50,,
244,start,5,,19,
244,start,6,3,,
244,start,7,60,,
244,start,8,20,,
244,start,9,57,,
245,entry,0,79,,8
245,entry,2,38,,
245,entry,3,68,,
245,entry,4,29,,5
245,entry,5,18,,
245,entry,6,69,,
245,entry,7,46,,
245,entry,8,,37,
245,entry,9,30,,
245,entry,10,24,,
245,entry,13,47,,
245,entry,14,27,,
245,entry,15,6,,
245,entry,16,,46,
245,entry,17,7,,
245,entry,18,,64,
245,entry,19,10,,
245,entry,20,,82,
245,entry,24,37,,
245,entry,25,16,,
245,entry,26,4,,
245,entry,27,17,,
245,entry,28,48,,
245,entry,29,50,,
245,entry,30,9,,7
245,entry,35,26,,
245,entry,36,14,,4
245,entry,37,3,,
245,entry,38,,19,
245,entry,39,60,,3
245,entry,40,15,,
245,entry,46,25,,
245,entry,47,19,,
245,entry,48,40,,
245,entry,49,49,,
245,entry,50,59,,
245,entry,57,35,,
245,entry,58,57,,6
245,entry,59,28,,
245,entry,60,80,,
245,entry,68,36,,
245,entry,69,90,,
245,entry,70,,55,2
245,entry,79,,73,1
245,entry,80,58,,
245,entry,90,20,,
245,start,2,13,,
245,start,3,70,,
245,start,4,39,,
245,start,5,2,,
245,start,6,8,,
245,start,7,,28,
245,start,8,5,,
245,start,9,0,,
246,entry,0,,64,
246,entry,2,46,,
246,entry,3,70,,1
246,entry,4,13,,
246,entry,5,48,,
246,entry,6,49,,7
246,entry,7,10,,
246,entry,8,,19,
246,entry,9,68,,
246,entry,10,,46,
246,entry,13,20,,
246,entry,14,,37,
246,entry,15,29,,
246,entry,16,18,,
246,entry,17,,28,
246,entry,18,9,,6
246,entry,19,16,,
246,entry,20,35,,
246,entry,24,4,,
246,entry,25,14,,8
246,entry,26,2,,
246,entry,27,,82,
246,entry,28,40,,
246,entry,29,17,,
246,entry,30,,55,
246,entry,35,3,,
246,entry,36,26,,
246,entry,37,39,,
246,entry,38,50,,3
246,entry,39,57,,
246,entry,40,37,,
246,entry,46,19,,4
246,entry,47,38,,
246,entry,48,80,,
246,entry,49,,73,
246,entry,50,47,,
246,entry,57,7,,
246,entry,58,36,,
246,entry,59,69,,
246,entry,60,5,,
246,entry,68,0,,
246,entry,69,79,,
246,entry,70,15,,
246,entry,79,90,,
246,entry,80,59,,
246,entry,90,60,,2
246,start,2,28,,5
246,start,3,58,,
246,start,4,30,,
246,start,5,27,,
246,start,6,25,,
246,start,7,6,,
246,start,8,8,,
246,start,9,24,,
247,entry,0,,55,
247,entry,2,35,,
247,entry,3,28,,6
247,entry,4,29,,
247,entry,5,36,,
247,entry,6,24,,
247,entry,7,,73,
247,entry,8,14,,
247,entry,9,0,,
247,entry,10,,46,
247,entry,13,25,,
247,entry,14,39,,
247,entry,15,50,,
247,entry,16,59,,
247,entry,17,,64,
247,entry,18,69,,
247,entry,19,10,,
247,entry,20,,82,
247,entry,24,17,,
247,entry,25,60,,
247,entry,26,6,,
247,entry,27,7,,1 7
247,entry,28,79,,
247,entry,29,47,,8
247,entry,30,30,,
247,entry,35,,19,
247,entry,36,8,,
247,entry,37,16,,
247,entry,38,3,,3
247,entry,39,2,,2 4
247,entry,40,40,,
247,entry,46,18,,
247,entry,47,9,,
247,entry,48,68,,
247,entry,49,48,,5
247,entry,50,,28,
247,entry,57,26,,
247,entry,58,,37,
247,entry,59,90,,
247,entry,60,27,,
247,entry,68,4,,
247,entry,69,46,,
247,entry,70,37,,
247,entry,79,80,,
247,entry,80,19,,
247,entry,90,49,,
247,start,2,5,,
247,start,3,38,,
247,start,4,58,,
247,start,5,15,,
247,start,6,70,,
247,start,7,13,,
247,start,8,20,,
247,start,9,57,,
248,entry,0,15,,
248,entry,2,29,,
248,entry,3,20,,
248,entry,4,,64,
248,entry,5,6,,
248,entry,6,,55,
248,entry,7,50,,
248,entry,8,19,,
248,entry,9,4,,
248,entry,10,38,,
248,entry,13,47,,
248,entry,14,27,,3 7
248,entry,15,3,,
248,entry,16,70,,
248,entry,17,60,,
248,entry,18,57,,
248,entry,19,68,,
248,entry,20,,46,
248,entry,24,13,,
248,entry,25,37,,
248,entry,26,80,,4
248,entry,27,8,,
248,entry,28,,73,
248,entry,29,,82,
248,entry,30,26,,
248,entry,35,,28,6
248,entry,36,79,,8
248,entry,37,25,,
248,entry,38,28,,5
248,entry,39,48,,
248,entry,40,36,,
248,entry,46,58,,
248,entry,47,2,,2
248,entry,48,10,,
248,entry,49,,19,
248,entry,50,30,,1
248,entry,57,35,,
248,entry,58,16,,
248,entry,59,39,,
248,entry,60,17,,
248,entry,68,24,,
248,entry,69,49,,
248,entry,70,40,,
248,entry,79,59,,
248,entry,80,90,,
248,entry,90,,37,
248,start,2,7,,
248,start,3,9,,
248,start,4,14,,
248,start,5,69,,
248,start,6,18,,
248,start,7,46,,
248,start,8,5,,
248,start,9,0,,
249,entry,0,68,,5
249,entry,2,37,,
249,entry,3,,28,
249,entry,4,9,,6
249,entry,5,46,,
249,entry,6,,73,
249,entry,7,15,,3
249,entry,8,30,,
249,entry,9,29,,
249,entry,10,60,,
249,entry,13,3,,
249,entry,14,69,,
249,entry,15,7,,
249,entry,16,70,,
249,entry,17,49,,
249,entry,18,,46,
249,entry,19,25,,2
249,entry,20,13,,
249,entry,24,16,,
249,entry,25,47,,
249,entry,26,14,,8
249,entry,27,,19,
249,entry,28,35,,
249,entry,29,20,,
249,entry,30,90,,
249,entry,35,57,,4
249,entry,36,79,,
249,entry,37,2,,
249,entry,38,,55,
249,entry,39,18,,
249,entry,40,26,,
249,entry,46,59,,
249,entry,47,40,,
249,entry,48,6,,
249,entry,49,28,,
249,entry,50,27,,
249,entry,57,,64,
249,entry,58,80,,
249,entry,59,17,,1 7
249,entry,60,38,,
249,entry,68,5,,
249,entry,69,,37,
249,entry,70,48,,
249,entry,79,4,,
249,entry,80,58,,
249,entry,90,19,,
249,start,2,36,,
249,start,3,10,,
249,start,4,39,,
249,start,5,,82,
249,start,6,50,,
249,start,7,0,,
249,start,8,8,,
249,start,9,24,,
250,entry,0,,73,
250,entry,2,47,,8
250,entry,3,26,,
250,entry,4,3,,
250,entry,5,8,,
250,entry,6,2,,
250,entry,7,,46,
250,entry,8,27,,
250,entry,9,0,,
250,entry,10,38,,7
250,entry,13,13,,
250,entry,14,48,,
250,entry,15,18,,
250,entry,16,29,,5
250,entry,17,5,,
250,entry,18,,19,
250,entry,19,46,,
250,entry,20,90,,
250,entry,24,49,,
250,entry,25,37,,
250,entry,26,14,,
250,entry,27,68,,
250,entry,28,16,,
250,entry,29,,64,
250,entry,30,80,,2 4
250,entry,35,,28,
250,entry,36,9,,
250,entry,37,28,,
250,entry,38,39,,
250,entry,39,15,,
250,entry,40,,37,
250,entry,46,6,,
250,entry,47,,82,
250,entry,48,4,,
250,entry,49,25,,6
250,entry,50,58,,
250,entry,57,,55,
250,entry,58,19,,1
250,entry,59,70,,3
250,entry,60,10,,
250,entry,68,24,,
250,entry,69,35,,
250,entry,70,36,,
250,entry,79,17,,
250,entry,80,69,,
250,entry,90,79,,
250,start,2,7,,
250,start,3,40,,
250,start,4,50,,
250,start,5,59,,
250,start,6,30,,
250,start,7,60,,
250,start,8,20,,
250,start,9,57,,
251,entry,0,79,,8
251,entry,2,39,,
251,entry,3,16,,
251,entry,4,,64,
251,entry,5,8,,
251,entry,6,49,,
251,entry,7,46,,
251,entry,8,,46,
251,entry,9,90,,
251,entry,10,80,,2
251,entry,13,47,,
251,entry,14,4,,
251,entry,15,,55,
251,entry,16,59,,
251,entry,17,14,,
251,entry,18,26,,
251,entry,19,60,,1
251,entry,20,58,,
251,entry,24,6,,
251,entry,25,69,,
251,entry,26,24,,
251,entry,27,13,,
251,entry,28,68,,7
251,entry,29,36,,
251,entry,30,20,,
251,entry,35,38,,
251,entry,36,9,,5
251,entry,37,,37,4
251,entry,38,15,,
251,entry,39,37,,
251,entry,40,30,,
251,entry,46,,73,
251,entry,47,25,,
251,entry,48,3,,
251,entry,49,48,,
251,entry,50,7,,
251,entry,57,18,,
251,entry,58,,82,
251,entry,59,,19,
251,entry,60,17,,
251,entry,68,35,,
251,entry,69,40,,
251,entry,70,27,,3
251,entry,79,57,,6
251,entry,80,29,,
251,entry,90,28,,
251,start,2,10,,
251,start,3,50,,
251,start,4,19,,
251,start,5,2,,
251,start,6,70,,
251,start,7,,28,
251,start,8,5,,
251,start,9,0,,
252,entry,0,80,,
252,entry,2,69,,
252,entry,3,19,,
252,entry,4,14,,8
252,entry,5,49,,
252,entry,6,2,,
252,entry,7,35,,
252,entry,8,18,,
252,entry,9,15,,
252,entry,10,27,,
252,entry,13,29,,
252,entry,14,60,,2
252,entry,15,59,,
252,entry,16,,28,
252,entry,17,0,,
252,entry,18,,55,
252,entry,19,25,,
252,entry,20,79,,
252,entry,24,68,,
252,entry,25,,64,
252,entry,26,57,,
252,entry,27,10,,
252,entry,28,38,,
252,entry,29,6,,
252,entry,30,70,,
252,entry,35,7,,
252,entry,36,,73,
252,entry,37,20,,
252,entry,38,16,,4
252,entry,39,90,,
252,entry,40,5,,
252,entry,46,,82,
252,entry,47,46,,1
252,entry,48,48,,
252,entry,49,3,,
252,entry,50,,19,6
252,entry,57,26,,
252,entry,58,17,,
252,entry,59,,46,
252,entry,60,40,,
252,entry,68,47,,
252,entry,69,4,,
252,entry,70,50,,3
252,entry,79,13,,7
252,entry,80,37,,
252,entry,90,36,,
252,start,2,28,,5
252,start,3,58,,
252,start,4,30,,
252,start,5,39,,
252,start,6,,37,
252,start,7,9,,
252,start,8,8,,
252,start,9,24,,
253,entry,0,,64,
253,entry,2,,46,
253,entry,3,35,,
253,entry,4,47,,8
253,entry,5,60,,
253,entry,6,6,,
253,entry,7,40,,1
253,entry,8,2,,
253,entry,9,70,,
253,entry,10,,37,
253,entry,13,,55,
253,entry,14,28,,6
253,entry,15,9,,
253,entry,16,8,,
253,entry,17,46,,
253,entry,18,4,,3
253,entry,19,13,,2 4
253,entry,20,,73,
253,entry,24,25,,
253,entry,25,29,,
253,entry,26,18,,
253,entry,27,7,,
253,entry,28,69,,
253,entry,29,49,,5
253,entry,30,38,,
253,entry,35,39,,
253,entry,36,27,,
253,entry,37,17,,
253,entry,38,26,,
253,entry,39,,82,
253,entry,40,48,,
253,entry,46,50,,
253,entry,47,24,,
253,entry,48,36,,
253,entry,49,37,,7
253,entry,50,58,,
253,entry,57,0,,
253,entry,58,80,,
253,entry,59,10,,
253,entry,60,19,,
253,entry,68,30,,
253,entry,69,90,,
253,entry,70,79,,
253,entry,79,,19,
253,entry,80,,28,
253,entry,90,3,,
253,start,2,5,,
253,start,3,68,,
253,start,4,59,,
253,start,5,15,,
253,start,6,14,,
253,start,7,16,,
253,start,8,20,,
253,start,9,57,,
254,entry,0,69,,
254,entry,2,59,,
254,entry,3,39,,
254,entry,4,,19,
254,entry,5,13,,
254,entry,6,30,,1
254,entry,7,37,,7
254,entry,8,,82,
254,entry,9,35,,
254,entry,10,28,,5
254,entry,13,49,,
254,entry,14,15,,
254,entry,15,,37,
254,entry,16,27,,
254,entry,17,3,,
254,entry,18,,28,6
254,entry,19,,55,
254,entry,20,50,,
254,entry,24,25,,
254,entry,25,4,,
254,entry,26,40,,
254,entry,27,38,,
254,entry,28,7,,
254,entry,29,18,,
254,entry,30,16,,
254,entry,35,48,,
254,entry,36,90,,
254,entry,37,26,,
254,entry,38,9,,3
254,entry,39,60,,4
254,entry,40,,46,
254,entry,46,80,,
254,entry,47,36,,
254,entry,48,70,,
254,entry,49,10,,
254,entry,50,,73,
254,entry,57,46,,
254,entry,58,20,,
254,entry,59,58,,
254,entry,60,8,,
254,entry,68,47,,
254,entry,69,6,,
254,entry,70,29,,
254,entry,79,14,,
254,entry,80,68,,
254,entry,90,2,,2
254,start,2,17,,
254,start,3,19,,
254,start,4,24,,
254,start,5,79,,8
254,start,6,57,,
254,start,7,,64,
254,start,8,5,,
254,start,9,0,,
255,entry,0,58,,
255,entry,2,39,,1 7
255,entry,3,18,,
255,entry,4,,64,
255,entry,5,35,,
255,entry,6,38,,
255,entry,7,60,,
255,entry,8,40,,
255,entry,9,,37,
255,entry,10,,28,
255,entry,13,28,,
255,entry,14,25,,2
255,entry,15,26,,
255,entry,16,48,,
255,entry,17,29,,
255,entry,18,50,,
255,entry,19,,55,
255,entry,20,30,,
255,entry,24,20,,
255,entry,25,36,,
255,entry,26,37,,
255,entry,27,16,,
255,entry,28,79,,
255,entry,29,6,,
255,entry,30,,73,
255,entry,35,46,,
255,entry,36,47,,
255,entry,37,17,,
255,entry,38,14,,8
255,entry,39,7,,
255,entry,40,,82,
255,entry,46,,46,
255,entry,47,59,,
255,entry,48,69,,
255,entry,49,4,,
255,entry,50,9,,
255,entry,57,68,,5
255,entry,58,80,,4
255,entry,59,90,,
255,entry,60,19,,
255,entry,68,2,,6
255,entry,69,70,,
255,entry,70,27,,
255,entry,79,3,,
255,entry,80,5,,
255,entry,90,15,,3
255,start,2,57,,
255,start,3,10,,
255,start,4,13,,
255,start,5,,19,
255,start,6,49,,
255,start,7,0,,
255,start,8,8,,
255,start,9,24,,
256,entry,0,38,,
256,entry,2,39,,
256,entry,3,7,,
256,entry,4,46,,
256,entry,5,69,,
256,entry,6,49,,
256,entry,7,2,,
256,entry,8,37,,
256,entry,9,29,,5
256,entry,10,19,,1
256,entry,13,48,,
256,entry,14,0,,
256,entry,15,15,,
256,entry,16,40,,
256,entry,17,58,,
256,entry,18,3,,
256,entry,19,14,,
256,entry,20,24,,
256,entry,24,10,,
256,entry,25,25,,6
256,entry,26,26,,
256,entry,27,80,,2 4
256,entry,28,4,,
256,entry,29,9,,
256,entry,30,,46,
256,entry,35,70,,3
256,entry,36,36,,
256,entry,37,,73,
256,entry,38,68,,
256,entry,39,17,,
256,entry,40,5,,
256,entry,46,59,,
256,entry,47,13,,
256,entry,48,47,,8
256,entry,49,6,,
256,entry,50,,37,
256,entry,57,,64,
256,entry,58,90,,
256,entry,59,8,,
256,entry,60,28,,
256,entry,68,,19,
256,entry,69,18,,
256,entry,70,,82,
256,entry,79,27,,
256,entry,80,35,,
256,entry,90,,55,
256,start,2,79,,
256,start,3,30,,
256,start,4,50,,
256,start,5,16,,
256,start,6,,28,7
256,start,7,60,,
256,start,8,20,,
256,start,9,57,,
257,entry,0,59,,
257,entry,2,,64,
257,entry,3,29,,
257,entry,4,18,,
257,entry,5,19,,
257,entry,6,46,,
257,entry,7,,19,
257,entry,8,14,,
257,entry,9,,55,
257,entry,10,69,,
257,entry,13,,37,5
257,entry,14,15,,
257,entry,15,68,,
257,entry,16,3,,
257,entry,17,40,,
257,entry,18,28,,
257,entry,19,80,,2 7
257,entry,20,8,,
257,entry,24,,73,
257,entry,25,,82,4
257,entry,26,13,,
257,entry,27,57,,6
257,entry,28,90,,
257,entry,29,58,,
257,entry,30,38,,
257,entry,35,25,,
257,entry,36,35,,
257,entry,37,39,,
257,entry,38,60,,1
257,entry,39,20,,
257,entry,40,17,,
257,entry,46,47,,
257,entry,47,49,,
257,entry,48,16,,
257,entry,49,30,,
257,entry,50,9,,
257,entry,57,36,,
257,entry,58,26,,
257,entry,59,27,,
257,entry,60,79,,8
257,entry,68,48,,
257,entry,69,37,,
257,entry,70,10,,
257,entry,79,,46,3
257,entry,80,50,,
257,entry,90,24,,
257,start,2,6,,
257,start,3,7,,
257,start,4,4,,
257,start,5,2,,
257,start,6,70,,
257,start,7,,28,
257,start,8,5,,
257,start,9,0,,
258,entry,0,2,,
258,entry,2,9,,
258,entry,3,27,,
258,entry,4,35,,
258,entry,5,59,,
258,entry,6,10,,
258,entry,7,90,,7
258,entry,8,,19,
258,entry,9,79,,
258,entry,10,,28,
258,entry,13,,82,
258,entry,14,16,,
258,entry,15,69,,1
258,entry,16,6,,
258,entry,17,18,,
258,entry,18,38,,
258,entry,19,,64,
258,entry,20,70,,
258,entry,24,17,,
258,entry,25,14,,8
258,entry,26,15,,
258,entry,27,,37,
258,entry,28,4,,
258,entry,29,7,,
258,entry,30,60,,2
258,entry,35,,46,
258,entry,36,25,,
258,entry,37,13,,
258,entry,38,39,,
258,entry,39,49,,6
258,entry,40,68,,
258,entry,46,26,,
258,entry,47,0,,4
258,entry,48,80,,
258,entry,49,40,,
258,entry,50,47,,
258,entry,57,48,,
258,entry,58,5,,
258,entry,59,50,,3
258,entry,60,57,,
258,entry,68,,55,
258,entry,69,46,,
258,entry,70,19,,
258,entry,79,36,,
258,entry,80,29,,
258,entry,90,20,,
258,start,2,28,,5
258,start,3,58,,
258,start,4,30,,
258,start,5,,73,
258,start,6,3,,
258,start,7,37,,
258,start,8,8,,
258,start,9,24,,
259,entry,0,2,,5
259,entry,2,7,,2 4
259,entry,3,0,,
259,entry,4,19,,
259,entry,5,,64,
259,entry,6,35,,
259,entry,7,90,,
259,entry,8,,37,
259,entry,9,,73,
259,entry,10,10,,
259,entry,13,58,,
259,entry,14,13,,
259,entry,15,,82,
259,entry,16,,55,
259,entry,17,29,,
259,entry,18,6,,
259,entry,19,68,,
259,entry,20,16,,
259,entry,24,79,,
259,entry,25,9,,
259,entry,26,,46,
259,entry,27,39,,
259,entry,28,8,,
259,entry,29,26,,
259,entry,30,59,,7
259,entry,35,48,,
259,entry,36,70,,
259,entry,37,69,,
259,entry,38,18,,
259,entry,39,36,,1
259,entry,40,30,,
259,entry,46,46,,
259,entry,47,28,,6
259,entry,48,4,,
259,entry,49,38,,
259,entry,50,40,,
259,entry,57,25,,
259,entry,58,50,,
259,entry,59,80,,
259,entry,60,17,,
259,entry,68,60,,
259,entry,69,14,,
259,entry,70,27,,3
259,entry,79,24,,
259,entry,80,3,,
259,entry,90,47,,8
259,start,2,5,,
259,start,3,,19,
259,start,4,,28,
259,start,5,15,,
259,start,6,49,,
259,start,7,37,,
259,start,8,20,,
259,start,9,57,,
260,entry,0,80,,
260,entry,2,38,,
260,entry,3,68,,
260,entry,4,50,,
260,entry,5,15,,
260,entry,6,10,,4
260,entry,7,39,,
260,entry,8,18,,
260,entry,9,36,,
260,entry,10,13,,
260,entry,13,27,,
260,entry,14,20,,
260,entry,15,,28,6
260,entry,16,19,,
260,entry,17,37,,
260,entry,18,28,,5
260,entry,19,48,,
260,entry,20,,37,
260,entry,24,47,,
260,entry,25,14,,
260,entry,26,58,,
260,entry,27,2,,2
260,entry,28,29,,
260,entry,29,,19,
260,entry,30,30,,1
260,entry,35,25,,3
260,entry,36,6,,
260,entry,37,35,,
260,entry,38,16,,
260,entry,39,,82,
260,entry,40,,46,
260,entry,46,26,,7
260,entry,47,,55,
260,entry,48,70,,
260,entry,49,17,,
260,entry,50,40,,
260,entry,57,79,,8
260,entry,58,59,,
260,entry,59,57,,
260,entry,60,90,,
260,entry,68,69,,
260,entry,69,,73,
260,entry,70,46,,
260,entry,79,8,,
260,entry,80,,64,
260,entry,90,3,,
260,start,2,24,,
260,start,3,7,,
260,start,4,60,,
260,start,5,9,,
260,start,6,49,,
260,start,7,4,,
260,start,8,5,,
260,start,9,0,,
261,entry,0,14,,8
261,entry,2,4,,
261,entry,3,60,,
261,entry,4,28,,
261,entry,5,48,,
261,entry,6,46,,
261,entry,7,17,,
261,entry,8,27,,
261,entry,9,26,,
261,entry,10,,46,
261,entry,13,30,,
261,entry,14,6,,1 7
261,entry,15,25,,2
261,entry,16,,64,
261,entry,17,68,,5
261,entry,18,37,,4
261,entry,19,47,,
261,entry,20,35,,
261,entry,24,50,,
261,entry,25,20,,
261,entry,26,7,,
261,entry,27,9,,
261,entry,28,,73,6
261,entry,29,70,,
261,entry,30,79,,
261,entry,35,18,,
261,entry,36,16,,
261,entry,37,40,,
261,entry,38,,37,
261,entry,39,,28,
261,entry,40,5,,
261,entry,46,38,,
261,entry,47,39,,
261,entry,48,,55,
261,entry,49,3,,
261,entry,50,15,,3
261,entry,57,49,,
261,entry,58,,19,
261,entry,59,13,,
261,entry,60,29,,
261,entry,68,2,,
261,entry,69,69,,
261,entry,70,80,,
261,entry,79,36,,
261,entry,80,90,,
261,entry,90,58,,
261,start,2,59,,
261,start,3,10,,
261,start,4,19,,
261,start,5,57,,
261,start,6,,82,
261,start,7,0,,
261,start,8,8,,
261,start,9,24,,
262,entry,0,0,,
262,entry,2,70,,3
262,entry,3,15,,
262,entry,4,79,,
262,entry,5,16,,
262,entry,6,36,,
262,entry,7,90,,
262,entry,8,9,,
262,entry,9,5,,
262,entry,10,49,,
262,entry,13,25,,6
262,entry,14,48,,
262,entry,15,38,,
262,entry,16,46,,
262,entry,17,,28,
262,entry,18,7,,
262,entry,19,2,,
262,entry,20,59,,
262,entry,24,58,,
262,entry,25,18,,
262,entry,26,80,,2 4
262,entry,27,,73,
262,entry,28,17,,
262,entry,29,28,,
262,entry,30,,64,
262,entry,35,69,,
262,entry,36,4,,
262,entry,37,,37,
262,entry,38,27,,
262,entry,39,,82,
262,entry,40,,55,
262,entry,46,,19,
262,entry,47,47,,8
262,entry,48,37,,
262,entry,49,10,,7
262,entry,50,39,,
262,entry,57,26,,
262,entry,58,40,,
262,entry,59,30,,
262,entry,60,35,,
262,entry,68,13,,
262,entry,69,29,,5
262,entry,70,19,,1
262,entry,79,14,,
262,entry,80,24,,
262,entry,90,,46,
262,start,2,68,,
262,start,3,8,,
262,start,4,50,,
262,start,5,3,,
262,start,6,6,,
262,start,7,60,,
262,start,8,20,,
262,start,9,57,,
263,entry,0,3,,
263,entry,2,19,,7
263,entry,3,,64,
263,entry,4,40,,
263,entry,5,70,,
263,entry,6,68,,3
263,entry,7,,37,2
263,entry,8,17,,
263,entry,9,79,,8
263,entry,10,29,,
263,entry,13,9,,
263,entry,14,57,,6
263,entry,15,,82,
263,entry,16,59,,
263,entry,17,58,,
263,entry,18,,46,
263,entry,19,36,,
263,entry,20,35,,
263,entry,24,46,,
263,entry,25,48,,
263,entry,26,28,,
263,entry,27,20,,
263,entry,28,,55,
263,entry,29,39,,5
263,entry,30,7,,
263,entry,35,,19,
263,entry,36,90,,
263,entry,37,30,,
263,entry,38,6,,
263,entry,39,15,,
263,entry,40,26,,
263,entry,46,47,,1
263,entry,47,27,,
263,entry,48,16,,
263,entry,49,,73,
263,entry,50,14,,
263,entry,57,37,,
263,entry,58,69,,
263,entry,59,8,,
263,entry,60,24,,4
263,entry,68,50,,
263,entry,69,10,,
263,entry,70,25,,
263,entry,79,38,,
263,entry,80,18,,
263,entry,90,4,,
263,start,2,60,,
263,start,3,80,,
263,start,4,49,,
263,start,5,2,,
263,start,6,13,,
263,start,7,,28,
263,start,8,5,,
263,start,9,0,,
264,entry,0,59,,
264,entry,2,9,,
264,entry,3,,73,
264,entry,4,4,,
264,entry,5,5,,
264,entry,6,35,,4
264,entry,7,47,,
264,entry,8,10,,
264,entry,9,90,,
264,entry,10,69,,
264,entry,13,,82,
264,entry,14,38,,
264,entry,15,15,,
264,entry,16,48,,
264,entry,17,27,,
264,entry,18,36,,
264,entry,19,0,,
264,entry,20,,28,
264,entry,24,17,,
264,entry,25,25,,
264,entry,26,,55,
264,entry,27,,37,7
264,entry,28,,64,
264,entry,29,79,,
264,entry,30,3,,
264,entry,35,26,,1
264,entry,36,57,,
264,entry,37,18,,
264,entry,38,7,,
264,entry,39,20,,
264,entry,40,37,,
264,entry,46,70,,
264,entry,47,6,,
264,entry,48,16,,
264,entry,49,46,,
264,entry,50,60,,2
264,entry,57,,46,
264,entry,58,,19,
264,entry,59,2,,6
264,entry,60,68,,
264,entry,68,13,,
264,entry,69,40,,
264,entry,70,29,,
264,entry,79,50,,3
264,entry,80,39,,
264,entry,90,80,,
264,start,2,28,,5
264,start,3,58,,
264,start,4,30,,
264,start,5,49,,
264,start,6,14,,8
264,start,7,19,,
264,start,8,8,,
264,start,9,24,,
265,entry,0,29,,
265,entry,2,14,,
265,entry,3,50,,
265,entry,4,8,,
265,entry,5,46,,
265,entry,6,30,,
265,entry,7,90,,
265,entry,8,79,,7
265,entry,9,68,,
265,entry,10,39,,
265,entry,13,60,,
265,entry,14,18,,
265,entry,15,24,,
265,entry,16,17,,
265,entry,17,,19,
265,entry,18,27,,2 4
265,entry,19,49,,
265,entry,20,0,,
265,entry,24,,64,
265,entry,25,16,,
265,entry,26,,82,1
265,entry,27,47,,3 8
265,entry,28,3,,5
265,entry,29,59,,
265,entry,30,28,,6
265,entry,35,6,,
265,entry,36,58,,
265,entry,37,,37,
265,entry,38,80,,
265,entry,39,69,,
265,entry,40,25,,
265,entry,46,36,,
265,entry,47,38,,
265,entry,48,7,,
265,entry,49,19,,
265,entry,50,35,,
265,entry,57,48,,
265,entry,58,37,,
265,entry,59,4,,
265,entry,60,,55,
265,entry,68,10,,
265,entry,69,2,,
265,entry,70,,46,
265,entry,79,70,,
265,entry,80,26,,
265,entry,90,9,,
265,start,2,5,,
265,start,3,,28,
265,start,4,13,,
265,start,5,15,,
265,start,6,40,,
265,start,7,,73,
265,start,8,20,,
265,start,9,57,,
266,entry,0,60,,7
266,entry,2,,55,
266,entry,3,2,,2
266,entry,4,70,,
266,entry,5,,64,
266,entry,6,37,,
266,entry,7,,46,
266,entry,8,59,,
266,entry,9,25,,
266,entry,10,15,,4
266,entry,13,35,,
266,entry,14,80,,
266,entry,15,16,,
266,entry,16,68,,
266,entry,17,26,,
266,entry,18,30,,1
266,entry,19,20,,
266,entry,20,46,,
266,entry,24,18,,
266,entry,25,29,,
266,entry,26,,82,
266,entry,27,48,,
266,entry,28,50,,
266,entry,29,47,,
266,entry,30,58,,
266,entry,35,3,,
266,entry,36,9,,
266,entry,37,,19,
266,entry,38,40,,
266,entry,39,7,,
266,entry,40,6,,
266,entry,46,28,,5
266,entry,47,17,,
266,entry,48,90,,
266,entry,49,8,,
266,entry,50,4,,
266,entry,57,27,,
266,entry,58,14,,
266,entry,59,38,,
266,entry,60,57,,
266,entry,68,24,,
266,entry,69,39,,
266,entry,70,,28,6
266,entry,79,49,,
266,entry,80,79,,8
266,entry,90,,73,3
266,start,2,10,,
266,start,3,,37,
266,start,4,19,,
266,start,5,36,,
266,start,6,13,,
266,start,7,69,,
266,start,8,5,,
266,start,9,0,,
267,entry,0,80,,
267,entry,2,69,,
267,entry,3,79,,
267,entry,4,6,,
267,entry,5,2,,
267,entry,6,47,,
267,entry,7,9,,
267,entry,8,60,,
267,entry,9,38,,
267,entry,10,,55,
267,entry,13,14,,8
267,entry,14,16,,4
267,entry,15,,28,
267,entry,16,36,,
267,entry,17,5,,
267,entry,18,90,,
267,entry,19,48,,
267,entry,20,68,,5
267,entry,24,37,,6
267,entry,25,26,,
267,entry,26,17,,
267,entry,27,15,,3
267,entry,28,30,,
267,entry,29,58,,
267,entry,30,40,,
267,entry,35,46,,
267,entry,36,70,,
267,entry,37,,82,
267,entry,38,3,,
267,entry,39,25,,2
267,entry,40,50,,
267,entry,46,,19,
267,entry,47,49,,
267,entry,48,13,,
267,entry,49,20,,
267,entry,50,19,,
267,entry,57,59,,
267,entry,58,,37,
267,entry,59,18,,
267,entry,60,29,,
267,entry,68,4,,
267,entry,69,28,,
267,entry,70,,64,
267,entry,79,,46,1 7
267,entry,80,7,,
267,entry,90,35,,
267,start,2,39,,
267,start,3,10,,
267,start,4,,73,
267,start,5,27,,
267,start,6,57,,
267,start,7,0,,
267,start,8,8,,
267,start,9,24,,
268,entry,0,5,,
268,entry,2,,46,
268,entry,3,19,,1
268,entry,4,6,,
268,entry,5,46,,
268,entry,6,38,,
268,entry,7,90,,
268,entry,8,37,,
268,entry,9,69,,
268,entry,10,,19,
268,entry,13,24,,
268,entry,14,39,,
268,entry,15,68,,
268,entry,16,48,,
268,entry,17,4,,
268,entry,18,30,,
268,entry,19,79,,
268,entry,20,28,,
268,entry,24,26,,
268,entry,25,49,,
268,entry,26,15,,
268,entry,27,,73,
268,entry,28,40,,
268,entry,29,0,,7
268,entry,30,,82,
268,entry,35,18,,
268,entry,36,25,,6
268,entry,37,35,,
268,entry,38,3,,
268,entry,39,17,,
268,entry,40,,64,
268,entry,46,70,,3
268,entry,47,,55,
268,entry,48,8,,
268,entry,49,27,,
268,entry,50,7,,
268,entry,57,36,,
268,entry,58,80,,2 4
268,entry,59,10,,
268,entry,60,29,,5
268,entry,68,16,,
268,entry,69,2,,
268,entry,70,14,,
268,entry,79,47,,8
268,entry,80,9,,
268,entry,90,59,,
268,start,2,58,,
268,start,3,,37,
268,start,4,50,,
268,start,5,,28,
268,start,6,13,,
268,start,7,60,,
268,start,8,20,,
268,start,9,57,,
269,entry,0,18,,
269,entry,2,25,,
269,entry,3,69,,
269,entry,4,35,,
269,entry,5,47,,
269,entry,6,,19,
269,entry,7,28,,
269,entry,8,58,,
269,entry,9,,73,
269,entry,10,4,,
269,entry,13,79,,4 8
269,entry,14,15,,
269,entry,15,39,,
269,entry,16,40,,
269,entry,17,90,,
269,entry,18,20,,
269,entry,19,10,,
269,entry,20,14,,
269,entry,24,50,,
269,entry,25,3,,
269,entry,26,57,,6
269,entry,27,19,,1
269,entry,28,30,,
269,entry,29,68,,
269,entry,30,60,,
269,entry,35,46,,
269,entry,36,70,,
269,entry,37,36,,7
269,entry,38,8,,
269,entry,39,,82,
269,entry,40,,64,5
269,entry,46,80,,
269,entry,47,16,,
269,entry,48,,55,
269,entry,49,9,,
269,entry,50,49,,
269,entry,57,48,,
269,entry,58,6,,3
269,entry,59,27,,
269,entry,60,59,,
269,entry,68,17,,
269,entry,69,,46,
269,entry,70,37,,
269,entry,79,,37,2
269,entry,80,24,,
269,entry,90,38,,
269,start,2,26,,
269,start,3,29,,
269,start,4,7,,
269,start,5,2,,
269,start,6,13,,
269,start,7,,28,
269,start,8,5,,
269,start,9,0,,
270,entry,0,13,,
270,entry,2,,28,
270,entry,3,2,,4
270,entry,4,18,,
270,entry,5,9,,
270,entry,6,36,,
270,entry,7,5,,
270,entry,8,68,,
270,entry,9,4,,
270,entry,10,0,,
270,entry,13,48,,
270,entry,14,80,,
270,entry,15,69,,
270,entry,16,25,,
270,entry,17,15,,
270,entry,18,35,,
270,entry,19,14,,8
270,entry,20,10,,
270,entry,24,,19,
270,entry,25,49,,
270,entry,26,26,,
270,entry,27,57,,6
270,entry,28,,55,
270,entry,29,16,,
270,entry,30,20,,
270,entry,35,19,,7
270,entry,36,90,,
270,entry,37,40,,
270,entry,38,27,,
270,entry,39,17,,
270,entry,40,46,,
270,entry,46,47,,
270,entry,47,50,,3
270,entry,48,37,,
270,entry,49,7,,
270,entry,50,,64,1
270,entry,57,70,,
270,entry,58,3,,
270,entry,59,29,,
270,entry,60,,73,
270,entry,68,79,,
270,entry,69,59,,
270,entry,70,,82,
270,entry,79,60,,2
270,entry,80,39,,
270,entry,90,,37,
270,start,2,28,,5
270,start,3,58,,
270,start,4,30,,
270,start,5,6,,
270,start,6,38,,
270,start,7,,46,
270,start,8,8,,
270,start,9,24,,
271,entry,0,9,,
271,entry,2,2,,
271,entry,3,68,,
271,entry,4,90,,
271,entry,5,37,,
271,entry,6,28,,6
271,entry,7,50,,
271,entry,8,70,,
271,entry,9,58,,
271,entry,10,,19,2 4
271,entry,13,40,,
271,entry,14,,82,
271,entry,15,79,,
271,entry,16,25,,
271,entry,17,60,,
271,entry,18,24,,
271,entry,19,13,,
271,entry,20,38,,5
271,entry,24,19,,
271,entry,25,0,,
271,entry,26,35,,
271,entry,27,27,,
271,entry,28,49,,
271,entry,29,,37,
271,entry,30,17,,
271,entry,35,10,,
271,entry,36,,55,
271,entry,37,29,,
271,entry,38,6,,
271,entry,39,16,,
271,entry,40,14,,
271,entry,46,,46,
271,entry,47,39,,
271,entry,48,8,,
271,entry,49,59,,
271,entry,50,36,,
271,entry,57,7,,
271,entry,58,18,,
271,entry,59,69,,1
271,entry,60,46,,
271,entry,68,80,,
271,entry,69,4,,
271,entry,70,,64,7
271,entry,79,47,,8
271,entry,80,30,,
271,entry,90,,28,3
271,start,2,5,,
271,start,3,,73,
271,start,4,48,,
271,start,5,15,,
271,start,6,26,,
271,start,7,3,,
271,start,8,20,,
271,start,9,57,,
272,entry,0,36,,
272,entry,2,29,,
272,entry,3,49,,
272,entry,4,68,,
272,entry,5,,82,
272,entry,6,48,,
272,entry,7,40,,
272,entry,8,17,,
272,entry,9,,64,
272,entry,10,2,,2
272,entry,13,59,,
272,entry,14,16,,
272,entry,15,9,,
272,entry,16,,19,
272,entry,17,90,,
272,entry,18,38,,
272,entry,19,,28,6
272,entry,20,35,,
272,entry,24,79,,8
272,entry,25,19,,
272,entry,26,,73,
272,entry,27,14,,
272,entry,28,10,,
272,entry,29,80,,
272,entry,30,,55,
272,entry,35,28,,5
272,entry,36,8,,
272,entry,37,4,,7
272,entry,38,50,,
272,entry,39,7,,3
272,entry,40,24,,
272,entry,46,18,,
272,entry,47,15,,
272,entry,48,60,,
272,entry,49,3,,
272,entry,50,,46,4
272,entry,57,25,,
272,entry,58,30,,1
272,entry,59,20,,
272,entry,60,37,,
272,entry,68,,37,
272,entry,69,47,,
272,entry,70,58,,
272,entry,79,57,,
272,entry,80,6,,
272,entry,90,46,,
272,start,2,13,,
272,start,3,26,,
272,start,4,69,,
272,start,5,27,,
272,start,6,39,,
272,start,7,70,,
272,start,8,5,,
272,start,9,0,,
273,entry,0,7,,
273,entry,2,,64,
273,entry,3,39,,
273,entry,4,,82,
273,entry,5,14,,6 8
273,entry,6,26,,
273,entry,7,19,,
273,entry,8,80,,
273,entry,9,28,,
273,entry,10,,46,
273,entry,13,79,,
273,entry,14,,28,
273,entry,15,36,,
273,entry,16,38,,
273,entry,17,48,,
273,entry,18,46,,
273,entry,19,,19,1 7
273,entry,20,35,,
273,entry,24,68,,5
273,entry,25,90,,
273,entry,26,58,,
273,entry,27,,37,
273,entry,28,5,,
273,entry,29,16,,
273,entry,30,40,,
273,entry,35,,73,
273,entry,36,3,,
273,entry,37,70,,
273,entry,38,15,,3
273,entry,39,17,,
273,entry,40,50,,
273,entry,46,13,,4
273,entry,47,27,,
273,entry,48,6,,
273,entry,49,30,,
273,entry,50,60,,
273,entry,57,37,,
273,entry,58,47,,
273,entry,59,49,,
273,entry,60,9,,
273,entry,68,57,,
273,entry,69,59,,
273,entry,70,25,,2
273,entry,79,69,,
273,entry,80,20,,
273,entry,90,18,,
273,start,2,2,,
273,start,3,10,,
273,start,4,,55,
273,start,5,4,,
273,start,6,29,,
273,start,7,0,,
273,start,8,8,,
273,start,9,24,,
274,entry,0,,64,
274,entry,2,46,,
274,entry,3,68,,
274,entry,4,9,,
274,entry,5,30,,
274,entry,6,,46,
274,entry,7,38,,
274,entry,8,0,,
274,entry,9,35,,
274,entry,10,,37,
274,entry,13,49,,
274,entry,14,48,,
274,entry,15,40,,
274,entry,16,5,,
274,entry,17,47,,8
274,entry,18,15,,
274,entry,19,4,,
274,entry,20,26,,
274,entry,24,58,,
274,entry,25,29,,5
274,entry,26,16,,
274,entry,27,39,,
274,entry,28,25,,6
274,entry,29,17,,
274,entry,30,59,,
274,entry,35,14,,
274,entry,36,28,,
274,entry,37,,55,
274,entry,38,70,,3
274,entry,39,69,,
274,entry,40,7,,
274,entry,46,,82,
274,entry,47,19,,1
274,entry,48,13,,7
274,entry,49,2,,
274,entry,50,27,,
274,entry,57,24,,
274,entry,58,90,,
274,entry,59,,28,
274,entry,60,37,,
274,entry,68,,19,
274,entry,69,3,,
274,entry,70,6,,
274,entry,79,79,,
274,entry,80,,73,
274,entry,90,80,,2 4
274,start,2,10,,
274,start,3,18,,
274,start,4,50,,
274,start,5,36,,
274,start,6,8,,
274,start,7,60,,
274,start,8,20,,
274,start,9,57,,
275,entry,0,19,,
275,entry,2,9,,
275,entry,3,25,,
275,entry,4,46,,
275,entry,5,3,,
275,entry,6,57,,6
275,entry,7,37,,1
275,entry,8,30,,
275,entry,9,80,,
275,entry,10,,64,
275,entry,13,18,,
275,entry,14,,46,
275,entry,15,49,,
275,entry,16,7,,
275,entry,17,,73,
275,entry,18,6,,
275,entry,19,13,,
275,entry,20,59,,5
275,entry,24,26,,4
275,entry,25,35,,
275,entry,26,17,,
275,entry,27,4,,
275,entry,28,16,,
275,entry,29,27,,
275,entry,30,50,,
275,entry,35,8,,
275,entry,36,14,,
275,entry,37,48,,
275,entry,38,47,,3
275,entry,39,10,,
275,entry,40,60,,
275,entry,46,24,,
275,entry,47,,19,
275,entry,48,79,,8
275,entry,49,39,,7
275,entry,50,70,,
275,entry,57,40,,
275,entry,58,28,,
275,entry,59,,82,2
275,entry,60,29,,
275,entry,68,90,,
275,entry,69,58,,
275,entry,70,38,,
275,entry,79,20,,
275,entry,80,,55,
275,entry,90,36,,
275,start,2,15,,
275,start,3,,37,
275,start,4,69,,
275,start,5,2,,
275,start,6,68,,
275,start,7,,28,
275,start,8,5,,
275,start,9,0,,
276,entry,0,27,,
276,entry,2,17,,
276,entry,3,60,,2
276,entry,4,20,,
276,entry,5,,55,
276,entry,6,10,,1
276,entry,7,38,,
276,entry,8,29,,
276,entry,9,,37,
276,entry,10,,73,
276,entry,13,68,,
276,entry,14,46,,
276,entry,15,6,,
276,entry,16,15,,
276,entry,17,,46,
276,entry,18,59,,7
276,entry,19,36,,
276,entry,20,,82,
276,entry,24,39,,
276,entry,25,47,,
276,entry,26,25,,
276,entry,27,90,,
276,entry,28,18,,
276,entry,29,70,,
276,entry,30,13,,
276,entry,35,57,,
276,entry,36,26,,
276,entry,37,,19,
276,entry,38,,28,
276,entry,39,5,,
276,entry,40,79,,
276,entry,46,35,,
276,entry,47,2,,
276,entry,48,7,,
276,entry,49,3,,
276,entry,50,4,,
276,entry,57,0,,
276,entry,58,69,,4
276,entry,59,9,,
276,entry,60,14,,8
276,entry,68,48,,
276,entry,69,49,,
276,entry,70,19,,6
276,entry,79,80,,
276,entry,80,40,,
276,entry,90,50,,3
276,start,2,28,,5
276,start,3,58,,
276,start,4,30,,
276,start,5,37,,
276,start,6,,64,
276,start,7,16,,
276,start,8,8,,
276,start,9,24,,
277,entry,0,,73,
277,entry,2,79,,1
277,entry,3,4,,
277,entry,4,,28,
277,entry,5,36,,
277,entry,6,,64,2 4
277,entry,7,14,,
277,entry,8,,55,
277,entry,9,60,,
277,entry,10,49,,7
277,entry,13,69,,
277,entry,14,37,,
277,entry,15,46,,
277,entry,16,,19,5
277,entry,17,19,,
277,entry,18,,46,
277,entry,19,58,,
277,entry,20,30,,
277,entry,24,47,,8
277,entry,25,,82,
277,entry,26,48,,
277,entry,27,3,,
277,entry,28,68,,
277,entry,29,29,,
277,entry,30,24,,
277,entry,35,17,,3
277,entry,36,7,,
277,entry,37,9,,
277,entry,38,0,,
277,entry,39,39,,
277,entry,40,13,,
277,entry,46,26,,
277,entry,47,38,,
277,entry,48,10,,
277,entry,49,59,,
277,entry,50,6,,
277,entry,57,,37,
277,entry,58,70,,
277,entry,59,28,,6
277,entry,60,8,,
277,entry,68,80,,
277,entry,69,25,,
277,entry,70,18,,
277,entry,79,35,,
277,entry,80,40,,
277,entry,90,50,,
277,start,2,5,,
277,start,3,90,,
277,start,4,2,,
277,start,5,15,,
277,start,6,16,,
277,start,7,27,,
277,start,8,20,,
277,start,9,57,,
278,entry,0,49,,
278,entry,2,39,,
278,entry,3,38,,
278,entry,4,47,,
278,entry,5,69,,
278,entry,6,58,,
278,entry,7,2,,2
278,entry,8,46,,
278,entry,9,,19,
278,entry,10,30,,1
278,entry,13,29,,
278,entry,14,,37,
278,entry,15,14,,3
278,entry,16,6,,
278,entry,17,35,,
278,entry,18,16,,
278,entry,19,57,,
278,entry,20,10,,
278,entry,24,24,,
278,entry,25,80,,
278,entry,26,25,,
278,entry,27,,55,
278,entry,28,19,,
278,entry,29,,73,
278,entry,30,40,,
278,entry,35,20,,
278,entry,36,4,,
278,entry,37,,82,
278,entry,38,37,,
278,entry,39,8,,
278,entry,40,90,,
278,entry,46,,28,6
278,entry,47,70,,4
278,entry,48,68,,
278,entry,49,18,,
278,entry,50,3,,
278,entry,57,36,,
278,entry,58,17,,
278,entry,59,,64,
278,entry,60,60,,
278,entry,68,,46,
278,entry,69,7,,
278,entry,70,50,,7
278,entry,79,28,,5
278,entry,80,15,,
278,entry,90,48,,
278,start,2,79,,8
278,start,3,13,,
278,start,4,9,,
278,start,5,26,,
278,start,6,27,,
278,start,7,59,,
278,start,8,5,,
278,start,9,0,,
279,entry,0,,37,6
279,entry,2,,28,4
279,entry,3,16,,
279,entry,4,50,,
279,entry,5,6,,
279,entry,6,15,,3
279,entry,7,29,,
279,entry,8,20,,
279,entry,9,19,,
279,entry,10,,73,
279,entry,13,2,,
279,entry,14,60,,
279,entry,15,3,,
279,entry,16,35,,
279,entry,17,39,,
279,entry,18,18,,
279,entry,19,17,,
279,entry,20,69,,
279,entry,24,,55,
279,entry,25,70,,
279,entry,26,27,,
279,entry,27,49,,
279,entry,28,28,,
279,entry,29,26,,
279,entry,30,47,,
279,entry,35,40,,
279,entry,36,37,,
279,entry,37,59,,
279,entry,38,80,,1 7
279,entry,39,36,,
279,entry,40,57,,
279,entry,46,90,,
279,entry,47,,82,
279,entry,48,4,,
279,entry,49,46,,
279,entry,50,,19,
279,entry,57,5,,
279,entry,58,14,,8
279,entry,59,,64,
279,entry,60,68,,5
279,entry,68,30,,
279,entry,69,7,,
279,entry,70,48,,
279,entry,79,25,,2
279,entry,80,58,,
279,entry,90,9,,
279,start,2,79,,
279,start,3,10,,
279,start,4,,46,
279,start,5,13,,
279,start,6,38,,
279,start,7,0,,
279,start,8,8,,
279,start,9,24,,
280,entry,0,29,,5
280,entry,2,6,,
280,entry,3,,82,
280,entry,4,5,,
280,entry,5,7,,
280,entry,6,26,,
280,entry,7,,37,
280,entry,8,,64,
280,entry,9,,73,
280,entry,10,14,,
280,entry,13,69,,
280,entry,14,47,,8
280,entry,15,19,,1
280,entry,16,36,,
280,entry,17,4,,
280,entry,18,37,,
280,entry,19,3,,
280,entry,20,9,,
280,entry,24,28,,
280,entry,25,24,,
280,entry,26,40,,
280,entry,27,15,,
280,entry,28,49,,
280,entry,29,46,,
280,entry,30,48,,
280,entry,35,,46,
280,entry,36,17,,7
280,entry,37,25,,6
280,entry,38,13,,
280,entry,39,,55,
280,entry,40,58,,
280,entry,46,39,,
280,entry,47,70,,3
280,entry,48,,19,
280,entry,49,79,,
280,entry,50,68,,
280,entry,57,59,,
280,entry,58,2,,
280,entry,59,0,,
280,entry,60,35,,
280,entry,68,,28,
280,entry,69,30,,
280,entry,70,8,,
280,entry,79,80,,2 4
280,entry,80,18,,
280,entry,90,27,,
280,start,2,16,,
280,start,3,90,,
280,start,4,50,,
280,start,5,38,,
280,start,6,10,,
280,start,7,60,,
280,start,8,20,,
280,start,9,57,,
281,entry,0,6,,
281,entry,2,,55,
281,entry,3,7,,
281,entry,4,80,,
281,entry,5,10,,5
281,entry,6,25,,
281,entry,7,79,,8
281,entry,8,40,,
281,entry,9,60,,
281,entry,10,70,,
281,entry,13,8,,
281,entry,14,38,,
281,entry,15,69,,7
281,entry,16,18,,
281,entry,17,35,,
281,entry,18,57,,6
281,entry,19,28,,
281,entry,20,13,,
281,entry,24,,82,
281,entry,25,15,,
281,entry,26,26,,
281,entry,27,14,,
281,entry,28,37,,
281,entry,29,90,,
281,entry,30,,46,2
281,entry,35,,73,
281,entry,36,36,,
281,entry,37,17,,
281,entry,38,68,,
281,entry,39,16,,1
281,entry,40,58,,
281,entry,46,27,,
281,entry,47,46,,
281,entry,48,49,,
281,entry,49,4,,
281,entry,50,20,,
281,entry,57,,64,4
281,entry,58,59,,
281,entry,59,39,,
281,entry,60,30,,
281,entry,68,3,,
281,entry,69,48,,
281,entry,70,9,,
281,entry,79,,19,
281,entry,80,19,,
281,entry,90,29,,3
281,start,2,,37,
281,start,3,24,,
281,start,4,50,,
281,start,5,2,,
281,start,6,47,,
281,start,7,,28,
281,start,8,5,,
281,start,9,0,,
282,entry,0,46,,
282,entry,2,20,,
282,entry,3,70,,
282,entry,4,14,,8
282,entry,5,,28,
282,entry,6,49,,
282,entry,7,29,,6
282,entry,8,37,,
282,entry,9,57,,
282,entry,10,,64,
282,entry,13,35,,
282,entry,14,,46,4
282,entry,15,69,,7
282,entry,16,13,,
282,entry,17,40,,
282,entry,18,,82,
282,entry,19,,73,
282,entry,20,7,,
282,entry,24,48,,
282,entry,25,18,,
282,entry,26,19,,
282,entry,27,50,,3
282,entry,28,9,,
282,entry,29,38,,
282,entry,30,80,,1
282,entry,35,3,,
282,entry,36,59,,
282,entry,37,15,,
282,entry,38,5,,
282,entry,39,,37,
282,entry,40,90,,
282,entry,46,10,,
282,entry,47,36,,
282,entry,48,79,,
282,entry,49,0,,
282,entry,50,,19,
282,entry,57,39,,
282,entry,58,25,,
282,entry,59,60,,2
282,entry,60,2,,
282,entry,68,26,,
282,entry,69,68,,
282,entry,70,,55,
282,entry,79,27,,
282,entry,80,6,,
282,entry,90,16,,
282,start,2,28,,5
282,start,3,58,,
282,start,4,30,,
282,start,5,47,,
282,start,6,4,,
282,start,7,17,,
282,start,8,8,,
282,start,9,24,,
283,entry,0,27,,
283,entry,2,24,,
283,entry,3,,37,
283,entry,4,70,,
283,entry,5,7,,
283,entry,6,9,,
283,entry,7,3,,7
283,entry,8,37,,
283,entry,9,13,,
283,entry,10,6,,
283,entry,13,4,,
283,entry,14,80,,1
283,entry,15,79,,
283,entry,16,90,,
283,entry,17,48,,
283,entry,18,47,,8
283,entry,19,28,,6
283,entry,20,8,,
283,entry,24,10,,
283,entry,25,0,,
283,entry,26,,19,
283,entry,27,68,,2 4
283,entry,28,,73,
283,entry,29,25,,
283,entry,30,18,,
283,entry,35,58,,
283,entry,36,2,,
283,entry,37,46,,5
283,entry,38,38,,
283,entry,39,35,,
283,entry,40,16,,
283,entry,46,59,,3
283,entry,47,30,,
283,entry,48,19,,
283,entry,49,,55,
283,entry,50,50,,
283,entry,57,26,,
283,entry,58,17,,
283,entry,59,,46,
283,entry,60,60,,
283,entry,68,,28,
283,entry,69,49,,
283,entry,70,40,,
283,entry,79,14,,
283,entry,80,29,,
283,entry,90,39,,
283,start,2,5,,
283,start,3,36,,
283,start,4,,64,
283,start,5,15,,
283,start,6,,82,
283,start,7,69,,
283,start,8,20,,
283,start,9,57,,
284,entry,0,47,,
284,entry,2,20,,
284,entry,3,3,,3
284,entry,4,27,,
284,entry,5,49,,
284,entry,6,2,,2
284,entry,7,16,,
284,entry,8,,82,
284,entry,9,90,,
284,entry,10,15,,
284,entry,13,10,,
284,entry,14,,28,6
284,entry,15,58,,
284,entry,16,35,,
284,entry,17,,37,
284,entry,18,9,,
284,entry,19,50,,
284,entry,20,7,,
284,entry,24,26,,
284,entry,25,6,,
284,entry,26,,55,
284,entry,27,8,,
284,entry,28,19,,
284,entry,29,60,,
284,entry,30,38,,
284,entry,35,17,,
284,entry,36,69,,
284,entry,37,18,,
284,entry,38,29,,
284,entry,39,70,,
284,entry,40,4,,
284,entry,46,79,,4 8
284,entry,47,57,,
284,entry,48,68,,
284,entry,49,80,,
284,entry,50,14,,
284,entry,57,,64,7
284,entry,58,28,,5
284,entry,59,48,,
284,entry,60,24,,
284,entry,68,59,,
284,entry,69,,19,
284,entry,70,30,,1
284,entry,79,25,,
284,entry,80,46,,
284,entry,90,40,,
284,start,2,36,,
284,start,3,37,,
284,start,4,13,,
284,start,5,39,,
284,start,6,,73,
284,start,7,,46,
284,start,8,5,,
284,start,9,0,,
285,entry,0,39,,
285,entry,2,15,,3
285,entry,3,36,,
285,entry,4,,46,
285,entry,5,79,,
285,entry,6,25,,2
285,entry,7,58,,
285,entry,8,,28,
285,entry,9,17,,
285,entry,10,90,,
285,entry,13,5,,
285,entry,14,35,,
285,entry,15,49,,
285,entry,16,20,,
285,entry,17,9,,
285,entry,18,27,,
285,entry,19,48,,
285,entry,20,,19,
285,entry,24,,55,
285,entry,25,30,,
285,entry,26,18,,
285,entry,27,19,,
285,entry,28,68,,5
285,entry,29,37,,
285,entry,30,3,,
285,entry,35,14,,8
285,entry,36,28,,
285,entry,37,40,,
285,entry,38,,37,
285,entry,39,47,,4
285,entry,40,38,,
285,entry,46,16,,1 7
285,entry,47,50,,
285,entry,48,4,,
285,entry,49,,82,6
285,entry,50,57,,
285,entry,57,60,,
285,entry,58,46,,
285,entry,59,26,,
285,entry,60,70,,
285,entry,68,,64,
285,entry,69,6,,
285,entry,70,59,,
285,entry,79,2,,
285,entry,80,69,,
285,entry,90,80,,
285,start,2,7,,
285,start,3,10,,
285,start,4,29,,
285,start,5,,73,
285,start,6,13,,
285,start,7,0,,
285,start,8,8,,
285,start,9,24,,
286,entry,0,0,,
286,entry,2,,82,
286,entry,3,,64,
286,entry,4,24,,
286,entry,5,4,,
286,entry,6,70,,3
286,entry,7,59,,
286,entry,8,16,,
286,entry,9,6,,
286,entry,10,38,,
286,entry,13,28,,
286,entry,14,,46,
286,entry,15,39,,
286,entry,16,79,,
286,entry,17,69,,
286,entry,18,80,,2 4
286,entry,19,36,,
286,entry,20,29,,5
286,entry,24,5,,
286,entry,25,,37,
286,entry,26,3,,
286,entry,27,,19,
286,entry,28,18,,
286,entry,29,7,,
286,entry,30,14,,
286,entry,35,19,,1
286,entry,36,13,,
286,entry,37,2,,
286,entry,38,46,,
286,entry,39,10,,
286,entry,40,9,,
286,entry,46,26,,7
286,entry,47,15,,
286,entry,48,,73,
286,entry,49,8,,
286,entry,50,30,,
286,entry,57,25,,6
286,entry,58,90,,
286,entry,59,47,,8
286,entry,60,40,,
286,entry,68,49,,
286,entry,69,35,,
286,entry,70,27,,
286,entry,79,,55,
286,entry,80,37,,
286,entry,90,48,,
286,start,2,,28,
286,start,3,68,,
286,start,4,50,,
286,start,5,17,,
286,start,6,58,,
286,start,7,60,,
286,start,8,20,,
286,start,9,57,,
287,entry,0,35,,
287,entry,2,4,,
287,entry,3,,73,
287,entry,4,59,,
287,entry,5,48,,
287,entry,6,28,,
287,entry,7,20,,
287,entry,8,16,,
287,entry,9,14,,5
287,entry,10,50,,
287,entry,13,3,,
287,entry,14,69,,
287,entry,15,,19,
287,entry,16,90,,
287,entry,17,30,,
287,entry,18,47,,
287,entry,19,8,,
287,entry,20,39,,
287,entry,24,15,,
287,entry,25,40,,
287,entry,26,68,,1
287,entry,27,70,,
287,entry,28,37,,
287,entry,29,,55,
287,entry,30,9,,
287,entry,35,57,,6
287,entry,36,10,,
287,entry,37,80,,
287,entry,38,26,,
287,entry,39,6,,
287,entry,40,19,,4
287,entry,46,,37,7
287,entry,47,13,,3
287,entry,48,17,,
287,entry,49,7,,
287,entry,50,25,,
287,entry,57,,46,
287,entry,58,36,,2
287,entry,59,38,,
287,entry,60,18,,
287,entry,68,58,,
287,entry,69,60,,
287,entry,70,46,,
287,entry,79,29,,
287,entry,80,,64,
287,entry,90,49,,
287,start,2,79,,8
287,start,3,27,,
287,start,4,24,,
287,start,5,2,,
287,start,6,,82,
287,start,7,,28,
287,start,8,5,,
287,start,9,0,,
288,entry,0,10,,
288,entry,2,36,,
288,entry,3,50,,3
288,entry,4,0,,
288,entry,5,17,,
288,entry,6,60,,2
288,entry,7,,37,
288,entry,8,70,,
288,entry,9,47,,
288,entry,10,20,,
288,entry,13,39,,
288,entry,14,37,,6
288,entry,15,29,,
288,entry,16,68,,
288,entry,17,,55,
288,entry,18,5,,1
288,entry,19,57,,4
288,entry,20,69,,
288,entry,24,40,,
288,entry,25,79,,
288,entry,26,14,,8
288,entry,27,6,,
288,entry,28,46,,
288,entry,29,48,,
288,entry,30,27,,
288,entry,35,49,,
288,entry,36,,46,
288,entry,37,15,,
288,entry,38,,64,
288,entry,39,19,,
288,entry,40,,73,
288,entry,46,16,,
288,entry,47,25,,
288,entry,48,7,,
288,entry,49,,28,
288,entry,50,80,,
288,entry,57,38,,
288,entry,58,3,,
288,entry,59,90,,
288,entry,60,9,,
288,entry,68,13,,
288,entry,69,,19,
288,entry,70,,82,7
288,entry,79,2,,
288,entry,80,18,,
288,entry,90,59,,
288,start,2,28,,5
288,start,3,58,,
288,start,4,30,,
288,start,5,35,,
288,start,6,26,,
288,start,7,4,,
288,start,8,8,,
288,start,9,24,,
289,entry,0,58,,7
289,entry,2,2,,
289,entry,3,16,,
289,entry,4,13,,
289,entry,5,,55,
289,entry,6,39,,
289,entry,7,18,,
289,entry,8,37,,
289,entry,9,48,,
289,entry,10,30,,
289,entry,13,19,,
289,entry,14,,37,
289,entry,15,,46,
289,entry,16,68,,
289,entry,17,79,,
289,entry,18,59,,
289,entry,19,,64,3
289,entry,20,26,,
289,entry,24,4,,
289,entry,25,49,,
289,entry,26,28,,6
289,entry,27,50,,
289,entry,28,69,,
289,entry,29,,19,
289,entry,30,36,,2 4
289,entry,35,3,,
289,entry,36,25,,
289,entry,37,60,,
289,entry,38,24,,
289,entry,39,17,,
289,entry,40,10,,5
289,entry,46,35,,
289,entry,47,46,,
289,entry,48,,28,
289,entry,49,27,,
289,entry,50,40,,
289,entry,57,29,,
289,entry,58,6,,
289,entry,59,,82,
289,entry,60,70,,
289,entry,68,8,,
289,entry,69,80,,
289,entry,70,47,,8
289,entry,79,14,,1
289,entry,80,,73,
289,entry,90,38,,
289,start,2,5,,
289,start,3,0,,
289,start,4,90,,
289,start,5,15,,
289,start,6,9,,
289,start,7,7,,
289,start,8,20,,
289,start,9,57,,
290,entry,0,90,,
290,entry,2,40,,
290,entry,3,30,,1
290,entry,4,70,,
290,entry,5,47,,
290,entry,6,,28,6
290,entry,7,,46,4 7
290,entry,8,3,,
290,entry,9,59,,
290,entry,10,25,,
290,entry,13,24,,
290,entry,14,80,,
290,entry,15,18,,
290,entry,16,4,,
290,entry,17,9,,
290,entry,18,10,,
290,entry,19,69,,
290,entry,20,17,,
290,entry,24,13,,
290,entry,25,,73,
290,entry,26,57,,3
290,entry,27,58,,
290,entry,28,8,,
290,entry,29,79,,8
290,entry,30,27,,
290,entry,35,38,,
290,entry,36,15,,
290,entry,37,6,,
290,entry,38,2,,2
290,entry,39,28,,5
290,entry,40,37,,
290,entry,46,20,,
290,entry,47,68,,
290,entry,48,35,,
290,entry,49,19,,
290,entry,50,48,,
290,entry,57,7,,
290,entry,58,,55,
290,entry,59,16,,
290,entry,60,,19,
290,entry,68,26,,
290,entry,69,60,,
290,entry,70,29,,
290,entry,79,46,,
290,entry,80,39,,
290,entry,90,49,,
290,start,2,14,,
290,start,3,,64,
290,start,4,50,,
290,start,5,,82,
290,start,6,36,,
290,start,7,,37,
290,start,8,5,,
290,start,9,0,,
291,entry,0,38,,
291,entry,2,,28,
291,entry,3,4,,
291,entry,4,,73,
291,entry,5,5,,
291,entry,6,59,,
291,entry,7,18,,
291,entry,8,49,,
291,entry,9,9,,
291,entry,10,48,,
291,entry,13,70,,
291,entry,14,47,,
291,entry,15,15,,3
291,entry,16,69,,
291,entry,17,28,,
291,entry,18,79,,
291,entry,19,3,,
291,entry,20,60,,
291,entry,24,19,,
291,entry,25,16,,
291,entry,26,80,,
291,entry,27,2,,1 7
291,entry,28,17,,
291,entry,29,68,,5
291,entry,30,29,,
291,entry,35,57,,
291,entry,36,90,,
291,entry,37,,64,
291,entry,38,27,,
291,entry,39,36,,
291,entry,40,13,,
291,entry,46,35,,
291,entry,47,7,,
291,entry,48,37,,
291,entry,49,46,,
291,entry,50,,37,4
291,entry,57,30,,
291,entry,58,25,,2
291,entry,59,,55,
291,entry,60,,46,6
291,entry,68,20,,
291,entry,69,40,,
291,entry,70,58,,
291,entry,79,39,,
291,entry,80,,19,
291,entry,90,,82,
291,start,2,50,,
291,start,3,10,,
291,start,4,6,,
291,start,5,14,,8
291,start,6,26,,
291,start,7,0,,
291,start,8,8,,
291,start,9,24,,
292,entry,0,46,,
292,entry,2,36,,
292,entry,3,70,,3
292,entry,4,16,,
292,entry,5,7,,
292,entry,6,80,,2 4
292,entry,7,13,,
292,entry,8,,28,
292,entry,9,28,,
292,entry,10,,19,
292,entry,13,30,,
292,entry,14,15,,
292,entry,15,17,,
292,entry,16,,55,
292,entry,17,35,,
292,entry,18,3,,
292,entry,19,,82,
292,entry,20,10,,
292,entry,24,25,,6
292,entry,25,27,,7
292,entry,26,47,,8
292,entry,27,79,,
292,entry,28,69,,
292,entry,29,40,,
292,entry,30,39,,
292,entry,35,4,,
292,entry,36,59,,
292,entry,37,6,,
292,entry,38,68,,
292,entry,39,58,,
292,entry,40,0,,
292,entry,46,,37,
292,entry,47,8,,
292,entry,48,49,,
292,entry,49,29,,5
292,entry,50,19,,1
292,entry,57,90,,
292,entry,58,37,,
292,entry,59,14,,
292,entry,60,24,,
292,entry,68,38,,
292,entry,69,9,,
292,entry,70,,46,
292,entry,79,2,,
292,entry,80,5,,
292,entry,90,,73,
292,start,2,26,,
292,start,3,,64,
292,start,4,50,,
292,start,5,48,,
292,start,6,18,,
292,start,7,60,,
292,start,8,20,,
292,start,9,57,,
293,entry,0,15,,
293,entry,2,49,,
293,entry,3,38,,
293,entry,4,4,,
293,entry,5,,82,
293,entry,6,29,,
293,entry,7,13,,
293,entry,8,48,,
293,entry,9,50,,
293,entry,10,,73,
293,entry,13,27,,
293,entry,14,14,,7
293,entry,15,69,,
293,entry,16,39,,4
293,entry,17,3,,
293,entry,18,,19,
293,entry,19,60,,3
293,entry,20,8,,
293,entry,24,9,,
293,entry,25,,46,5
293,entry,26,25,,
293,entry,27,24,,
293,entry,28,40,,
293,entry,29,36,,
293,entry,30,46,,
293,entry,35,,37,
293,entry,36,18,,
293,entry,37,35,,
293,entry,38,57,,6
293,entry,39,28,,
293,entry,40,19,,
293,entry,46,47,,
293,entry,47,17,,
293,entry,48,79,,8
293,entry,49,90,,
293,entry,50,16,,2
293,entry,57,59,,
293,entry,58,10,,
293,entry,59,,55,1
293,entry,60,58,,
293,entry,68,80,,
293,entry,69,7,,
293,entry,70,20,,
293,entry,79,70,,
293,entry,80,30,,
293,entry,90,37,,
293,start,2,,64,
293,start,3,68,,
293,start,4,26,,
293,start,5,2,,
293,start,6,6,,
293,start,7,,28,
293,start,8,5,,
293,start,9,0,,
294,entry,0,40,,
294,entry,2,4,,6
294,entry,3,,46,
294,entry,4,13,,
294,entry,5,68,,
294,entry,6,,28,
294,entry,7,0,,
294,entry,8,29,,
294,entry,9,20,,
294,entry,10,50,,3
294,entry,13,16,,
294,entry,14,26,,
294,entry,15,80,,
294,entry,16,9,,
294,entry,17,10,,
294,entry,18,7,,
294,entry,19,,55,7
294,entry,20,14,,8
294,entry,24,79,,
294,entry,25,90,,
294,entry,26,19,,
294,entry,27,39,,
294,entry,28,6,,
294,entry,29,18,,
294,entry,30,36,,
294,entry,35,3,,
294,entry,36,46,,
294,entry,37,49,,
294,entry,38,38,,
294,entry,39,47,,
294,entry,40,17,,
294,entry,46,60,,2
294,entry,47,59,,
294,entry,48,,73,
294,entry,49,5,,
294,entry,50,27,,
294,entry,57,2,,
294,entry,58,,82,1
294,entry,59,15,,4
294,entry,60,57,,
294,entry,68,37,,
294,entry,69,48,,
294,entry,70,,37,
294,entry,79,25,,
294,entry,80,35,,
294,entry,90,,64,
294,start,2,28,,5
294,start,3,58,,
294,start,4,30,,
294,start,5,,19,
294,start,6,70,,
294,start,7,69,,
294,start,8,8,,
294,start,9,24,,
295,entry,0,3,,
295,entry,2,70,,
295,entry,3,4,,2 4
295,entry,4,68,,
295,entry,5,27,,
295,entry,6,,46,
295,entry,7,39,,
295,entry,8,8,,
295,entry,9,13,,
295,entry,10,40,,
295,entry,13,69,,5
295,entry,14,49,,
295,entry,15,37,,
295,entry,16,14,,
295,entry,17,38,,
295,entry,18,18,,
295,entry,19,,37,1
295,entry,20,16,,
295,entry,24,47,,8
295,entry,25,19,,
295,entry,26,,82,
295,entry,27,28,,6
295,entry,28,,28,
295,entry,29,7,,
295,entry,30,48,,
295,entry,35,10,,
295,entry,36,9,,
295,entry,37,25,,
295,entry,38,50,,
295,entry,39,,19,
295,entry,40,58,,
295,entry,46,17,,
295,entry,47,35,,
295,entry,48,60,,
295,entry,49,2,,
295,entry,50,26,,3
295,entry,57,,55,
295,entry,58,80,,
295,entry,59,24,,
295,entry,60,0,,
295,entry,68,29,,
295,entry,69,90,,
295,entry,70,46,,
295,entry,79,6,,
295,entry,80,,64,
295,entry,90,,73,7
295,start,2,5,,
295,start,3,59,,
295,start,4,79,,
295,start,5,15,,
295,start,6,30,,
295,start,7,36,,
295,start,8,20,,
295,start,9,57,,
296,entry,0,9,,
296,entry,2,28,,5
296,entry,3,,64,
296,entry,4,17,,
296,entry,5,26,,
296,entry,6,40,,
296,entry,7,38,,
296,entry,8,,37,
296,entry,9,29,,
296,entry,10,16,,
296,entry,13,57,,
296,entry,14,27,,
296,entry,15,48,,
296,entry,16,90,,
296,entry,17,60,,
296,entry,18,,46,3
296,entry,19,39,,4
296,entry,20,50,,
296,entry,24,37,,
296,entry,25,,19,
296,entry,26,59,,
296,entry,27,70,,
296,entry,28,49,,
296,entry,29,,82,
296,entry,30,18,,
296,entry,35,7,,
296,entry,36,69,,
296,entry,37,80,,
296,entry,38,20,,
296,entry,39,58,,
296,entry,40,19,,
296,entry,46,79,,8
296,entry,47,30,,1
296,entry,48,47,,
296,entry,49,6,,
296,entry,50,,73,
296,entry,57,14,,
296,entry,58,25,,
296,entry,59,36,,
296,entry,60,15,,
296,entry,68,24,,7
296,entry,69,3,,
296,entry,70,2,,2
296,entry,79,,28,6
296,entry,80,35,,
296,entry,90,,55,
296,start,2,4,,
296,start,3,46,,
296,start,4,10,,
296,start,5,68,,
296,start,6,8,,
296,start,7,13,,
296,start,8,5,,
296,start,9,0,,
297,entry,0,16,,
297,entry,2,90,,
297,entry,3,48,,
297,entry,4,17,,
297,entry,5,,28,
297,entry,6,57,,
297,entry,7,9,,1 7
297,entry,8,,37,
297,entry,9,68,,5
297,entry,10,27,,
297,entry,13,58,,
297,entry,14,59,,
297,entry,15,14,,8
297,entry,16,,73,
297,entry,17,19,,
297,entry,18,4,,
297,entry,19,,64,
297,entry,20,39,,
297,entry,24,70,,
297,entry,25,,46,
297,entry,26,40,,
297,entry,27,38,,
297,entry,28,26,,
297,entry,29,7,,
297,entry,30,49,,4
297,entry,35,36,,
297,entry,36,5,,
297,entry,37,30,,
297,entry,38,25,,2
297,entry,39,50,,
297,entry,40,80,,6
297,entry,46,15,,3
297,entry,47,37,,
297,entry,48,20,,
297,entry,49,60,,
297,entry,50,,19,
297,entry,57,47,,
297,entry,58,18,,
297,entry,59,79,,
297,entry,60,,82,
297,entry,68,28,,
297,entry,69,3,,
297,entry,70,35,,
297,entry,79,13,,
297,entry,80,,55,
297,entry,90,29,,
297,start,2,6,,
297,start,3,10,,
297,start,4,2,,
297,start,5,69,,
297,start,6,46,,
297,start,7,0,,
297,start,8,8,,
297,start,9,24,,
298,entry,0,,73,
298,entry,2,47,,8
298,entry,3,27,,
298,entry,4,29,,5
298,entry,5,28,,
298,entry,6,19,,1
298,entry,7,79,,
298,entry,8,10,,
298,entry,9,,55,
298,entry,10,30,,
298,entry,13,37,,
298,entry,14,14,,
298,entry,15,,82,
298,entry,16,24,,
298,entry,17,0,,
298,entry,18,49,,
298,entry,19,80,,2 4
298,entry,20,40,,
298,entry,24,9,,
298,entry,25,,19,
298,entry,26,,46,
298,entry,27,17,,
298,entry,28,59,,
298,entry,29,26,,
298,entry,30,,28,
298,entry,35,2,,7
298,entry,36,5,,
298,entry,37,35,,
298,entry,38,15,,
298,entry,39,3,,
298,entry,40,,37,
298,entry,46,13,,
298,entry,47,39,,
298,entry,48,25,,6
298,entry,49,46,,
298,entry,50,58,,
298,entry,57,36,,
298,entry,58,70,,3
298,entry,59,68,,
298,entry,60,16,,
298,entry,68,90,,
298,entry,69,8,,
298,entry,70,38,,
298,entry,79,18,,
298,entry,80,48,,
298,entry,90,,64,
298,start,2,69,,
298,start,3,6,,
298,start,4,50,,
298,start,5,4,,
298,start,6,7,,
298,start,7,60,,
298,start,8,20,,
298,start,9,57,,
299,entry,0,6,,
299,entry,2,,82,1
299,entry,3,28,,
299,entry,4,4,,
299,entry,5,58,,
299,entry,6,37,,
299,entry,7,17,,
299,entry,8,18,,
299,entry,9,3,,
299,entry,10,10,,
299,entry,13,90,,
299,entry,14,14,,3
299,entry,15,20,,
299,entry,16,68,,
299,entry,17,,73,
299,entry,18,29,,7
299,entry,19,39,,
299,entry,20,48,,
299,entry,24,69,,
299,entry,25,30,,
299,entry,26,79,,8
299,entry,27,38,,
299,entry,28,15,,
299,entry,29,35,,
299,entry,30,,19,
299,entry,35,,37,
299,entry,36,8,,
299,entry,37,47,,
299,entry,38,46,,
299,entry,39,16,,
299,entry,40,40,,
299,entry,46,19,,2
299,entry,47,26,,
299,entry,48,49,,5
299,entry,49,36,,
299,entry,50,57,,6
299,entry,57,27,,
299,entry,58,70,,
299,entry,59,24,,
299,entry,60,,64,
299,entry,68,80,,
299,entry,69,,46,4
299,entry,70,7,,
299,entry,79,25,,
299,entry,80,50,,
299,entry,90,60,,
299,start,2,,55,
299,start,3,13,,
299,start,4,59,,
299,start,5,2,,
299,start,6,9,,
299,start,7,,28,
299,start,8,5,,
299,start,9,0,,
300,entry,0,38,,
300,entry,2,47,,
300,entry,3,,64,
300,entry,4,48,,
300,entry,5,18,,
300,entry,6,,55,
300,entry,7,50,,3
300,entry,8,35,,
300,entry,9,49,,
300,entry,10,39,,1
300,entry,13,7,,
300,entry,14,15,,
300,entry,15,19,,
300,entry,16,27,,
300,entry,17,26,,
300,entry,18,25,,
300,entry,19,59,,
300,entry,20,,82,
300,entry,24,80,,
300,entry,25,70,,
300,entry,26,46,,
300,entry,27,36,,
300,entry,28,79,,
300,entry,29,20,,
300,entry,30,9,,
300,entry,35,5,,4
300,entry,36,10,,
300,entry,37,57,,
300,entry,38,16,,
300,entry,39,60,,2
300,entry,40,0,,
300,entry,46,37,,7
300,entry,47,,73,
300,entry,48,17,,
300,entry,49,68,,
300,entry,50,90,,
300,entry,57,29,,
300,entry,58,6,,6
300,entry,59,3,,
300,entry,60,,19,
300,entry,68,40,,
300,entry,69,13,,
300,entry,70,2,,
300,entry,79,,46,
300,entry,80,4,,
300,entry,90,14,,8
300,start,2,28,,5
300,start,3,58,,
300,start,4,30,,
300,start,5,,37,
300,start,6,69,,
300,start,7,,28,
300,start,8,8,,
300,start,9,24,,
301,entry,0,14,,
301,entry,2,80,,
301,entry,3,27,,
301,entry,4,,55,
301,entry,5,46,,
301,entry,6,50,,
301,entry,7,24,,
301,entry,8,3,,
301,entry,9,,64,
301,entry,10,68,,
301,entry,13,70,,
301,entry,14,,46,
301,entry,15,28,,6
301,entry,16,60,,
301,entry,17,58,,
301,entry,18,59,,
301,entry,19,79,,
301,entry,20,19,,
301,entry,24,36,,7
301,entry,25,25,,
301,entry,26,26,,
301,entry,27,6,,
301,entry,28,7,,
301,entry,29,0,,
301,entry,30,48,,
301,entry,35,35,,
301,entry,36,29,,
301,entry,37,8,,
301,entry,38,17,,1
301,entry,39,,82,
301,entry,40,,37,
301,entry,46,39,,
301,entry,47,18,,
301,entry,48,13,,
301,entry,49,9,,
301,entry,50,4,,
301,entry,57,90,,
301,entry,58,30,,
301,entry,59,,19,3
301,entry,60,49,,
301,entry,68,40,,
301,entry,69,38,,
301,entry,70,10,,2 4
301,entry,79,,28,
301,entry,80,47,,5 8
301,entry,90,16,,
301,start,2,5,,
301,start,3,37,,
301,start,4,,73,
301,start,5,15,,
301,start,6,69,,
301,start,7,2,,
301,start,8,20,,
301,start,9,57,,
302,entry,0,,19,
302,entry,2,48,,
302,entry,3,8,,
302,entry,4,90,,
302,entry,5,26,,
302,entry,6,13,,
302,entry,7,,28,6
302,entry,8,39,,
302,entry,9,14,,
302,entry,10,,37,
302,entry,13,18,,
302,entry,14,57,,
302,entry,15,30,,1
302,entry,16,70,,
302,entry,17,46,,
302,entry,18,49,,4
302,entry,19,19,,
302,entry,20,37,,
302,entry,24,,73,
302,entry,25,7,,
302,entry,26,38,,
302,entry,27,60,,3
302,entry,28,69,,
302,entry,29,29,,
302,entry,30,68,,
302,entry,35,40,,
302,entry,36,24,,
302,entry,37,9,,
302,entry,38,58,,
302,entry,39,15,,
302,entry,40,3,,
302,entry,46,,46,
302,entry,47,20,,
302,entry,48,6,,
302,entry,49,80,,
302,entry,50,27,,
302,entry,57,47,,
302,entry,58,10,,
302,entry,59,2,,2
302,entry,60,17,,7
302,entry,68,50,,
302,entry,69,35,,
302,entry,70,28,,5
302,entry,79,,55,
302,entry,80,79,,8
302,entry,90,16,,
302,start,2,,64,
302,start,3,,82,
302,start,4,4,,
302,start,5,59,,
302,start,6,25,,
302,start,7,36,,
302,start,8,5,,
302,start,9,0,,
303,entry,0,59,,
303,entry,2,49,,
303,entry,3,,37,
303,entry,4,,28,
303,entry,5,4,,
303,entry,6,37,,
303,entry,7,,82,
303,entry,8,90,,
303,entry,9,20,,
303,entry,10,36,,
303,entry,13,68,,5
303,entry,14,19,,
303,entry,15,14,,4 8
303,entry,16,47,,
303,entry,17,9,,
303,entry,18,,19,
303,entry,19,18,,
303,entry,20,46,,
303,entry,24,29,,
303,entry,25,,55,6
303,entry,26,57,,
303,entry,27,60,,
303,entry,28,2,,
303,entry,29,28,,
303,entry,30,48,,
303,entry,35,,73,
303,entry,36,7,,
303,entry,37,13,,
303,entry,38,26,,
303,entry,39,3,,1 7
303,entry,40,58,,
303,entry,46,38,,
303,entry,47,,46,
303,entry,48,5,,
303,entry,49,69,,
303,entry,50,6,,
303,entry,57,70,,
303,entry,58,15,,3
303,entry,59,79,,
303,entry,60,16,,
303,entry,68,27,,
303,entry,69,30,,
303,entry,70,40,,
303,entry,79,80,,
303,entry,80,50,,
303,entry,90,25,,2
303,start,2,,64,
303,start,3,10,,
303,start,4,17,,
303,start,5,35,,
303,start,6,39,,
303,start,7,0,,
303,start,8,8,,
303,start,9,24,,
304,entry,0,58,,
304,entry,2,49,,
304,entry,3,,19,
304,entry,4,25,,6
304,entry,5,40,,
304,entry,6,16,,
304,entry,7,8,,
304,entry,8,6,,
304,entry,9,7,,
304,entry,10,39,,
304,entry,13,2,,
304,entry,14,70,,3
304,entry,15,0,,
304,entry,16,27,,
304,entry,17,18,,
304,entry,18,35,,
304,entry,19,17,,
304,entry,20,48,,
304,entry,24,,64,
304,entry,25,10,,
304,entry,26,79,,
304,entry,27,,28,
304,entry,28,,55,
304,entry,29,29,,5
304,entry,30,19,,1
304,entry,35,15,,
304,entry,36,,37,7
304,entry,37,68,,
304,entry,38,4,,
304,entry,39,14,,
304,entry,40,24,,
304,entry,46,30,,
304,entry,47,80,,2 4
304,entry,48,36,,
304,entry,49,9,,
304,entry,50,,46,
304,entry,57,38,,
304,entry,58,69,,
304,entry,59,59,,
304,entry,60,5,,
304,entry,68,,73,
304,entry,69,37,,
304,entry,70,26,,
304,entry,79,47,,8
304,entry,80,28,,
304,entry,90,,82,
304,start,2,90,,
304,start,3,13,,
304,start,4,50,,
304,start,5,46,,
304,start,6,3,,
304,start,7,60,,
304,start,8,20,,
304,start,9,57,,
305,entry,0,40,,
305,entry,2,,19,
305,entry,3,7,,
305,entry,4,90,,
305,entry,5,46,,
305,entry,6,8,,2
305,entry,7,19,,
305,entry,8,4,,5
305,entry,9,29,,
305,entry,10,57,,6
305,entry,13,48,,
305,entry,14,15,,1
305,entry,15,,64,3
305,entry,16,58,,
305,entry,17,70,,
305,entry,18,10,,
305,entry,19,,82,
305,entry,20,49,,
305,entry,24,37,,
305,entry,25,24,,
305,entry,26,20,,
305,entry,27,80,,
305,entry,28,50,,
305,entry,29,9,,4
305,entry,30,59,,
305,entry,35,28,,
305,entry,36,30,,
305,entry,37,13,,7
305,entry,38,60,,
305,entry,39,25,,
305,entry,40,69,,
305,entry,46,36,,
305,entry,47,,46,
305,entry,48,16,,
305,entry,49,18,,
305,entry,50,79,,8
305,entry,57,47,,
305,entry,58,38,,
305,entry,59,,55,
305,entry,60,3,,
305,entry,68,26,,
305,entry,69,6,,
305,entry,70,,37,
305,entry,79,39,,
305,entry,80,35,,
305,entry,90,68,,
305,start,2,27,,
305,start,3,17,,
305,start,4,14,,
305,start,5,2,,
305,start,6,,73,
305,start,7,,28,
305,start,8,5,,
305,start,9,0,,
306,entry,0,48,,
306,entry,2,38,,4
306,entry,3,37,,
306,entry,4,14,,8
306,entry,5,47,,
306,entry,6,50,,3
306,entry,7,,73,
306,entry,8,6,,
306,entry,9,4,,
306,entry,10,57,,
306,entry,13,,55,
306,entry,14,35,,7
306,entry,15,13,,
306,entry,16,,82,
306,entry,17,79,,
306,entry,18,60,,2
306,entry,19,29,,
306,entry,20,19,,
306,entry,24,18,,
306,entry,25,,46,
306,entry,26,36,,
306,entry,27,9,,
306,entry,28,68,,
306,entry,29,39,,
306,entry,30,17,,
306,entry,35,16,,
306,entry,36,5,,
306,entry,37,70,,
306,entry,38,69,,
306,entry,39,49,,
306,entry,40,27,,
306,entry,46,15,,
306,entry,47,,37,6
306,entry,48,80,,
306,entry,49,,19,
306,entry,50,0,,
306,entry,57,40,,
306,entry,58,,28,
306,entry,59,2,,
306,entry,60,10,,
306,entry,68,3,,
306,entry,69,46,,
306,entry,70,20,,1
306,entry,79,,64,
306,entry,80,25,,
306,entry,90,26,,
306,start,2,28,,5
306,start,3,58,,
306,start,4,30,,
306,start,5,90,,
306,start,6,7,,
306,start,7,59,,
306,start,8,8,,
306,start,9,24,,
307,entry,0,60,,
307,entry,2,50,,
307,entry,3,18,,
307,entry,4,38,,
307,entry,5,,28,
307,entry,6,,19,
307,entry,7,30,,
307,entry,8,46,,
307,entry,9,80,,
307,entry,10,70,,
307,entry,13,58,,
307,entry,14,6,,
307,entry,15,14,,
307,entry,16,2,,
307,entry,17,40,,
307,entry,18,,64,
307,entry,19,69,,
307,entry,20,29,,
307,entry,24,8,,
307,entry,25,48,,
307,entry,26,4,,
307,entry,27,0,,
307,entry,28,,37,
307,entry,29,,82,
307,entry,30,39,,
307,entry,35,24,,
307,entry,36,49,,
307,entry,37,36,,
307,entry,38,79,,2 4
307,entry,39,9,,
307,entry,40,26,,
307,entry,46,59,,1
307,entry,47,10,,3
307,entry,48,27,,5
307,entry,49,3,,
307,entry,50,28,,6
307,entry,57,47,,8
307,entry,58,7,,
307,entry,59,13,,
307,entry,60,25,,
307,entry,68,68,,
307,entry,69,19,,
307,entry,70,35,,
307,entry,79,,73,
307,entry,80,,55,
307,entry,90,,46,
307,start,2,5,,
307,start,3,17,,
307,start,4,37,,
307,start,5,15,,
307,start,6,16,,7
307,start,7,90,,
307,start,8,20,,
307,start,9,57,,
308,entry,0,,73,
308,entry,2,57,,
308,entry,3,13,,
308,entry,4,39,,
308,entry,5,37,,
308,entry,6,20,,
308,entry,7,8,,
308,entry,8,35,,
308,entry,9,14,,
308,entry,10,48,,
308,entry,13,50,,
308,entry,14,40,,
308,entry,15,68,,
308,entry,16,47,,
308,entry,17,18,,
308,entry,18,,55,
308,entry,19,16,,
308,entry,20,,19,
308,entry,24,90,,
308,entry,25,,82,
308,entry,26,36,,
308,entry,27,,28,6
308,entry,28,60,,
308,entry,29,27,,
308,entry,30,46,,
308,entry,35,30,,1
308,entry,36,,46,
308,entry,37,19,,
308,entry,38,70,,4
308,entry,39,15,,
308,entry,40,,64,
308,entry,46,38,,
308,entry,47,24,,3
308,entry,48,4,,
308,entry,49,25,,
308,entry,50,7,,
308,entry,57,80,,
308,entry,58,58,,
308,entry,59,59,,
308,entry,60,69,,
308,entry,68,6,,
308,entry,69,26,,
308,entry,70,79,,8
308,entry,79,2,,2
308,entry,80,3,,
308,entry,90,28,,5
308,start,2,29,,
308,start,3,10,,
308,start,4,17,,
308,start,5,,37,
308,start,6,49,,7
308,start,7,9,,
308,start,8,5,,
308,start,9,0,,
309,entry,0,39,,
309,entry,2,29,,
309,entry,3,15,,3
309,entry,4,13,,
309,entry,5,30,,
309,entry,6,18,,
309,entry,7,50,,
309,entry,8,68,,5
309,entry,9,35,,
309,entry,10,90,,
309,entry,13,57,,
309,entry,14,,64,
309,entry,15,2,,
309,entry,16,28,,
309,entry,17,60,,
309,entry,18,79,,
309,entry,19,,55,4
309,entry,20,58,,
309,entry,24,5,,
309,entry,25,,28,
309,entry,26,4,,1 7
309,entry,27,69,,
309,entry,28,,73,
309,entry,29,17,,6
309,entry,30,6,,
309,entry,35,3,,
309,entry,36,,82,
309,entry,37,80,,
309,entry,38,7,,
309,entry,39,46,,
309,entry,40,70,,
309,entry,46,9,,
309,entry,47,25,,2
309,entry,48,14,,8
309,entry,49,,37,
309,entry,50,19,,
309,entry,57,20,,
309,entry,58,37,,
309,entry,59,49,,
309,entry,60,26,,
309,entry,68,40,,
309,entry,69,59,,
309,entry,70,36,,
309,entry,79,,46,
309,entry,80,48,,
309,entry,90,27,,
309,start,2,38,,
309,start,3,10,,
309,start,4,47,,
309,start,5,16,,
309,start,6,,19,
309,start,7,0,,
309,start,8,8,,
309,start,9,24,,
310,entry,0,,73,
310,entry,2,80,,2 4
310,entry,3,17,,
310,entry,4,47,,8
310,entry,5,69,,
310,entry,6,13,,
310,entry,7,,82,
310,entry,8,6,,
310,entry,9,25,,6
310,entry,10,26,,
310,entry,13,18,,
310,entry,14,40,,
310,entry,15,16,,
310,entry,16,,37,
310,entry,17,68,,
310,entry,18,19,,1
310,entry,19,70,,3
310,entry,20,37,,
310,entry,24,7,,
310,entry,25,46,,
310,entry,26,4,,7
310,entry,27,49,,
310,entry,28,24,,
310,entry,29,58,,
310,entry,30,0,,
310,entry,35,79,,
310,entry,36,30,,
310,entry,37,29,,5
310,entry,38,,46,
310,entry,39,2,,
310,entry,40,,55,
310,entry,46,59,,
310,entry,47,14,,
310,entry,48,5,,
310,entry,49,,28,
310,entry,50,38,,
310,entry,57,9,,
310,entry,58,36,,
310,entry,59,3,,
310,entry,60,48,,
310,entry,68,28,,
310,entry,69,8,,
310,entry,70,10,,
310,entry,79,39,,
310,entry,80,90,,
310,entry,90,15,,
310,start,2,,19,
310,start,3,35,,
310,start,4,50,,
310,start,5,,64,
310,start,6,27,,
310,start,7,60,,
310,start,8,20,,
310,start,9,57,,
311,entry,0,19,,
311,entry,2,38,,
311,entry,3,46,,
311,entry,4,27,,5
311,entry,5,18,,
311,entry,6,9,,
311,entry,7,4,,
311,entry,8,10,,
311,entry,9,30,,
311,entry,10,70,,
311,entry,13,47,,
311,entry,14,26,,
311,entry,15,6,,
311,entry,16,80,,
311,entry,17,24,,
311,entry,18,14,,
311,entry,19,29,,
311,entry,20,,64,
311,entry,24,36,,
311,entry,25,16,,
311,entry,26,50,,
311,entry,27,,46,
311,entry,28,48,,
311,entry,29,39,,
311,entry,30,7,,7
311,entry,35,13,,
311,entry,36,60,,4
311,entry,37,3,,
311,entry,38,,19,
311,entry,39,49,,3
311,entry,40,15,,
311,entry,46,25,,
311,entry,47,17,,
311,entry,48,40,,
311,entry,49,68,,
311,entry,50,,82,
311,entry,57,35,,
311,entry,58,57,,6
311,entry,59,28,,
311,entry,60,69,,
311,entry,68,,37,
311,entry,69,90,,
311,entry,70,,55,2
311,entry,79,,73,1
311,entry,80,58,,
311,entry,90,20,,
311,start,2,79,,8
311,start,3,59,,
311,start,4,37,,
311,start,5,2,,
311,start,6,8,,
311,start,7,,28,
311,start,8,5,,
311,start,9,0,,
312,entry,0,,64,
312,entry,2,46,,
312,entry,3,70,,1
312,entry,4,,28,
312,entry,5,48,,
312,entry,6,29,,7
312,entry,7,10,,
312,entry,8,80,,
312,entry,9,68,,
312,entry,10,4,,
312,entry,13,20,,
312,entry,14,3,,
312,entry,15,9,,
312,entry,16,18,,
312,entry,17,,19,
312,entry,18,,73,6
312,entry,19,,55,
312,entry,20,14,,8
312,entry,24,13,,
312,entry,25,,37,
312,entry,26,90,,
312,entry,27,57,,
312,entry,28,40,,
312,entry,29,6,,
312,entry,30,,46,
312,entry,35,2,,
312,entry,36,26,,
312,entry,37,19,,
312,entry,38,50,,3
312,entry,39,37,,
312,entry,40,17,,
312,entry,46,,82,4
312,entry,47,38,,
312,entry,48,59,,
312,entry,49,47,,
312,entry,50,27,,
312,entry,57,7,,
312,entry,58,36,,
312,entry,59,49,,
312,entry,60,5,,
312,entry,68,0,,
312,entry,69,79,,
312,entry,70,15,,
312,entry,79,69,,
312,entry,80,39,,
312,entry,90,60,,2
312,start,2,28,,5
312,start,3,58,,
312,start,4,30,,
312,start,5,16,,
312,start,6,25,,
312,start,7,35,,
312,start,8,8,,
312,start,9,24,,
313,entry,0,,55,
313,entry,2,35,,
313,entry,3,28,,6
313,entry,4,29,,
313,entry,5,38,,
313,entry,6,24,,
313,entry,7,0,,
313,entry,8,14,,
313,entry,9,4,,
313,entry,10,,46,
313,entry,13,25,,
313,entry,14,39,,
313,entry,15,50,,
313,entry,16,3,,
313,entry,17,58,,
313,entry,18,13,,
313,entry,19,16,,
313,entry,20,,82,
313,entry,24,49,,
313,entry,25,60,,
313,entry,26,6,,
313,entry,27,68,,1 7
313,entry,28,,37,
313,entry,29,79,,
313,entry,30,30,,
313,entry,35,36,,
313,entry,36,8,,
313,entry,37,47,,8
313,entry,38,7,,3
313,entry,39,46,,2 4
313,entry,40,40,,
313,entry,46,18,,
313,entry,47,9,,
313,entry,48,2,,
313,entry,49,90,,5
313,entry,50,,64,
313,entry,57,,73,
313,entry,58,27,,
313,entry,59,26,,
313,entry,60,59,,
313,entry,68,37,,
313,entry,69,48,,
313,entry,70,69,,
313,entry,79,80,,
313,entry,80,19,,
313,entry,90,,28,
313,start,2,5,,
313,start,3,10,,
313,start,4,,19,
313,start,5,15,,
313,start,6,70,,
313,start,7,17,,
313,start,8,20,,
313,start,9,57,,
314,entry,0,15,,
314,entry,2,59,,
314,entry,3,20,,
314,entry,4,27,,
314,entry,5,6,,
314,entry,6,,55,
314,entry,7,80,,
314,entry,8,49,,
314,entry,9,,46,
314,entry,10,38,,
314,entry,13,47,,
314,entry,14,,82,3 7
314,entry,15,3,,
314,entry,16,,37,
314,entry,17,13,,
314,entry,18,57,,
314,entry,19,19,,
314,entry,20,46,,
314,entry,24,14,,
314,entry,25,9,,
314,entry,26,4,,4
314,entry,27,8,,
314,entry,28,,73,
314,entry,29,29,,
314,entry,30,,64,
314,entry,35,,28,6
314,entry,36,60,,
314,entry,37,25,,
314,entry,38,28,,5
314,entry,39,48,,
314,entry,40,7,,
314,entry,46,58,,
314,entry,47,2,,2
314,entry,48,70,,
314,entry,49,,19,
314,entry,50,30,,1
314,entry,57,35,,
314,entry,58,16,,
314,entry,59,69,,
314,entry,60,68,,
314,entry,68,36,,
314,entry,69,79,,8
314,entry,70,40,,
314,entry,79,10,,
314,entry,80,90,,
314,entry,90,24,,
314,start,2,37,,
314,start,3,39,,
314,start,4,26,,
314,start,5,50,,
314,start,6,18,,
314,start,7,17,,
314,start,8,5,,
314,start,9,0,,
315,entry,0,68,,5
315,entry,2,47,,
315,entry,3,3,,
315,entry,4,19,,6
315,entry,5,46,,
315,entry,6,,82,
315,entry,7,15,,3
315,entry,8,30,,
315,entry,9,39,,
315,entry,10,60,,
315,entry,13,13,,
315,entry,14,80,,
315,entry,15,7,,
315,entry,16,70,,
315,entry,17,59,,
315,entry,18,35,,
315,entry,19,25,,2
315,entry,20,,37,
315,entry,24,17,,
315,entry,25,57,,
315,entry,26,,46,
315,entry,27,2,,
315,entry,28,,55,
315,entry,29,20,,
315,entry,30,,19,
315,entry,35,,73,4
315,entry,36,79,,
315,entry,37,,28,
315,entry,38,6,,
315,entry,39,18,,
315,entry,40,26,,
315,entry,46,69,,
315,entry,47,40,,
315,entry,48,16,,
315,entry,49,28,,
315,entry,50,37,,
315,entry,57,,64,
315,entry,58,90,,
315,entry,59,27,,1 7
315,entry,60,38,,
315,entry,68,5,,
315,entry,69,4,,
315,entry,70,48,,
315,entry,79,14,,8
315,entry,80,58,,
315,entry,90,29,,
315,start,2,36,,
315,start,3,10,,
315,start,4,49,,
315,start,5,9,,
315,start,6,50,,
315,start,7,0,,
315,start,8,8,,
315,start,9,24,,
316,entry,0,10,,
316,entry,2,0,,
316,entry,3,38,,
316,entry,4,17,,
316,entry,5,8,,
316,entry,6,,64,
316,entry,7,,46,
316,entry,8,69,,
316,entry,9,16,,
316,entry,10,90,,7
316,entry,13,27,,
316,entry,14,,19,
316,entry,15,18,,
316,entry,16,29,,5
316,entry,17,5,,
316,entry,18,46,,
316,entry,19,58,,
316,entry,20,36,,
316,entry,24,3,,
316,entry,25,79,,
316,entry,26,14,,
316,entry,27,,28,
316,entry,28,,73,
316,entry,29,68,,
316,entry,30,80,,2 4
316,entry,35,7,,
316,entry,36,9,,
316,entry,37,28,,
316,entry,38,39,,
316,entry,39,15,,
316,entry,40,37,,
316,entry,46,6,,
316,entry,47,,82,
316,entry,48,47,,8
316,entry,49,25,,6
316,entry,50,2,,
316,entry,57,,55,
316,entry,58,19,,1
316,entry,59,70,,3
316,entry,60,26,,
316,entry,68,24,,
316,entry,69,35,,
316,entry,70,48,,
316,entry,79,59,,
316,entry,80,,37,
316,entry,90,4,,
316,start,2,49,,
316,start,3,40,,
316,start,4,50,,
316,start,5,13,,
316,start,6,30,,
316,start,7,60,,
316,start,8,20,,
316,start,9,57,,
317,entry,0,36,,
317,entry,2,14,,
317,entry,3,16,,
317,entry,4,69,,
317,entry,5,8,,
317,entry,6,24,,
317,entry,7,59,,
317,entry,8,29,,
317,entry,9,90,,
317,entry,10,27,,2
317,entry,13,47,,
317,entry,14,,82,
317,entry,15,,55,
317,entry,16,,46,
317,entry,17,9,,
317,entry,18,39,,
317,entry,19,7,,1
317,entry,20,58,,
317,entry,24,6,,
317,entry,25,26,,
317,entry,26,19,,
317,entry,27,37,,
317,entry,28,70,,7
317,entry,29,49,,
317,entry,30,20,,
317,entry,35,38,,
317,entry,36,13,,5
317,entry,37,68,,4
317,entry,38,15,,
317,entry,39,60,,
317,entry,40,30,,
317,entry,46,,73,
317,entry,47,25,,
317,entry,48,3,,
317,entry,49,48,,
317,entry,50,79,,8
317,entry,57,18,,
317,entry,58,80,,
317,entry,59,,19,
317,entry,60,10,,
317,entry,68,35,,
317,entry,69,40,,
317,entry,70,50,,3
317,entry,79,57,,6
317,entry,80,4,,
317,entry,90,28,,
317,start,2,46,,
317,start,3,,64,
317,start,4,,37,
317,start,5,2,,
317,start,6,17,,
317,start,7,,28,
317,start,8,5,,
317,start,9,0,,
318,entry,0,16,,
318,entry,2,6,,
318,entry,3,4,,
318,entry,4,19,,
318,entry,5,35,,
318,entry,6,37,,
318,entry,7,39,,
318,entry,8,18,,
318,entry,9,15,,
318,entry,10,90,,
318,entry,13,14,,8
318,entry,14,60,,2
318,entry,15,,55,
318,entry,16,47,,
318,entry,17,0,,
318,entry,18,49,,
318,entry,19,25,,
318,entry,20,79,,
318,entry,24,68,,
318,entry,25,,64,
318,entry,26,,28,
318,entry,27,10,,
318,entry,28,38,,
318,entry,29,59,,
318,entry,30,70,,
318,entry,35,7,,
318,entry,36,3,,
318,entry,37,20,,
318,entry,38,69,,4
318,entry,39,17,,
318,entry,40,5,,
318,entry,46,13,,
318,entry,47,46,,1
318,entry,48,48,,
318,entry,49,57,,
318,entry,50,27,,6
318,entry,57,26,,
318,entry,58,80,,
318,entry,59,29,,
318,entry,60,40,,
318,entry,68,2,,
318,entry,69,9,,
318,entry,70,50,,3
318,entry,79,,73,7
318,entry,80,,19,
318,entry,90,36,,
318,start,2,28,,5
318,start,3,58,,
318,start,4,30,,
318,start,5,,46,
318,start,6,,82,
318,start,7,,37,
318,start,8,8,,
318,start,9,24,,
319,entry,0,4,,
319,entry,2,,46,
319,entry,3,35,,
319,entry,4,,64,
319,entry,5,60,,
319,entry,6,6,,
319,entry,7,40,,1
319,entry,8,79,,
319,entry,9,70,,
319,entry,10,,19,
319,entry,13,,55,
319,entry,14,28,,6
319,entry,15,9,,
319,entry,16,8,,
319,entry,17,,37,
319,entry,18,2,,3
319,entry,19,90,,2 4
319,entry,20,7,,
319,entry,24,25,,
319,entry,25,29,,
319,entry,26,18,,
319,entry,27,16,,
319,entry,28,48,,
319,entry,29,,73,5
319,entry,30,17,,
319,entry,35,39,,
319,entry,36,36,,
319,entry,37,26,,
319,entry,38,3,,
319,entry,39,,82,
319,entry,40,27,,
319,entry,46,50,,
319,entry,47,24,,
319,entry,48,13,,
319,entry,49,46,,7
319,entry,50,37,,
319,entry,57,68,,
319,entry,58,80,,
319,entry,59,49,,
319,entry,60,19,,
319,entry,68,30,,
319,entry,69,59,,
319,entry,70,58,,
319,entry,79,69,,
319,entry,80,0,,
319,entry,90,10,,
319,start,2,5,,
319,start,3,47,,8
319,start,4,38,,
319,start,5,15,,
319,start,6,14,,
319,start,7,,28,
319,start,8,20,,
319,start,9,57,,
320,entry,0,,37,
320,entry,2,13,,
320,entry,3,70,,
320,entry,4,,19,
320,entry,5,46,,
320,entry,6,30,,1
320,entry,7,59,,7
320,entry,8,79,,8
320,entry,9,35,,
320,entry,10,28,,5
320,entry,13,80,,
320,entry,14,15,,
320,entry,15,,64,
320,entry,16,49,,
320,entry,17,3,,
320,entry,18,,28,6
320,entry,19,,55,
320,entry,20,24,,
320,entry,24,25,,
320,entry,25,7,,
320,entry,26,40,,
320,entry,27,38,,
320,entry,28,29,,
320,entry,29,18,,
320,entry,30,16,,
320,entry,35,48,,
320,entry,36,90,,
320,entry,37,68,,
320,entry,38,10,,3
320,entry,39,,46,4
320,entry,40,37,,
320,entry,46,36,,
320,entry,47,,82,
320,entry,48,26,,
320,entry,49,14,,
320,entry,50,,73,
320,entry,57,9,,
320,entry,58,20,,
320,entry,59,58,,
320,entry,60,8,,
320,entry,68,47,,
320,entry,69,6,,
320,entry,70,60,,
320,entry,79,17,,
320,entry,80,69,,
320,entry,90,2,,2
320,start,2,39,,
320,start,3,50,,
320,start,4,27,,
320,start,5,4,,
320,start,6,57,,
320,start,7,19,,
320,start,8,5,,
320,start,9,0,,
321,entry,0,58,,
321,entry,2,47,,1 7
321,entry,3,18,,
321,entry,4,,64,
321,entry,5,,28,
321,entry,6,38,,
321,entry,7,60,,
321,entry,8,40,,
321,entry,9,80,,
321,entry,10,49,,
321,entry,13,28,,
321,entry,14,25,,2
321,entry,15,26,,
321,entry,16,48,,
321,entry,17,37,,
321,entry,18,50,,
321,entry,19,3,,
321,entry,20,30,,
321,entry,24,20,,
321,entry,25,36,,
321,entry,26,,46,
321,entry,27,,37,
321,entry,28,79,,
321,entry,29,13,,
321,entry,30,6,,
321,entry,35,46,,
321,entry,36,35,,
321,entry,37,4,,
321,entry,38,,19,
321,entry,39,7,,
321,entry,40,16,,
321,entry,46,2,,
321,entry,47,,73,
321,entry,48,,82,
321,entry,49,90,,
321,entry,50,17,,
321,entry,57,68,,5
321,entry,58,9,,4
321,entry,59,19,,
321,entry,60,27,,
321,entry,68,39,,6
321,entry,69,70,,
321,entry,70,14,,8
321,entry,79,59,,
321,entry,80,5,,
321,entry,90,15,,3
321,start,2,,55,
321,start,3,10,,
321,start,4,69,,
321,start,5,29,,
321,start,6,57,,
321,start,7,0,,
321,start,8,8,,
321,start,9,24,,
322,entry,0,4,,
322,entry,2,39,,
322,entry,3,,19,
322,entry,4,10,,
322,entry,5,7,,
322,entry,6,46,,
322,entry,7,38,,
322,entry,8,3,,
322,entry,9,29,,5
322,entry,10,19,,1
322,entry,13,16,,
322,entry,14,27,,
322,entry,15,15,,
322,entry,16,40,,
322,entry,17,26,,
322,entry,18,58,,
322,entry,19,14,,
322,entry,20,24,,
322,entry,24,37,,
322,entry,25,25,,6
322,entry,26,79,,
322,entry,27,80,,2 4
322,entry,28,59,,
322,entry,29,9,,
322,entry,30,,46,
322,entry,35,70,,3
322,entry,36,0,,
322,entry,37,,37,
322,entry,38,36,,
322,entry,39,2,,
322,entry,40,5,,
322,entry,46,,64,
322,entry,47,68,,
322,entry,48,13,,
322,entry,49,6,,
322,entry,50,49,,
322,entry,57,90,,
322,entry,58,47,,8
322,entry,59,8,,
322,entry,60,28,,
322,entry,68,,73,
322,entry,69,18,,
322,entry,70,,82,
322,entry,79,,28,
322,entry,80,35,,
322,entry,90,,55,
322,start,2,17,,
322,start,3,30,,
322,start,4,50,,
322,start,5,69,,
322,start,6,48,,7
322,start,7,60,,
322,start,8,20,,
322,start,9,57,,
323,entry,0,19,,
323,entry,2,,46,
323,entry,3,68,,
323,entry,4,18,,
323,entry,5,37,,
323,entry,6,24,,
323,entry,7,,19,
323,entry,8,80,,
323,entry,9,,55,
323,entry,10,29,,
323,entry,13,60,,5
323,entry,14,15,,
323,entry,15,7,,
323,entry,16,3,,
323,entry,17,40,,
323,entry,18,28,,
323,entry,19,10,,2 7
323,entry,20,8,,
323,entry,24,,73,
323,entry,25,17,,4
323,entry,26,50,,
323,entry,27,57,,6
323,entry,28,90,,
323,entry,29,58,,
323,entry,30,38,,
323,entry,35,25,,
323,entry,36,35,,
323,entry,37,,82,
323,entry,38,69,,1
323,entry,39,20,,
323,entry,40,36,,
323,entry,46,47,,
323,entry,47,9,,
323,entry,48,16,,
323,entry,49,30,,
323,entry,50,27,,
323,entry,57,14,,
323,entry,58,4,,
323,entry,59,46,,
323,entry,60,39,,
323,entry,68,48,,
323,entry,69,,64,
323,entry,70,49,,
323,entry,79,,37,3
323,entry,80,59,,
323,entry,90,13,,
323,start,2,6,,
323,start,3,26,,
323,start,4,70,,
323,start,5,2,,
323,start,6,79,,8
323,start,7,,28,
323,start,8,5,,
323,start,9,0,,
324,entry,0,,82,
324,entry,2,35,,
324,entry,3,3,,
324,entry,4,80,,
324,entry,5,27,,
324,entry,6,10,,
324,entry,7,57,,7
324,entry,8,,73,
324,entry,9,79,,
324,entry,10,9,,
324,entry,13,,46,
324,entry,14,2,,
324,entry,15,37,,1
324,entry,16,,19,
324,entry,17,18,,
324,entry,18,38,,
324,entry,19,,64,
324,entry,20,70,,
324,entry,24,,28,
324,entry,25,59,,
324,entry,26,15,,
324,entry,27,39,,
324,entry,28,49,,
324,entry,29,7,,
324,entry,30,60,,2
324,entry,35,69,,
324,entry,36,25,,
324,entry,37,29,,
324,entry,38,16,,
324,entry,39,17,,6
324,entry,40,68,,
324,entry,46,26,,
324,entry,47,0,,4
324,entry,48,47,,
324,entry,49,40,,
324,entry,50,,37,
324,entry,57,48,,
324,entry,58,5,,
324,entry,59,50,,3
324,entry,60,4,,
324,entry,68,90,,
324,entry,69,46,,
324,entry,70,,55,
324,entry,79,36,,
324,entry,80,6,,
324,entry,90,20,,
324,start,2,28,,5
324,start,3,58,,
324,start,4,30,,
324,start,5,14,,8
324,start,6,19,,
324,start,7,13,,
324,start,8,8,,
324,start,9,24,,
325,entry,0,16,,5
325,entry,2,38,,2 4
325,entry,3,3,,
325,entry,4,19,,
325,entry,5,,73,
325,entry,6,35,,
325,entry,7,,37,
325,entry,8,,64,
325,entry,9,59,,
325,entry,10,13,,
325,entry,13,0,,
325,entry,14,46,,
325,entry,15,,82,
325,entry,16,,55,
325,entry,17,29,,
325,entry,18,6,,
325,entry,19,10,,
325,entry,20,17,,
325,entry,24,,28,
325,entry,25,9,,
325,entry,26,,46,
325,entry,27,39,,
325,entry,28,8,,
325,entry,29,27,,
325,entry,30,,19,7
325,entry,35,79,,
325,entry,36,70,,
325,entry,37,2,,
325,entry,38,18,,
325,entry,39,37,,1
325,entry,40,30,,
325,entry,46,47,,8
325,entry,47,28,,6
325,entry,48,7,,
325,entry,49,69,,
325,entry,50,40,,
325,entry,57,25,,
325,entry,58,50,,
325,entry,59,80,,
325,entry,60,48,,
325,entry,68,60,,
325,entry,69,14,,
325,entry,70,58,,3
325,entry,79,24,,
325,entry,80,36,,
325,entry,90,49,,
325,start,2,5,,
325,start,3,4,,
325,start,4,26,,
325,start,5,15,,
325,start,6,90,,
325,start,7,68,,
325,start,8,20,,
325,start,9,57,,
326,entry,0,,37,
326,entry,2,38,,
326,entry,3,9,,
326,entry,4,70,,
326,entry,5,15,,
326,entry,6,60,,4
326,entry,7,59,,
326,entry,8,18,,
326,entry,9,,64,
326,entry,10,4,,
326,entry,13,68,,
326,entry,14,20,,
326,entry,15,,28,6
326,entry,16,39,,
326,entry,17,,82,
326,entry,18,28,,5
326,entry,19,48,,
326,entry,20,14,,
326,entry,24,47,,
326,entry,25,,46,
326,entry,26,58,,
326,entry,27,2,,2
326,entry,28,49,,
326,entry,29,,19,
326,entry,30,30,,1
326,entry,35,25,,3
326,entry,36,6,,
326,entry,37,35,,
326,entry,38,16,,
326,entry,39,19,,
326,entry,40,36,,
326,entry,46,46,,7
326,entry,47,,55,
326,entry,48,13,,
326,entry,49,37,,
326,entry,50,40,,
326,entry,57,50,,
326,entry,58,79,,8
326,entry,59,57,,
326,entry,60,90,,
326,entry,68,10,,
326,entry,69,,73,
326,entry,70,7,,
326,entry,79,8,,
326,entry,80,17,,
326,entry,90,3,,
326,start,2,26,,
326,start,3,27,,
326,start,4,80,,
326,start,5,29,,
326,start,6,69,,
326,start,7,24,,
326,start,8,5,,
326,start,9,0,,
327,entry,0,80,,
327,entry,2,69,,
327,entry,3,60,,
327,entry,4,28,,
327,entry,5,48,,
327,entry,6,46,,
327,entry,7,13,,
327,entry,8,,37,
327,entry,9,26,,
327,entry,10,90,,
327,entry,13,30,,
327,entry,14,,28,1 7
327,entry,15,25,,2
327,entry,16,,64,
327,entry,17,68,,5
327,entry,18,4,,4
327,entry,19,14,,8
327,entry,20,,19,
327,entry,24,50,,
327,entry,25,20,,
327,entry,26,7,,
327,entry,27,6,,
327,entry,28,35,,6
327,entry,29,70,,
327,entry,30,79,,
327,entry,35,18,,
327,entry,36,3,,
327,entry,37,40,,
327,entry,38,59,,
327,entry,39,29,,
327,entry,40,5,,
327,entry,46,38,,
327,entry,47,27,,
327,entry,48,2,,
327,entry,49,39,,
327,entry,50,15,,3
327,entry,57,37,,
327,entry,58,9,,
327,entry,59,49,,
327,entry,60,17,,
327,entry,68,19,,
327,entry,69,57,,
327,entry,70,,73,
327,entry,79,36,,
327,entry,80,,82,
327,entry,90,58,,
327,start,2,47,,
327,start,3,10,,
327,start,4,16,,
327,start,5,,46,
327,start,6,,55,
327,start,7,0,,
327,start,8,8,,
327,start,9,24,,
328,entry,0,59,,
328,entry,2,70,,3
328,entry,3,15,,
328,entry,4,49,,
328,entry,5,13,,
328,entry,6,4,,
328,entry,7,79,,
328,entry,8,9,,
328,entry,9,5,,
328,entry,10,48,,
328,entry,13,25,,6
328,entry,14,47,,8
328,entry,15,37,,
328,entry,16,16,,
328,entry,17,90,,
328,entry,18,36,,
328,entry,19,10,,
328,entry,20,58,,
328,entry,24,,73,
328,entry,25,18,,
328,entry,26,80,,2 4
328,entry,27,27,,
328,entry,28,46,,
328,entry,29,28,,
328,entry,30,26,,
328,entry,35,68,,
328,entry,36,3,,
328,entry,37,,28,
328,entry,38,,64,
328,entry,39,,82,
328,entry,40,,55,
328,entry,46,0,,
328,entry,47,17,,
328,entry,48,7,,
328,entry,49,69,,7
328,entry,50,39,,
328,entry,57,,37,
328,entry,58,40,,
328,entry,59,30,,
328,entry,60,35,,
328,entry,68,2,,
328,entry,69,29,,5
328,entry,70,19,,1
328,entry,79,14,,
328,entry,80,24,,
328,entry,90,,46,
328,start,2,38,,
328,start,3,8,,
328,start,4,50,,
328,start,5,,19,
328,start,6,6,,
328,start,7,60,,
328,start,8,20,,
328,start,9,57,,
329,entry,0,3,,
329,entry,2,9,,7
329,entry,3,46,,
329,entry,4,40,,
329,entry,5,60,,
329,entry,6,37,,3
329,entry,7,13,,2
329,entry,8,7,,
329,entry,9,69,,
329,entry,10,19,,
329,entry,13,,82,
329,entry,14,57,,6
329,entry,15,68,,
329,entry,16,49,,
329,entry,17,58,,
329,entry,18,24,,
329,entry,19,26,,
329,entry,20,35,,
329,entry,24,36,,
329,entry,25,48,,
329,entry,26,28,,
329,entry,27,20,,
329,entry,28,,55,
329,entry,29,29,,5
329,entry,30,,64,
329,entry,35,,19,
329,entry,36,90,,
329,entry,37,30,,
329,entry,38,6,,
329,entry,39,15,,
329,entry,40,,46,
329,entry,46,47,,1
329,entry,47,17,,
329,entry,48,16,,
329,entry,49,,73,
329,entry,50,4,,
329,entry,57,27,,
329,entry,58,59,,
329,entry,59,8,,
329,entry,60,14,,4
329,entry,68,10,,
329,entry,69,79,,8
329,entry,70,25,,
329,entry,79,38,,
329,entry,80,18,,
329,entry,90,,37,
329,start,2,50,,
329,start,3,70,,
329,start,4,39,,
329,start,5,2,,
329,start,6,80,,
329,start,7,,28,
329,start,8,5,,
329,start,9,0,,
330,entry,0,37,,
330,entry,2,,55,
330,entry,3,,46,
330,entry,4,59,,
330,entry,5,5,,
330,entry,6,90,,4
330,entry,7,4,,
330,entry,8,10,,
330,entry,9,,73,
330,entry,10,47,,
330,entry,13,35,,
330,entry,14,38,,
330,entry,15,15,,
330,entry,16,48,,
330,entry,17,13,,
330,entry,18,36,,
330,entry,19,0,,
330,entry,20,19,,
330,entry,24,3,,
330,entry,25,25,,
330,entry,26,,19,
330,entry,27,49,,7
330,entry,28,,64,
330,entry,29,79,,
330,entry,30,29,,
330,entry,35,26,,1
330,entry,36,14,,8
330,entry,37,18,,
330,entry,38,7,,
330,entry,39,20,,
330,entry,40,,37,
330,entry,46,70,,
330,entry,47,2,,
330,entry,48,,28,
330,entry,49,46,,
330,entry,50,60,,2
330,entry,57,80,,
330,entry,58,,82,
330,entry,59,9,,6
330,entry,60,68,,
330,entry,68,39,,
330,entry,69,40,,
330,entry,70,16,,
330,entry,79,50,,3
330,entry,80,17,,
330,entry,90,57,,
330,start,2,28,,5
330,start,3,58,,
330,start,4,30,,
330,start,5,27,,
330,start,6,69,,
330,start,7,6,,
330,start,8,8,,
330,start,9,24,,
331,entry,0,29,,
331,entry,2,14,,
331,entry,3,50,,
331,entry,4,8,,
331,entry,5,0,,
331,entry,6,30,,
331,entry,7,37,,
331,entry,8,7,,7
331,entry,9,26,,
331,entry,10,39,,
331,entry,13,60,,
331,entry,14,18,,
331,entry,15,24,,
331,entry,16,,19,
331,entry,17,47,,8
331,entry,18,2,,2 4
331,entry,19,36,,
331,entry,20,17,,
331,entry,24,10,,
331,entry,25,59,,
331,entry,26,,82,1
331,entry,27,3,,3
331,entry,28,48,,5
331,entry,29,46,,
331,entry,30,28,,6
331,entry,35,6,,
331,entry,36,16,,
331,entry,37,68,,
331,entry,38,80,,
331,entry,39,,64,
331,entry,40,25,,
331,entry,46,79,,
331,entry,47,,37,
331,entry,48,90,,
331,entry,49,19,,
331,entry,50,35,,
331,entry,57,4,,
331,entry,58,,28,
331,entry,59,49,,
331,entry,60,,55,
331,entry,68,27,,
331,entry,69,,73,
331,entry,70,,46,
331,entry,79,70,,
331,entry,80,69,,
331,entry,90,9,,
331,start,2,5,,
331,start,3,38,,
331,start,4,58,,
331,start,5,15,,
331,start,6,40,,
331,start,7,13,,
331,start,8,20,,
331,start,9,57,,
332,entry,0,27,,7
332,entry,2,,55,
332,entry,3,2,,2
332,entry,4,37,,
332,entry,5,10,,
332,entry,6,80,,
332,entry,7,49,,
332,entry,8,36,,
332,entry,9,25,,
332,entry,10,15,,4
332,entry,13,35,,
332,entry,14,68,,
332,entry,15,16,,
332,entry,16,13,,
332,entry,17,59,,
332,entry,18,30,,1
332,entry,19,20,,
332,entry,20,79,,8
332,entry,24,18,,
332,entry,25,24,,
332,entry,26,,37,
332,entry,27,48,,
332,entry,28,17,,
332,entry,29,47,,
332,entry,30,58,,
332,entry,35,3,,
332,entry,36,4,,
332,entry,37,,19,
332,entry,38,40,,
332,entry,39,50,,
332,entry,40,6,,
332,entry,46,28,,5
332,entry,47,60,,
332,entry,48,90,,
332,entry,49,8,,
332,entry,50,19,,
332,entry,57,70,,
332,entry,58,29,,
332,entry,59,38,,
332,entry,60,57,,
332,entry,68,39,,
332,entry,69,,46,
332,entry,70,,28,6
332,entry,79,26,,
332,entry,80,,64,
332,entry,90,,73,3
332,start,2,7,,
332,start,3,9,,
332,start,4,14,,
332,start,5,69,,
332,start,6,,82,
332,start,7,46,,
332,start,8,5,,
332,start,9,0,,
333,entry,0,3,,
333,entry,2,,28,
333,entry,3,79,,
333,entry,4,47,,
333,entry,5,4,,
333,entry,6,19,,
333,entry,7,59,,
333,entry,8,60,,
333,entry,9,38,,
333,entry,10,37,,
333,entry,13,16,,
333,entry,14,57,,4
333,entry,15,14,,8
333,entry,16,36,,
333,entry,17,5,,
333,entry,18,13,,
333,entry,19,48,,
333,entry,20,68,,5
333,entry,24,9,,6
333,entry,25,26,,
333,entry,26,,73,
333,entry,27,15,,3
333,entry,28,30,,
333,entry,29,58,,
333,entry,30,40,,
333,entry,35,46,,
333,entry,36,70,,
333,entry,37,49,,
333,entry,38,,46,
333,entry,39,25,,2
333,entry,40,50,,
333,entry,46,,37,
333,entry,47,,19,
333,entry,48,35,,
333,entry,49,20,,
333,entry,50,69,,
333,entry,57,2,,
333,entry,58,,55,
333,entry,59,18,,
333,entry,60,80,,
333,entry,68,6,,
333,entry,69,28,,
333,entry,70,,64,
333,entry,79,17,,1 7
333,entry,80,7,,
333,entry,90,27,,
333,start,2,90,,
333,start,3,10,,
333,start,4,39,,
333,start,5,,82,
333,start,6,29,,
333,start,7,0,,
333,start,8,8,,
333,start,9,24,,
334,entry,0,5,,
334,entry,2,,46,
334,entry,3,19,,1
334,entry,4,6,,
334,entry,5,,28,
334,entry,6,46,,
334,entry,7,58,,
334,entry,8,16,,
334,entry,9,47,,8
334,entry,10,68,,
334,entry,13,24,,
334,entry,14,39,,
334,entry,15,17,,
334,entry,16,,64,
334,entry,17,10,,
334,entry,18,30,,
334,entry,19,,73,
334,entry,20,28,,
334,entry,24,,19,
334,entry,25,27,,
334,entry,26,15,,
334,entry,27,36,,
334,entry,28,40,,
334,entry,29,38,,7
334,entry,30,,82,
334,entry,35,18,,
334,entry,36,25,,6
334,entry,37,35,,
334,entry,38,69,,
334,entry,39,,37,
334,entry,40,3,,
334,entry,46,70,,3
334,entry,47,,55,
334,entry,48,8,,
334,entry,49,4,,
334,entry,50,13,,
334,entry,57,2,,
334,entry,58,80,,2 4
334,entry,59,48,,
334,entry,60,29,,5
334,entry,68,90,,
334,entry,69,49,,
334,entry,70,14,,
334,entry,79,26,,
334,entry,80,9,,
334,entry,90,37,,
334,start,2,7,,
334,start,3,0,,
334,start,4,50,,
334,start,5,59,,
334,start,6,79,,
334,start,7,60,,
334,start,8,20,,
334,start,9,57,,
335,entry,0,18,,
335,entry,2,25,,
335,entry,3,13,,
335,entry,4,35,,
335,entry,5,47,,
335,entry,6,,19,
335,entry,7,28,,
335,entry,8,58,,
335,entry,9,,73,
335,entry,10,,64,
335,entry,13,,37,4
335,entry,14,15,,
335,entry,15,60,,
335,entry,16,40,,
335,entry,17,90,,
335,entry,18,20,,
335,entry,19,4,,
335,entry,20,7,,
335,entry,24,14,,
335,entry,25,3,,
335,entry,26,57,,6
335,entry,27,10,,1
335,entry,28,30,,
335,entry,29,59,,
335,entry,30,24,,
335,entry,35,,82,
335,entry,36,,46,
335,entry,37,68,,7
335,entry,38,8,,
335,entry,39,69,,
335,entry,40,9,,5
335,entry,46,26,,
335,entry,47,16,,
335,entry,48,,55,
335,entry,49,79,,8
335,entry,50,70,,
335,entry,57,48,,
335,entry,58,6,,3
335,entry,59,39,,
335,entry,60,80,,
335,entry,68,29,,
335,entry,69,27,,
335,entry,70,49,,
335,entry,79,46,,2
335,entry,80,17,,
335,entry,90,38,,
335,start,2,37,,
335,start,3,50,,
335,start,4,19,,
335,start,5,2,,
335,start,6,36,,
335,start,7,,28,
335,start,8,5,,
335,start,9,0,,
336,entry,0,47,,
336,entry,2,27,,
336,entry,3,17,,4
336,entry,4,18,,
336,entry,5,3,,
336,entry,6,36,,
336,entry,7,5,,
336,entry,8,68,,
336,entry,9,,73,
336,entry,10,0,,
336,entry,13,48,,
336,entry,14,,55,
336,entry,15,35,,
336,entry,16,25,,
336,entry,17,15,,
336,entry,18,19,,
336,entry,19,,82,
336,entry,20,10,,
336,entry,24,16,,
336,entry,25,14,,8
336,entry,26,26,,
336,entry,27,,19,6
336,entry,28,29,,
336,entry,29,49,,
336,entry,30,20,,
336,entry,35,13,,7
336,entry,36,6,,
336,entry,37,40,,
336,entry,38,69,,
336,entry,39,59,,
336,entry,40,46,,
336,entry,46,90,,
336,entry,47,50,,3
336,entry,48,80,,
336,entry,49,7,,
336,entry,50,,64,1
336,entry,57,70,,
336,entry,58,37,,
336,entry,59,,37,
336,entry,60,2,,
336,entry,68,79,,
336,entry,69,,46,
336,entry,70,,28,
336,entry,79,60,,2
336,entry,80,4,,
336,entry,90,57,,
336,start,2,28,,5
336,start,3,58,,
336,start,4,30,,
336,start,5,39,,
336,start,6,38,,
336,start,7,9,,
336,start,8,8,,
336,start,9,24,,
337,entry,0,9,,
337,entry,2,,37,
337,entry,3,79,,
337,entry,4,3,,
337,entry,5,48,,
337,entry,6,28,,6
337,entry,7,50,,
337,entry,8,70,,
337,entry,9,69,,
337,entry,10,13,,2 4
337,entry,13,40,,
337,entry,14,,82,
337,entry,15,,19,
337,entry,16,25,,
337,entry,17,60,,
337,entry,18,24,,
337,entry,19,26,,
337,entry,20,49,,5
337,entry,24,19,,
337,entry,25,2,,
337,entry,26,35,,
337,entry,27,38,,
337,entry,28,0,,
337,entry,29,36,,
337,entry,30,,73,
337,entry,35,,28,
337,entry,36,,55,
337,entry,37,29,,
337,entry,38,6,,
337,entry,39,,64,
337,entry,40,14,,
337,entry,46,,46,
337,entry,47,39,,
337,entry,48,8,,
337,entry,49,10,,
337,entry,50,17,,
337,entry,57,47,,8
337,entry,58,18,,
337,entry,59,90,,1
337,entry,60,27,,
337,entry,68,80,,
337,entry,69,46,,
337,entry,70,37,,7
337,entry,79,58,,
337,entry,80,30,,
337,entry,90,4,,3
337,start,2,5,,
337,start,3,68,,
337,start,4,59,,
337,start,5,15,,
337,start,6,7,,
337,start,7,16,,
337,start,8,20,,
337,start,9,57,,
338,entry,0,29,,
338,entry,2,13,,
338,entry,3,4,,
338,entry,4,50,,
338,entry,5,60,,
338,entry,6,48,,
338,entry,7,40,,
338,entry,8,69,,
338,entry,9,49,,
338,entry,10,2,,2
338,entry,13,14,,
338,entry,14,16,,
338,entry,15,70,,
338,entry,16,,19,
338,entry,17,90,,
338,entry,18,38,,
338,entry,19,,28,6
338,entry,20,35,,
338,entry,24,,46,
338,entry,25,80,,
338,entry,26,,73,
338,entry,27,68,,
338,entry,28,26,,
338,entry,29,7,,
338,entry,30,,55,
338,entry,35,28,,5
338,entry,36,8,,
338,entry,37,37,,7
338,entry,38,36,,
338,entry,39,59,,3
338,entry,40,,82,
338,entry,46,18,,
338,entry,47,15,,
338,entry,48,46,,
338,entry,49,3,,
338,entry,50,9,,4
338,entry,57,25,,
338,entry,58,30,,1
338,entry,59,20,,
338,entry,60,10,,
338,entry,68,27,,
338,entry,69,47,,
338,entry,70,58,,
338,entry,79,57,,
338,entry,80,6,,
338,entry,90,39,,
338,start,2,17,,
338,start,3,19,,
338,start,4,24,,
338,start,5,79,,8
338,start,6,,37,
338,start,7,,64,
338,start,8,5,,
338,start,9,0,,
339,entry,0,7,,
339,entry,2,,64,
339,entry,3,57,,
339,entry,4,17,,
339,entry,5,2,,6
339,entry,6,26,,
339,entry,7,37,,
339,entry,8,19,,
339,entry,9,28,,
339,entry,10,,28,
339,entry,13,79,,
339,entry,14,59,,
339,entry,15,36,,
339,entry,16,38,,
339,entry,17,48,,
339,entry,18,46,,
339,entry,19,39,,1 7
339,entry,20,3,,
339,entry,24,68,,5
339,entry,25,29,,
339,entry,26,58,,
339,entry,27,90,,
339,entry,28,5,,
339,entry,29,4,,
339,entry,30,40,,
339,entry,35,16,,
339,entry,36,69,,
339,entry,37,70,,
339,entry,38,15,,3
339,entry,39,14,,8
339,entry,40,50,,
339,entry,46,80,,4
339,entry,47,,46,
339,entry,48,,37,
339,entry,49,30,,
339,entry,50,60,,
339,entry,57,35,,
339,entry,58,,55,
339,entry,59,,73,
339,entry,60,27,,
339,entry,68,6,,
339,entry,69,,82,
339,entry,70,25,,2
339,entry,79,9,,
339,entry,80,20,,
339,entry,90,18,,
339,start,2,49,,
339,start,3,10,,
339,start,4,13,,
339,start,5,,19,
339,start,6,47,,
339,start,7,0,,
339,start,8,8,,
339,start,9,24,,
340,entry,0,36,,
340,entry,2,26,,
340,entry,3,48,,
340,entry,4,9,,
340,entry,5,30,,
340,entry,6,,46,
340,entry,7,47,,8
340,entry,8,69,,
340,entry,9,35,,
340,entry,10,3,,
340,entry,13,58,,
340,entry,14,,73,
340,entry,15,40,,
340,entry,16,5,,
340,entry,17,27,,
340,entry,18,15,,
340,entry,19,13,,
340,entry,20,4,,
340,entry,24,38,,
340,entry,25,29,,5
340,entry,26,,37,
340,entry,27,39,,
340,entry,28,25,,6
340,entry,29,,64,
340,entry,30,68,,
340,entry,35,14,,
340,entry,36,28,,
340,entry,37,,55,
340,entry,38,70,,3
340,entry,39,49,,
340,entry,40,46,,
340,entry,46,,82,
340,entry,47,19,,1
340,entry,48,,28,7
340,entry,49,90,,
340,entry,50,7,,
340,entry,57,24,,
340,entry,58,0,,
340,entry,59,,19,
340,entry,60,17,,
340,entry,68,10,,
340,entry,69,2,,
340,entry,70,6,,
340,entry,79,59,,
340,entry,80,37,,
340,entry,90,80,,2 4
340,start,2,79,,
340,start,3,18,,
340,start,4,50,,
340,start,5,16,,
340,start,6,8,,
340,start,7,60,,
340,start,8,20,,
340,start,9,57,,
341,entry,0,60,,
341,entry,2,50,,
341,entry,3,25,,
341,entry,4,19,,
341,entry,5,3,,
341,entry,6,57,,6
341,entry,7,69,,1
341,entry,8,30,,
341,entry,9,46,,
341,entry,10,29,,
341,entry,13,18,,
341,entry,14,68,,
341,entry,15,13,,
341,entry,16,39,,
341,entry,17,,73,
341,entry,18,6,,
341,entry,19,,64,
341,entry,20,,37,5
341,entry,24,,82,4
341,entry,25,35,,
341,entry,26,49,,
341,entry,27,17,,
341,entry,28,16,,
341,entry,29,59,,
341,entry,30,,46,
341,entry,35,8,,
341,entry,36,27,,
341,entry,37,48,,
341,entry,38,47,,3
341,entry,39,24,,
341,entry,40,26,,
341,entry,46,37,,
341,entry,47,,19,
341,entry,48,14,,
341,entry,49,80,,7
341,entry,50,36,,
341,entry,57,40,,
341,entry,58,28,,
341,entry,59,10,,2
341,entry,60,70,,
341,entry,68,90,,
341,entry,69,58,,
341,entry,70,38,,
341,entry,79,20,,
341,entry,80,,55,
341,entry,90,9,,
341,start,2,15,,
341,start,3,7,,
341,start,4,4,,
341,start,5,2,,
341,start,6,79,,8
341,start,7,,28,
341,start,8,5,,
341,start,9,0,,
342,entry,0,57,,
342,entry,2,47,,
342,entry,3,60,,2
342,entry,4,20,,
342,entry,5,17,,
342,entry,6,10,,1
342,entry,7,38,,
342,entry,8,59,,
342,entry,9,,46,
342,entry,10,19,,
342,entry,13,68,,
342,entry,14,46,,
342,entry,15,27,,
342,entry,16,15,,
342,entry,17,6,,
342,entry,18,90,,7
342,entry,19,36,,
342,entry,20,29,,
342,entry,24,69,,
342,entry,25,,82,
342,entry,26,25,,
342,entry,27,,28,
342,entry,28,18,,
342,entry,29,70,,
342,entry,30,14,,8
342,entry,35,9,,
342,entry,36,26,,
342,entry,37,3,,
342,entry,38,,37,
342,entry,39,5,,
342,entry,40,79,,
342,entry,46,16,,
342,entry,47,13,,
342,entry,48,7,,
342,entry,49,4,,
342,entry,50,35,,
342,entry,57,0,,
342,entry,58,,19,4
342,entry,59,39,,
342,entry,60,,55,
342,entry,68,48,,
342,entry,69,80,,
342,entry,70,49,,6
342,entry,79,2,,
342,entry,80,40,,
342,entry,90,50,,3
342,start,2,28,,5
342,start,3,58,,
342,start,4,30,,
342,start,5,,73,
342,start,6,,64,
342,start,7,37,,
342,start,8,8,,
342,start,9,24,,
343,entry,0,38,,
343,entry,2,0,,1
343,entry,3,16,,
343,entry,4,3,,
343,entry,5,46,,
343,entry,6,7,,2 4
343,entry,7,14,,
343,entry,8,,55,
343,entry,9,60,,
343,entry,10,59,,7
343,entry,13,79,,
343,entry,14,47,,8
343,entry,15,,64,
343,entry,16,2,,5
343,entry,17,19,,
343,entry,18,,46,
343,entry,19,68,,
343,entry,20,30,,
343,entry,24,,73,
343,entry,25,,82,
343,entry,26,58,,
343,entry,27,13,,
343,entry,28,49,,
343,entry,29,29,,
343,entry,30,24,,
343,entry,35,27,,3
343,entry,36,17,,
343,entry,37,9,,
343,entry,38,10,,
343,entry,39,39,,
343,entry,40,,37,
343,entry,46,36,,
343,entry,47,48,,
343,entry,48,90,,
343,entry,49,69,,
343,entry,50,6,,
343,entry,57,4,,
343,entry,58,70,,
343,entry,59,28,,6
343,entry,60,8,,
343,entry,68,80,,
343,entry,69,25,,
343,entry,70,18,,
343,entry,79,35,,
343,entry,80,40,,
343,entry,90,50,,
343,start,2,5,,
343,start,3,,19,
343,start,4,,28,
343,start,5,15,,
343,start,6,26,,
343,start,7,37,,
343,start,8,20,,
343,start,9,57,,
344,entry,0,,37,
344,entry,2,13,,
344,entry,3,38,,
344,entry,4,47,,
344,entry,5,14,,
344,entry,6,58,,
344,entry,7,2,,2
344,entry,8,29,,
344,entry,9,,19,
344,entry,10,30,,1
344,entry,13,80,,
344,entry,14,17,,
344,entry,15,37,,3
344,entry,16,6,,
344,entry,17,35,,
344,entry,18,16,,
344,entry,19,57,,
344,entry,20,,46,
344,entry,24,68,,
344,entry,25,,64,
344,entry,26,25,,
344,entry,27,,55,
344,entry,28,70,,
344,entry,29,,73,
344,entry,30,40,,
344,entry,35,20,,
344,entry,36,27,,
344,entry,37,50,,
344,entry,38,79,,8
344,entry,39,8,,
344,entry,40,90,,
344,entry,46,,28,6
344,entry,47,46,,4
344,entry,48,10,,
344,entry,49,18,,
344,entry,50,3,,
344,entry,57,19,,
344,entry,58,59,,
344,entry,59,39,,
344,entry,60,36,,
344,entry,68,,82,
344,entry,69,49,,
344,entry,70,26,,7
344,entry,79,28,,5
344,entry,80,15,,
344,entry,90,48,,
344,start,2,24,,
344,start,3,7,,
344,start,4,60,,
344,start,5,9,,
344,start,6,69,,
344,start,7,4,,
344,start,8,5,,
344,start,9,0,,
345,entry,0,,73,6
345,entry,2,37,,4
345,entry,3,59,,
345,entry,4,50,,
345,entry,5,49,,
345,entry,6,15,,3
345,entry,7,4,,
345,entry,8,20,,
345,entry,9,,37,
345,entry,10,,28,
345,entry,13,27,,
345,entry,14,60,,
345,entry,15,47,,
345,entry,16,29,,
345,entry,17,14,,8
345,entry,18,18,,
345,entry,19,69,,
345,entry,20,,55,
345,entry,24,39,,
345,entry,25,70,,
345,entry,26,80,,
345,entry,27,,46,
345,entry,28,28,,
345,entry,29,26,,
345,entry,30,,19,
345,entry,35,40,,
345,entry,36,90,,
345,entry,37,35,,
345,entry,38,6,,1 7
345,entry,39,36,,
345,entry,40,2,,
345,entry,46,16,,
345,entry,47,3,,
345,entry,48,,82,
345,entry,49,46,,
345,entry,50,17,,
345,entry,57,5,,
345,entry,58,9,,
345,entry,59,,64,
345,entry,60,68,,5
345,entry,68,30,,
345,entry,69,7,,
345,entry,70,48,,
345,entry,79,25,,2
345,entry,80,58,,
345,entry,90,13,,
345,start,2,79,,
345,start,3,10,,
345,start,4,19,,
345,start,5,57,,
345,start,6,38,,
345,start,7,0,,
345,start,8,8,,
345,start,9,24,,
346,entry,0,29,,5
346,entry,2,6,,
346,entry,3,,82,
346,entry,4,5,,
346,entry,5,0,,
346,entry,6,49,,
346,entry,7,48,,
346,entry,8,79,,
346,entry,9,,28,
346,entry,10,14,,
346,entry,13,36,,
346,entry,14,2,,
346,entry,15,19,,1
346,entry,16,59,,
346,entry,17,58,,
346,entry,18,,19,
346,entry,19,,73,
346,entry,20,9,,
346,entry,24,28,,
346,entry,25,24,,
346,entry,26,40,,
346,entry,27,15,,
346,entry,28,16,,
346,entry,29,69,,
346,entry,30,13,,
346,entry,35,,46,
346,entry,36,10,,7
346,entry,37,25,,6
346,entry,38,38,,
346,entry,39,,55,
346,entry,40,,37,
346,entry,46,39,,
346,entry,47,70,,3
346,entry,48,27,,
346,entry,49,46,,
346,entry,50,4,,
346,entry,57,26,,
346,entry,58,37,,
346,entry,59,,64,
346,entry,60,35,,
346,entry,68,47,,8
346,entry,69,30,,
346,entry,70,8,,
346,entry,79,80,,2 4
346,entry,80,18,,
346,entry,90,90,,
346,start,2,68,,
346,start,3,17,,
346,start,4,50,,
346,start,5,3,,
346,start,6,7,,
346,start,7,60,,
346,start,8,20,,
346,start,9,57,,
347,entry,0,6,,
347,entry,2,,55,
347,entry,3,,46,
347,entry,4,79,,8
347,entry,5,39,,5
347,entry,6,25,,
347,entry,7,29,,
347,entry,8,40,,
347,entry,9,59,,
347,entry,10,69,,
347,entry,13,8,,
347,entry,14,38,,
347,entry,15,19,,7
347,entry,16,18,,
347,entry,17,35,,
347,entry,18,57,,6
347,entry,19,28,,
347,entry,20,10,,
347,entry,24,7,,
347,entry,25,15,,
347,entry,26,,37,
347,entry,27,70,,
347,entry,28,46,,
347,entry,29,90,,
347,entry,30,13,,2
347,entry,35,,73,
347,entry,36,4,,
347,entry,37,26,,
347,entry,38,,64,
347,entry,39,16,,1
347,entry,40,58,,
347,entry,46,36,,
347,entry,47,14,,
347,entry,48,,82,
347,entry,49,60,,
347,entry,50,20,,
347,entry,57,24,,4
347,entry,58,9,,
347,entry,59,68,,
347,entry,60,30,,
347,entry,68,3,,
347,entry,69,48,,
347,entry,70,17,,
347,entry,79,,19,
347,entry,80,27,,
347,entry,90,37,,3
347,start,2,50,,
347,start,3,80,,
347,start,4,49,,
347,start,5,2,,
347,start,6,47,,
347,start,7,,28,
347,start,8,5,,
347,start,9,0,,
348,entry,0,46,,
348,entry,2,20,,
348,entry,3,70,,
348,entry,4,37,,
348,entry,5,,55,
348,entry,6,3,,
348,entry,7,2,,6
348,entry,8,39,,
348,entry,9,59,,
348,entry,10,,64,
348,entry,13,57,,
348,entry,14,47,,4
348,entry,15,,37,7
348,entry,16,16,,
348,entry,17,40,,
348,entry,18,80,,
348,entry,19,69,,
348,entry,20,7,,
348,entry,24,48,,
348,entry,25,18,,
348,entry,26,,19,
348,entry,27,50,,3
348,entry,28,90,,
348,entry,29,38,,
348,entry,30,4,,1
348,entry,35,6,,
348,entry,36,13,,
348,entry,37,15,,
348,entry,38,5,,
348,entry,39,17,,
348,entry,40,14,,8
348,entry,46,10,,
348,entry,47,36,,
348,entry,48,79,,
348,entry,49,0,,
348,entry,50,,46,
348,entry,57,,28,
348,entry,58,25,,
348,entry,59,60,,2
348,entry,60,35,,
348,entry,68,26,,
348,entry,69,68,,
348,entry,70,,73,
348,entry,79,29,,
348,entry,80,,82,
348,entry,90,9,,
348,start,2,28,,5
348,start,3,58,,
348,start,4,30,,
348,start,5,49,,
348,start,6,27,,
348,start,7,19,,
348,start,8,8,,
348,start,9,24,,
349,entry,0,16,,
349,entry,2,24,,
349,entry,3,10,,
349,entry,4,70,,
349,entry,5,,37,
349,entry,6,9,,
349,entry,7,79,,7
349,entry,8,26,,
349,entry,9,0,,
349,entry,10,6,,
349,entry,13,90,,
349,entry,14,80,,1
349,entry,15,38,,
349,entry,16,68,,
349,entry,17,7,,
349,entry,18,36,,
349,entry,19,28,,6
349,entry,20,8,,
349,entry,24,58,,
349,entry,25,48,,
349,entry,26,49,,
349,entry,27,27,,2 4
349,entry,28,46,,
349,entry,29,25,,
349,entry,30,18,,
349,entry,35,17,,
349,entry,36,59,,
349,entry,37,3,,5
349,entry,38,,64,
349,entry,39,35,,
349,entry,40,,19,
349,entry,46,47,,3 8
349,entry,47,30,,
349,entry,48,19,,
349,entry,49,,55,
349,entry,50,50,,
349,entry,57,2,,
349,entry,58,4,,
349,entry,59,,46,
349,entry,60,60,,
349,entry,68,69,,
349,entry,69,37,,
349,entry,70,40,,
349,entry,79,14,,
349,entry,80,29,,
349,entry,90,39,,
349,start,2,5,,
349,start,3,,28,
349,start,4,13,,
349,start,5,15,,
349,start,6,,82,
349,start,7,,73,
349,start,8,20,,
349,start,9,57,,
350,entry,0,47,,
350,entry,2,20,,
350,entry,3,3,,3
350,entry,4,13,,
350,entry,5,46,,
350,entry,6,2,,2
350,entry,7,16,,
350,entry,8,14,,
350,entry,9,90,,
350,entry,10,15,,
350,entry,13,27,,
350,entry,14,,28,6
350,entry,15,58,,
350,entry,16,35,,
350,entry,17,29,,
350,entry,18,24,,
350,entry,19,37,,
350,entry,20,70,,
350,entry,24,79,,8
350,entry,25,6,,
350,entry,26,,55,
350,entry,27,8,,
350,entry,28,,46,
350,entry,29,68,,
350,entry,30,38,,
350,entry,35,80,,
350,entry,36,7,,
350,entry,37,18,,
350,entry,38,26,,
350,entry,39,,82,
350,entry,40,39,,
350,entry,46,17,,4
350,entry,47,57,,
350,entry,48,4,,
350,entry,49,9,,
350,entry,50,49,,
350,entry,57,60,,7
350,entry,58,28,,5
350,entry,59,48,,
350,entry,60,59,,
350,entry,68,,64,
350,entry,69,,19,
350,entry,70,30,,1
350,entry,79,25,,
350,entry,80,50,,
350,entry,90,40,,
350,start,2,10,,
350,start,3,,37,
350,start,4,19,,
350,start,5,36,,
350,start,6,,73,
350,start,7,69,,
350,start,8,5,,
350,start,9,0,,
351,entry,0,,82,
351,entry,2,15,,3
351,entry,3,36,,
351,entry,4,13,,
351,entry,5,79,,
351,entry,6,25,,2
351,entry,7,58,,
351,entry,8,80,,
351,entry,9,35,,
351,entry,10,49,,
351,entry,13,5,,
351,entry,14,,37,
351,entry,15,9,,
351,entry,16,20,,
351,entry,17,47,,
351,entry,18,,55,
351,entry,19,48,,
351,entry,20,59,,
351,entry,24,4,,
351,entry,25,30,,
351,entry,26,18,,
351,entry,27,57,,
351,entry,28,68,,5
351,entry,29,6,,
351,entry,30,90,,
351,entry,35,3,,
351,entry,36,28,,
351,entry,37,40,,
351,entry,38,2,,
351,entry,39,16,,4
351,entry,40,38,,
351,entry,46,,46,1 7
351,entry,47,50,,
351,entry,48,,28,
351,entry,49,37,,6
351,entry,50,17,,
351,entry,57,60,,
351,entry,58,46,,
351,entry,59,26,,
351,entry,60,70,,
351,entry,68,,64,
351,entry,69,14,,8
351,entry,70,19,,
351,entry,79,69,,
351,entry,80,29,,
351,entry,90,39,,
351,start,2,7,,
351,start,3,10,,
351,start,4,,73,
351,start,5,27,,
351,start,6,,19,
351,start,7,0,,
351,start,8,8,,
351,start,9,24,,
352,entry,0,37,,
352,entry,2,,82,
352,entry,3,,19,
352,entry,4,24,,
352,entry,5,69,,
352,entry,6,70,,3
352,entry,7,7,,
352,entry,8,79,,
352,entry,9,6,,
352,entry,10,16,,
352,entry,13,28,,
352,entry,14,,46,
352,entry,15,39,,
352,entry,16,27,,
352,entry,17,17,,
352,entry,18,80,,2 4
352,entry,19,10,,
352,entry,20,29,,5
352,entry,24,5,,
352,entry,25,59,,
352,entry,26,68,,
352,entry,27,38,,
352,entry,28,18,,
352,entry,29,2,,
352,entry,30,14,,
352,entry,35,19,,1
352,entry,36,49,,
352,entry,37,48,,
352,entry,38,90,,
352,entry,39,47,,8
352,entry,40,9,,
352,entry,46,0,,7
352,entry,47,15,,
352,entry,48,4,,
352,entry,49,8,,
352,entry,50,30,,
352,entry,57,25,,6
352,entry,58,,73,
352,entry,59,,37,
352,entry,60,40,,
352,entry,68,,64,
352,entry,69,35,,
352,entry,70,3,,
352,entry,79,,55,
352,entry,80,13,,
352,entry,90,26,,
352,start,2,58,,
352,start,3,46,,
352,start,4,50,,
352,start,5,,28,
352,start,6,36,,
352,start,7,60,,
352,start,8,20,,
352,start,9,57,,
353,entry,0,35,,
353,entry,2,46,,
353,entry,3,,73,
353,entry,4,70,,
353,entry,5,48,,
353,entry,6,28,,
353,entry,7,20,,
353,entry,8,16,,
353,entry,9,,64,5
353,entry,10,4,,
353,entry,13,3,,
353,entry,14,80,,
353,entry,15,,19,
353,entry,16,90,,
353,entry,17,30,,
353,entry,18,47,,
353,entry,19,8,,
353,entry,20,50,,
353,entry,24,15,,
353,entry,25,40,,
353,entry,26,49,,1
353,entry,27,24,,
353,entry,28,39,,
353,entry,29,,55,
353,entry,30,69,,
353,entry,35,57,,6
353,entry,36,,37,
353,entry,37,,46,
353,entry,38,27,,
353,entry,39,6,,
353,entry,40,79,,4 8
353,entry,46,36,,7
353,entry,47,26,,3
353,entry,48,19,,
353,entry,49,9,,
353,entry,50,25,,
353,entry,57,17,,
353,entry,58,37,,2
353,entry,59,38,,
353,entry,60,18,,
353,entry,68,58,,
353,entry,69,14,,
353,entry,70,68,,
353,entry,79,10,,
353,entry,80,,82,
353,entry,90,60,,
353,start,2,13,,
353,start,3,29,,
353,start,4,7,,
353,start,5,2,,
353,start,6,59,,
353,start,7,,28,
353,start,8,5,,
353,start,9,0,,
354,entry,0,10,,
354,entry,2,36,,
354,entry,3,50,,3
354,entry,4,0,,
354,entry,5,37,,
354,entry,6,60,,2
354,entry,7,14,,8
354,entry,8,70,,
354,entry,9,,73,
354,entry,10,20,,
354,entry,13,59,,
354,entry,14,57,,6
354,entry,15,49,,
354,entry,16,68,,
354,entry,17,16,,
354,entry,18,5,,1
354,entry,19,,82,4
354,entry,20,90,,
354,entry,24,40,,
354,entry,25,79,,
354,entry,26,35,,
354,entry,27,17,,
354,entry,28,46,,
354,entry,29,48,,
354,entry,30,47,,
354,entry,35,69,,
354,entry,36,,55,
354,entry,37,15,,
354,entry,38,,64,
354,entry,39,39,,
354,entry,40,9,,
354,entry,46,27,,
354,entry,47,25,,
354,entry,48,7,,
354,entry,49,13,,
354,entry,50,,19,
354,entry,57,38,,
354,entry,58,,37,
354,entry,59,2,,
354,entry,60,29,,
354,entry,68,4,,
354,entry,69,,28,
354,entry,70,19,,7
354,entry,79,3,,
354,entry,80,18,,
354,entry,90,80,,
354,start,2,28,,5
354,start,3,58,,
354,start,4,30,,
354,start,5,6,,
354,start,6,26,,
354,start,7,,46,
354,start,8,8,,
354,start,9,24,,
355,entry,0,,64,7
355,entry,2,68,,
355,entry,3,10,,
355,entry,4,69,,
355,entry,5,,55,
355,entry,6,39,,
355,entry,7,18,,
355,entry,8,4,,
355,entry,9,46,,
355,entry,10,30,,
355,entry,13,19,,
355,entry,14,79,,
355,entry,15,,46,
355,entry,16,7,,
355,entry,17,47,,8
355,entry,18,27,,
355,entry,19,,28,3
355,entry,20,90,,
355,entry,24,0,,
355,entry,25,17,,
355,entry,26,28,,6
355,entry,27,50,,
355,entry,28,37,,
355,entry,29,58,,
355,entry,30,,19,2 4
355,entry,35,59,,
355,entry,36,25,,
355,entry,37,60,,
355,entry,38,24,,
355,entry,39,13,,
355,entry,40,38,,5
355,entry,46,35,,
355,entry,47,2,,
355,entry,48,49,,
355,entry,49,,37,
355,entry,50,40,,
355,entry,57,29,,
355,entry,58,6,,
355,entry,59,,82,
355,entry,60,70,,
355,entry,68,8,,
355,entry,69,80,,
355,entry,70,16,,
355,entry,79,14,,1
355,entry,80,26,,
355,entry,90,36,,
355,start,2,5,,
355,start,3,,73,
355,start,4,48,,
355,start,5,15,,
355,start,6,9,,
355,start,7,3,,
355,start,8,20,,
355,start,9,57,,
356,entry,0,90,,
356,entry,2,40,,
356,entry,3,30,,1
356,entry,4,10,,
356,entry,5,47,,
356,entry,6,,28,6
356,entry,7,4,,4 7
356,entry,8,3,,
356,entry,9,29,,
356,entry,10,25,,
356,entry,13,,37,
356,entry,14,50,,
356,entry,15,18,,
356,entry,16,80,,
356,entry,17,37,,
356,entry,18,59,,
356,entry,19,39,,
356,entry,20,46,,
356,entry,24,60,,
356,entry,25,,73,
356,entry,26,57,,3
356,entry,27,58,,
356,entry,28,8,,
356,entry,29,49,,
356,entry,30,,64,
356,entry,35,38,,
356,entry,36,15,,
356,entry,37,6,,
356,entry,38,2,,2
356,entry,39,28,,5
356,entry,40,7,,
356,entry,46,20,,
356,entry,47,17,,
356,entry,48,35,,
356,entry,49,68,,
356,entry,50,48,,
356,entry,57,36,,
356,entry,58,,55,
356,entry,59,16,,
356,entry,60,,19,
356,entry,68,14,,
356,entry,69,79,,8
356,entry,70,,82,
356,entry,79,,46,
356,entry,80,9,,
356,entry,90,19,,
356,start,2,13,,
356,start,3,26,,
356,start,4,69,,
356,start,5,27,,
356,start,6,24,,
356,start,7,70,,
356,start,8,5,,
356,start,9,0,,
357,entry,0,38,,
357,entry,2,2,,
357,entry,3,,37,
357,entry,4,57,,
357,entry,5,5,,
357,entry,6,49,,
357,entry,7,18,,
357,entry,8,39,,
357,entry,9,,82,
357,entry,10,48,,
357,entry,13,70,,
357,entry,14,37,,
357,entry,15,15,,3
357,entry,16,59,,
357,entry,17,28,,
357,entry,18,79,,
357,entry,19,,28,
357,entry,20,60,,
357,entry,24,9,,
357,entry,25,6,,
357,entry,26,69,,
357,entry,27,,19,1 7
357,entry,28,16,,
357,entry,29,68,,5
357,entry,30,19,,
357,entry,35,47,,
357,entry,36,80,,
357,entry,37,,64,
357,entry,38,17,,
357,entry,39,36,,
357,entry,40,3,,
357,entry,46,,46,
357,entry,47,7,,
357,entry,48,27,,
357,entry,49,46,,
357,entry,50,13,,4
357,entry,57,30,,
357,entry,58,25,,2
357,entry,59,35,,
357,entry,60,14,,6 8
357,entry,68,20,,
357,entry,69,40,,
357,entry,70,58,,
357,entry,79,29,,
357,entry,80,90,,
357,entry,90,,73,
357,start,2,50,,
357,start,3,10,,
357,start,4,,55,
357,start,5,4,,
357,start,6,26,,
357,start,7,0,,
357,start,8,8,,
357,start,9,24,,
358,entry,0,,19,
358,entry,2,90,,
358,entry,3,70,,3
358,entry,4,0,,
358,entry,5,,28,
358,entry,6,80,,2 4
358,entry,7,59,,
358,entry,8,68,,
358,entry,9,28,,
358,entry,10,48,,
358,entry,13,30,,
358,entry,14,15,,
358,entry,15,3,,
358,entry,16,,55,
358,entry,17,35,,
358,entry,18,49,,
358,entry,19,,82,
358,entry,20,,73,
358,entry,24,25,,6
358,entry,25,13,,7
358,entry,26,4,,
358,entry,27,37,,
358,entry,28,27,,
358,entry,29,40,,
358,entry,30,39,,
358,entry,35,79,,
358,entry,36,17,,
358,entry,37,6,,
358,entry,38,,64,
358,entry,39,46,,
358,entry,40,47,,8
358,entry,46,69,,
358,entry,47,8,,
358,entry,48,7,,
358,entry,49,29,,5
358,entry,50,19,,1
358,entry,57,38,,
358,entry,58,,37,
358,entry,59,14,,
358,entry,60,24,,
358,entry,68,26,,
358,entry,69,9,,
358,entry,70,,46,
358,entry,79,58,,
358,entry,80,5,,
358,entry,90,16,,
358,start,2,10,,
358,start,3,2,,
358,start,4,50,,
358,start,5,36,,
358,start,6,18,,
358,start,7,60,,
358,start,8,20,,
358,start,9,57,,
359,entry,0,15,,
359,entry,2,36,,
359,entry,3,38,,
359,entry,4,29,,
359,entry,5,4,,
359,entry,6,,46,
359,entry,7,9,,
359,entry,8,48,,
359,entry,9,27,,
359,entry,10,,73,
359,entry,13,80,,
359,entry,14,39,,7
359,entry,15,,64,
359,entry,16,26,,4
359,entry,17,3,,
359,entry,18,,19,
359,entry,19,37,,3
359,entry,20,8,,
359,entry,24,14,,
359,entry,25,59,,5
359,entry,26,25,,
359,entry,27,49,,
359,entry,28,40,,
359,entry,29,79,,8
359,entry,30,10,,
359,entry,35,19,,
359,entry,36,18,,
359,entry,37,35,,
359,entry,38,57,,6
359,entry,39,28,,
359,entry,40,24,,
359,entry,46,47,,
359,entry,47,70,,
359,entry,48,7,,
359,entry,49,90,,
359,entry,50,16,,2
359,entry,57,46,,
359,entry,58,17,,
359,entry,59,,55,1
359,entry,60,58,,
359,entry,68,,82,
359,entry,69,60,,
359,entry,70,20,,
359,entry,79,68,,
359,entry,80,30,,
359,entry,90,13,,
359,start,2,50,,
359,start,3,,37,
359,start,4,69,,
359,start,5,2,,
359,start,6,6,,
359,start,7,,28,
359,start,8,5,,
359,start,9,0,,
360,entry,0,40,,
360,entry,2,19,,6
360,entry,3,39,,
360,entry,4,,82,
360,entry,5,68,,
360,entry,6,57,,
360,entry,7,0,,
360,entry,8,,46,
360,entry,9,20,,
360,entry,10,50,,3
360,entry,13,80,,
360,entry,14,26,,
360,entry,15,17,,
360,entry,16,4,,
360,entry,17,10,,
360,entry,18,7,,
360,entry,19,59,,7
360,entry,20,29,,
360,entry,24,79,,
360,entry,25,27,,
360,entry,26,14,,8
360,entry,27,35,,
360,entry,28,69,,
360,entry,29,18,,
360,entry,30,36,,
360,entry,35,,73,
360,entry,36,46,,
360,entry,37,,55,
360,entry,38,38,,
360,entry,39,,28,
360,entry,40,90,,
360,entry,46,60,,2
360,entry,47,6,,
360,entry,48,13,,
360,entry,49,5,,
360,entry,50,,19,
360,entry,57,47,,
360,entry,58,,37,1
360,entry,59,15,,4
360,entry,60,3,,
360,entry,68,2,,
360,entry,69,48,,
360,entry,70,9,,
360,entry,79,25,,
360,entry,80,49,,
360,entry,90,,64,
360,start,2,28,,5
360,start,3,58,,
360,start,4,30,,
360,start,5,37,,
360,start,6,70,,
360,start,7,16,,
360,start,8,8,,
360,start,9,24,,
361,entry,0,26,,
361,entry,2,70,,
361,entry,3,,64,2 4
361,entry,4,0,,
361,entry,5,48,,
361,entry,6,,46,
361,entry,7,39,,
361,entry,8,8,,
361,entry,9,36,,
361,entry,10,40,,
361,entry,13,,19,5
361,entry,14,10,,
361,entry,15,58,,
361,entry,16,14,,
361,entry,17,59,,
361,entry,18,18,,
361,entry,19,46,,1
361,entry,20,7,,
361,entry,24,68,,
361,entry,25,19,,
361,entry,26,,82,
361,entry,27,28,,6
361,entry,28,16,,
361,entry,29,,73,
361,entry,30,69,,
361,entry,35,3,,
361,entry,36,9,,
361,entry,37,25,,
361,entry,38,50,,
361,entry,39,,37,
361,entry,40,79,,
361,entry,46,38,,
361,entry,47,35,,
361,entry,48,60,,
361,entry,49,4,,
361,entry,50,17,,3
361,entry,57,,55,
361,entry,58,80,,
361,entry,59,24,,
361,entry,60,,28,
361,entry,68,29,,
361,entry,69,13,,
361,entry,70,37,,
361,entry,79,6,,
361,entry,80,47,,8
361,entry,90,49,,7
361,start,2,5,,
361,start,3,90,,
361,start,4,2,,
361,start,5,15,,
361,start,6,30,,
361,start,7,27,,
361,start,8,20,,
361,start,9,57,,
362,entry,0,46,,
362,entry,2,28,,5
362,entry,3,,37,
362,entry,4,14,,
362,entry,5,70,,
362,entry,6,40,,
362,entry,7,38,,
362,entry,8,69,,
362,entry,9,7,,
362,entry,10,16,,
362,entry,13,57,,
362,entry,14,24,,
362,entry,15,48,,
362,entry,16,90,,
362,entry,17,29,,
362,entry,18,60,,3
362,entry,19,17,,4
362,entry,20,19,,
362,entry,24,,46,
362,entry,25,,19,
362,entry,26,37,,
362,entry,27,39,,
362,entry,28,27,,
362,entry,29,36,,
362,entry,30,18,,
362,entry,35,4,,
362,entry,36,68,,
362,entry,37,49,,
362,entry,38,20,,
362,entry,39,58,,
362,entry,40,,64,
362,entry,46,,82,
362,entry,47,30,,1
362,entry,48,47,,
362,entry,49,6,,
362,entry,50,,73,
362,entry,57,10,,
362,entry,58,25,,
362,entry,59,80,,
362,entry,60,15,,
362,entry,68,50,,7
362,entry,69,3,,
362,entry,70,2,,2
362,entry,79,,28,6
362,entry,80,35,,
362,entry,90,,55,
362,start,2,79,,8
362,start,3,13,,
362,start,4,9,,
362,start,5,26,,
362,start,6,8,,
362,start,7,59,,
362,start,8,5,,
362,start,9,0,,
363,entry,0,,82,
363,entry,2,4,,
363,entry,3,48,,
363,entry,4,9,,
363,entry,5,35,,
363,entry,6,49,,
363,entry,7,80,,1 7
363,entry,8,16,,
363,entry,9,68,,5
363,entry,10,19,,
363,entry,13,58,,
363,entry,14,3,,
363,entry,15,27,,
363,entry,16,59,,
363,entry,17,90,,
363,entry,18,17,,
363,entry,19,,64,
363,entry,20,2,,
363,entry,24,70,,
363,entry,25,37,,
363,entry,26,40,,
363,entry,27,38,,
363,entry,28,26,,
363,entry,29,7,,
363,entry,30,,28,4
363,entry,35,36,,
363,entry,36,5,,
363,entry,37,30,,
363,entry,38,25,,2
363,entry,39,50,,
363,entry,40,,37,6
363,entry,46,15,,3
363,entry,47,29,,
363,entry,48,20,,
363,entry,49,60,,
363,entry,50,14,,8
363,entry,57,39,,
363,entry,58,18,,
363,entry,59,79,,
363,entry,60,69,,
363,entry,68,28,,
363,entry,69,,55,
363,entry,70,47,,
363,entry,79,6,,
363,entry,80,57,,
363,entry,90,,19,
363,start,2,,73,
363,start,3,10,,
363,start,4,,46,
363,start,5,13,,
363,start,6,46,,
363,start,7,0,,
363,start,8,8,,
363,start,9,24,,
364,entry,0,,19,
364,entry,2,90,,
364,entry,3,0,,
364,entry,4,29,,5
364,entry,5,28,,
364,entry,6,19,,1
364,entry,7,26,,
364,entry,8,46,,
364,entry,9,,55,
364,entry,10,30,,
364,entry,13,10,,
364,entry,14,14,,
364,entry,15,,82,
364,entry,16,24,,
364,entry,17,36,,
364,entry,18,,37,
364,entry,19,80,,2 4
364,entry,20,40,,
364,entry,24,9,,
364,entry,25,7,,
364,entry,26,,46,
364,entry,27,79,,
364,entry,28,4,,
364,entry,29,58,,
364,entry,30,27,,
364,entry,35,17,,7
364,entry,36,5,,
364,entry,37,35,,
364,entry,38,15,,
364,entry,39,37,,
364,entry,40,,73,
364,entry,46,47,,8
364,entry,47,39,,
364,entry,48,25,,6
364,entry,49,49,,
364,entry,50,3,,
364,entry,57,68,,
364,entry,58,70,,3
364,entry,59,13,,
364,entry,60,48,,
364,entry,68,,64,
364,entry,69,8,,
364,entry,70,2,,
364,entry,79,18,,
364,entry,80,,28,
364,entry,90,59,,
364,start,2,16,,
364,start,3,6,,
364,start,4,50,,
364,start,5,38,,
364,start,6,69,,
364,start,7,60,,
364,start,8,20,,
364,start,9,57,,
365,entry,0,6,,
365,entry,2,39,,1
365,entry,3,28,,
365,entry,4,26,,
365,entry,5,58,,
365,entry,6,19,,
365,entry,7,,82,
365,entry,8,18,,
365,entry,9,3,,
365,entry,10,80,,
365,entry,13,90,,
365,entry,14,36,,3
365,entry,15,20,,
365,entry,16,29,,
365,entry,17,,73,
365,entry,18,69,,7
365,entry,19,79,,8
365,entry,20,48,,
365,entry,24,60,,
365,entry,25,30,,
365,entry,26,70,,
365,entry,27,38,,
365,entry,28,15,,
365,entry,29,35,,
365,entry,30,,19,
365,entry,35,,46,
365,entry,36,8,,
365,entry,37,47,,
365,entry,38,27,,
365,entry,39,16,,
365,entry,40,40,,
365,entry,46,59,,2
365,entry,47,7,,
365,entry,48,10,,5
365,entry,49,17,,
365,entry,50,57,,6
365,entry,57,9,,
365,entry,58,4,,
365,entry,59,46,,
365,entry,60,37,,
365,entry,68,14,,
365,entry,69,,64,4
365,entry,70,68,,
365,entry,79,25,,
365,entry,80,13,,
365,entry,90,,37,
365,start,2,,55,
365,start,3,24,,
365,start,4,50,,
365,start,5,2,,
365,start,6,49,,
365,start,7,,28,
365,start,8,5,,
365,start,9,0,,
366,entry,0,38,,
366,entry,2,80,,
366,entry,3,,64,
366,entry,4,48,,
366,entry,5,18,,
366,entry,6,19,,
366,entry,7,50,,3
366,entry,8,9,,
366,entry,9,4,,
366,entry,10,,37,1
366,entry,13,7,,
366,entry,14,15,,
366,entry,15,3,,
366,entry,16,59,,
366,entry,17,26,,
366,entry,18,25,,
366,entry,19,14,,8
366,entry,20,2,,
366,entry,24,35,,
366,entry,25,70,,
366,entry,26,46,,
366,entry,27,36,,
366,entry,28,79,,
366,entry,29,20,,
366,entry,30,,28,
366,entry,35,5,,4
366,entry,36,10,,
366,entry,37,90,,
366,entry,38,39,,
366,entry,39,60,,2
366,entry,40,0,,
366,entry,46,69,,7
366,entry,47,,19,
366,entry,48,49,,
366,entry,49,68,,
366,entry,50,,55,
366,entry,57,13,,
366,entry,58,29,,6
366,entry,59,27,,
366,entry,60,6,,
366,entry,68,40,,
366,entry,69,37,,
366,entry,70,16,,
366,entry,79,,82,
366,entry,80,57,,
366,entry,90,,73,
366,start,2,28,,5
366,start,3,58,,
366,start,4,30,,
366,start,5,47,,
366,start,6,,46,
366,start,7,17,,
366,start,8,8,,
366,start,9,24,,
367,entry,0,14,,
367,entry,2,80,,
367,entry,3,26,,
367,entry,4,,55,
367,entry,5,13,,
367,entry,6,50,,
367,entry,7,24,,
367,entry,8,0,,
367,entry,9,,37,
367,entry,10,37,,
367,entry,13,70,,
367,entry,14,,46,
367,entry,15,28,,6
367,entry,16,60,,
367,entry,17,27,,
367,entry,18,,73,
367,entry,19,48,,
367,entry,20,19,,
367,entry,24,3,,7
367,entry,25,25,,
367,entry,26,,28,
367,entry,27,6,,
367,entry,28,4,,
367,entry,29,58,,
367,entry,30,17,,
367,entry,35,35,,
367,entry,36,29,,
367,entry,37,8,,
367,entry,38,16,,1
367,entry,39,,82,
367,entry,40,90,,
367,entry,46,39,,
367,entry,47,18,,
367,entry,48,10,,
367,entry,49,9,,
367,entry,50,,19,
367,entry,57,49,,
367,entry,58,30,,
367,entry,59,59,,3
367,entry,60,47,,8
367,entry,68,40,,
367,entry,69,7,,
367,entry,70,68,,2 4
367,entry,79,79,,
367,entry,80,46,,5
367,entry,90,2,,
367,start,2,5,,
367,start,3,36,,
367,start,4,,64,
367,start,5,15,,
367,start,6,38,,
367,start,7,69,,
367,start,8,20,,
367,start,9,57,,
368,entry,0,,19,
368,entry,2,48,,
368,entry,3,8,,
368,entry,4,90,,
368,entry,5,24,,
368,entry,6,70,,
368,entry,7,,28,6
368,entry,8,19,,
368,entry,9,,37,
368,entry,10,80,,
368,entry,13,18,,
368,entry,14,57,,
368,entry,15,30,,1
368,entry,16,50,,
368,entry,17,26,,
368,entry,18,29,,4
368,entry,19,,82,
368,entry,20,17,,
368,entry,24,,73,
368,entry,25,46,,
368,entry,26,38,,
368,entry,27,10,,3
368,entry,28,49,,
368,entry,29,9,,
368,entry,30,27,,
368,entry,35,40,,
368,entry,36,4,,
368,entry,37,68,,
368,entry,38,58,,
368,entry,39,15,,
368,entry,40,3,,
368,entry,46,14,,
368,entry,47,20,,
368,entry,48,6,,
368,entry,49,60,,
368,entry,50,7,,
368,entry,57,47,,
368,entry,58,69,,
368,entry,59,2,,2
368,entry,60,,64,7
368,entry,68,79,,8
368,entry,69,35,,
368,entry,70,28,,5
368,entry,79,,55,
368,entry,80,59,,
368,entry,90,16,,
368,start,2,36,,
368,start,3,37,,
368,start,4,13,,
368,start,5,39,,
368,start,6,25,,
368,start,7,,46,
368,start,8,5,,
368,start,9,0,,
369,entry,0,,37,
369,entry,2,13,,
369,entry,3,27,,
369,entry,4,6,,
369,entry,5,37,,
369,entry,6,49,,
369,entry,7,90,,
369,entry,8,,46,
369,entry,9,20,,
369,entry,10,36,,
369,entry,13,68,,5
369,entry,14,2,,
369,entry,15,47,,4
369,entry,16,59,,
369,entry,17,,19,
369,entry,18,35,,
369,entry,19,18,,
369,entry,20,46,,
369,entry,24,,28,
369,entry,25,,82,6
369,entry,26,69,,
369,entry,27,60,,
369,entry,28,,55,
369,entry,29,28,,
369,entry,30,48,,
369,entry,35,80,,
369,entry,36,7,,
369,entry,37,17,,
369,entry,38,26,,
369,entry,39,16,,1 7
369,entry,40,58,,
369,entry,46,38,,
369,entry,47,57,,
369,entry,48,5,,
369,entry,49,4,,
369,entry,50,9,,
369,entry,57,70,,
369,entry,58,15,,3
369,entry,59,79,,
369,entry,60,19,,
369,entry,68,39,,
369,entry,69,30,,
369,entry,70,40,,
369,entry,79,14,,8
369,entry,80,50,,
369,entry,90,25,,2
369,start,2,,64,
369,start,3,10,,
369,start,4,29,,
369,start,5,,73,
369,start,6,3,,
369,start,7,0,,
369,start,8,8,,
369,start,9,24,,
370,entry,0,59,,
370,entry,2,79,,
370,entry,3,3,,
370,entry,4,25,,6
370,entry,5,40,,
370,entry,6,46,,
370,entry,7,8,,
370,entry,8,6,,
370,entry,9,37,,
370,entry,10,39,,
370,entry,13,13,,
370,entry,14,70,,3
370,entry,15,,19,
370,entry,16,,73,
370,entry,17,18,,
370,entry,18,35,,
370,entry,19,47,,8
370,entry,20,49,,
370,entry,24,27,,
370,entry,25,2,,
370,entry,26,90,,
370,entry,27,,37,
370,entry,28,,55,
370,entry,29,29,,5
370,entry,30,19,,1
370,entry,35,15,,
370,entry,36,26,,7
370,entry,37,69,,
370,entry,38,36,,
370,entry,39,14,,
370,entry,40,24,,
370,entry,46,30,,
370,entry,47,80,,2 4
370,entry,48,7,,
370,entry,49,9,,
370,entry,50,,46,
370,entry,57,68,,
370,entry,58,10,,
370,entry,59,0,,
370,entry,60,5,,
370,entry,68,58,,
370,entry,69,38,,
370,entry,70,,64,
370,entry,79,48,,
370,entry,80,28,,
370,entry,90,,82,
370,start,2,,28,
370,start,3,16,,
370,start,4,50,,
370,start,5,17,,
370,start,6,4,,
370,start,7,60,,
370,start,8,20,,
370,start,9,57,,
371,entry,0,40,,
371,entry,2,,19,
371,entry,3,17,,
371,entry,4,90,,
371,entry,5,,64,
371,entry,6,8,,2
371,entry,7,29,,
371,entry,8,14,,5
371,entry,9,39,,
371,entry,10,57,,6
371,entry,13,48,,
371,entry,14,15,,1
371,entry,15,7,,3
371,entry,16,58,,
371,entry,17,80,,
371,entry,18,50,,
371,entry,19,9,,
371,entry,20,59,,
371,entry,24,68,,
371,entry,25,,46,
371,entry,26,20,,
371,entry,27,13,,
371,entry,28,60,,
371,entry,29,19,,4
371,entry,30,69,,
371,entry,35,28,,
371,entry,36,30,,
371,entry,37,,37,7
371,entry,38,70,,
371,entry,39,25,,
371,entry,40,79,,8
371,entry,46,46,,
371,entry,47,26,,
371,entry,48,16,,
371,entry,49,18,,
371,entry,50,10,,
371,entry,57,47,,
371,entry,58,38,,
371,entry,59,,55,
371,entry,60,3,,
371,entry,68,36,,
371,entry,69,6,,
371,entry,70,4,,
371,entry,79,49,,
371,entry,80,35,,
371,entry,90,,82,
371,start,2,37,,
371,start,3,27,,
371,start,4,24,,
371,start,5,2,,
371,start,6,,73,
371,start,7,,28,
371,start,8,5,,
371,start,9,0,,
372,entry,0,48,,
372,entry,2,38,,4
372,entry,3,59,,
372,entry,4,57,,
372,entry,5,69,,
372,entry,6,50,,3
372,entry,7,90,,
372,entry,8,19,,
372,entry,9,47,,
372,entry,10,80,,
372,entry,13,9,,
372,entry,14,,82,7
372,entry,15,27,,
372,entry,16,,19,
372,entry,17,79,,
372,entry,18,60,,2
372,entry,19,3,,
372,entry,20,,28,
372,entry,24,18,,
372,entry,25,,73,
372,entry,26,36,,
372,entry,27,2,,
372,entry,28,68,,
372,entry,29,13,,
372,entry,30,39,,
372,entry,35,29,,
372,entry,36,5,,
372,entry,37,70,,
372,entry,38,14,,8
372,entry,39,,37,
372,entry,40,49,,
372,entry,46,15,,
372,entry,47,37,,6
372,entry,48,,46,
372,entry,49,,55,
372,entry,50,0,,
372,entry,57,40,,
372,entry,58,16,,
372,entry,59,6,,
372,entry,60,10,,
372,entry,68,17,,
372,entry,69,46,,
372,entry,70,20,,1
372,entry,79,,64,
372,entry,80,25,,
372,entry,90,26,,
372,start,2,28,,5
372,start,3,58,,
372,start,4,30,,
372,start,5,35,,
372,start,6,7,,
372,start,7,4,,
372,start,8,8,,
372,start,9,24,,
373,entry,0,60,,
373,entry,2,50,,
373,entry,3,18,,
373,entry,4,,28,
373,entry,5,37,,
373,entry,6,17,,
373,entry,7,30,,
373,entry,8,59,,
373,entry,9,80,,
373,entry,10,70,,
373,entry,13,13,,
373,entry,14,6,,
373,entry,15,14,,
373,entry,16,27,,
373,entry,17,40,,
373,entry,18,69,,
373,entry,19,26,,
373,entry,20,29,,
373,entry,24,8,,
373,entry,25,3,,
373,entry,26,48,,
373,entry,27,46,,
373,entry,28,38,,
373,entry,29,,82,
373,entry,30,39,,
373,entry,35,24,,
373,entry,36,4,,
373,entry,37,49,,
373,entry,38,36,,2 4
373,entry,39,9,,
373,entry,40,68,,
373,entry,46,16,,1
373,entry,47,,64,3
373,entry,48,10,,5
373,entry,49,47,,8
373,entry,50,28,,6
373,entry,57,,19,
373,entry,58,79,,
373,entry,59,,73,
373,entry,60,25,,
373,entry,68,,37,
373,entry,69,19,,
373,entry,70,35,,
373,entry,79,2,,
373,entry,80,,55,
373,entry,90,,46,
373,start,2,5,,
373,start,3,0,,
373,start,4,90,,
373,start,5,15,,
373,start,6,58,,7
373,start,7,7,,
373,start,8,20,,
373,start,9,57,,
374,entry,0,,73,
374,entry,2,57,,
374,entry,3,68,,
374,entry,4,24,,
374,entry,5,70,,
374,entry,6,20,,
374,entry,7,8,,
374,entry,8,35,,
374,entry,9,19,,
374,entry,10,48,,
374,entry,13,7,,
374,entry,14,40,,
374,entry,15,80,,
374,entry,16,47,,
374,entry,17,18,,
374,entry,18,,55,
374,entry,19,16,,
374,entry,20,,19,
374,entry,24,90,,
374,entry,25,13,,
374,entry,26,59,,
374,entry,27,,28,6
374,entry,28,17,,
374,entry,29,60,,
374,entry,30,69,,
374,entry,35,30,,1
374,entry,36,39,,
374,entry,37,4,,
374,entry,38,27,,4
374,entry,39,15,,
374,entry,40,79,,8
374,entry,46,38,,
374,entry,47,29,,3
374,entry,48,9,,
374,entry,49,25,,
374,entry,50,10,,
374,entry,57,37,,
374,entry,58,58,,
374,entry,59,26,,
374,entry,60,36,,
374,entry,68,6,,
374,entry,69,49,,
374,entry,70,46,,
374,entry,79,2,,2
374,entry,80,3,,
374,entry,90,28,,5
374,start,2,14,,
374,start,3,,64,
374,start,4,50,,
374,start,5,,82,
374,start,6,,46,7
374,start,7,,37,
374,start,8,5,,
374,start,9,0,,
375,entry,0,,73,
375,entry,2,57,,
375,entry,3,15,,3
375,entry,4,90,,
375,entry,5,30,,
375,entry,6,18,,
375,entry,7,50,,
375,entry,8,68,,5
375,entry,9,13,,
375,entry,10,39,,
375,entry,13,16,,
375,entry,14,,64,
375,entry,15,59,,
375,entry,16,28,,
375,entry,17,60,,
375,entry,18,79,,
375,entry,19,,37,4
375,entry,20,58,,
375,entry,24,5,,
375,entry,25,69,,
375,entry,26,2,,1 7
375,entry,27,19,,
375,entry,28,17,,
375,entry,29,,46,6
375,entry,30,4,,
375,entry,35,80,,
375,entry,36,27,,
375,entry,37,29,,
375,entry,38,7,,
375,entry,39,46,,
375,entry,40,70,,
375,entry,46,37,,
375,entry,47,25,,2
375,entry,48,,28,
375,entry,49,,19,
375,entry,50,47,,
375,entry,57,20,,
375,entry,58,,55,
375,entry,59,,82,
375,entry,60,26,,
375,entry,68,40,,
375,entry,69,9,,
375,entry,70,36,,
375,entry,79,3,,
375,entry,80,48,,
375,entry,90,35,,
375,start,2,38,,
375,start,3,10,,
375,start,4,6,,
375,start,5,14,,8
375,start,6,49,,
375,start,7,0,,
375,start,8,8,,
375,start,9,24,,
376,entry,0,79,,
376,entry,2,80,,2 4
376,entry,3,68,,
376,entry,4,69,,
376,entry,5,3,,
376,entry,6,7,,
376,entry,7,,82,
376,entry,8,6,,
376,entry,9,25,,6
376,entry,10,47,,8
376,entry,13,18,,
376,entry,14,40,,
376,entry,15,37,,
376,entry,16,17,,
376,entry,17,,19,
376,entry,18,19,,1
376,entry,19,70,,3
376,entry,20,59,,
376,entry,24,58,,
376,entry,25,38,,
376,entry,26,27,,7
376,entry,27,2,,
376,entry,28,24,,
376,entry,29,90,,
376,entry,30,,37,
376,entry,35,13,,
376,entry,36,30,,
376,entry,37,29,,5
376,entry,38,,46,
376,entry,39,36,,
376,entry,40,,55,
376,entry,46,,28,
376,entry,47,14,,
376,entry,48,5,,
376,entry,49,46,,
376,entry,50,0,,
376,entry,57,9,,
376,entry,58,,73,
376,entry,59,,64,
376,entry,60,10,,
376,entry,68,28,,
376,entry,69,8,,
376,entry,70,4,,
376,entry,79,39,,
376,entry,80,16,,
376,entry,90,15,,
376,start,2,26,,
376,start,3,35,,
376,start,4,50,,
376,start,5,48,,
376,start,6,49,,
376,start,7,60,,
376,start,8,20,,
376,start,9,57,,
377,entry,0,7,,
377,entry,2,38,,
377,entry,3,,37,
377,entry,4,,46,5
377,entry,5,18,,
377,entry,6,,64,
377,entry,7,10,,
377,entry,8,19,,
377,entry,9,30,,
377,entry,10,49,,
377,entry,13,47,,
377,entry,14,80,,
377,entry,15,6,,
377,entry,16,59,,
377,entry,17,60,,
377,entry,18,50,,
377,entry,19,17,,
377,entry,20,4,,
377,entry,24,13,,
377,entry,25,16,,
377,entry,26,29,,
377,entry,27,70,,
377,entry,28,48,,
377,entry,29,27,,
377,entry,30,14,,7
377,entry,35,69,,
377,entry,36,39,,4
377,entry,37,3,,
377,entry,38,,19,
377,entry,39,37,,3
377,entry,40,15,,
377,entry,46,25,,
377,entry,47,24,,
377,entry,48,40,,
377,entry,49,36,,
377,entry,50,46,,
377,entry,57,35,,
377,entry,58,57,,6
377,entry,59,28,,
377,entry,60,,82,
377,entry,68,79,,8
377,entry,69,90,,
377,entry,70,,55,2
377,entry,79,,73,1
377,entry,80,58,,
377,entry,90,20,,
377,start,2,9,,
377,start,3,68,,
377,start,4,26,,
377,start,5,2,,
377,start,6,8,,
377,start,7,,28,
377,start,8,5,,
377,start,9,0,,
378,entry,0,,64,
378,entry,2,46,,
378,entry,3,70,,1
378,entry,4,,82,
378,entry,5,48,,
378,entry,6,,55,7
378,entry,7,10,,
378,entry,8,37,,
378,entry,9,68,,
378,entry,10,39,,
378,entry,13,20,,
378,entry,14,9,,
378,entry,15,,46,
378,entry,16,18,,
378,entry,17,57,,
378,entry,18,4,,6
378,entry,19,80,,
378,entry,20,49,,
378,entry,24,19,,
378,entry,25,29,,
378,entry,26,47,,
378,entry,27,,37,
378,entry,28,40,,
378,entry,29,90,,
378,entry,30,59,,
378,entry,35,,73,
378,entry,36,26,,
378,entry,37,35,,
378,entry,38,50,,3
378,entry,39,3,,
378,entry,40,2,,
378,entry,46,14,,4 8
378,entry,47,38,,
378,entry,48,17,,
378,entry,49,13,,
378,entry,50,,28,
378,entry,57,7,,
378,entry,58,36,,
378,entry,59,16,,
378,entry,60,5,,
378,entry,68,0,,
378,entry,69,79,,
378,entry,70,15,,
378,entry,79,27,,
378,entry,80,6,,
378,entry,90,60,,2
378,start,2,28,,5
378,start,3,58,,
378,start,4,30,,
378,start,5,,19,
378,start,6,25,,
378,start,7,69,,
378,start,8,8,,
378,start,9,24,,
379,entry,0,,55,
379,entry,2,35,,
379,entry,3,28,,6
379,entry,4,29,,
379,entry,5,27,,
379,entry,6,24,,
379,entry,7,49,,
379,entry,8,14,,
379,entry,9,,28,
379,entry,10,,46,
379,entry,13,25,,
379,entry,14,39,,
379,entry,15,50,,
379,entry,16,90,,
379,entry,17,47,,8
379,entry,18,,19,
379,entry,19,3,,
379,entry,20,,82,
379,entry,24,38,,
379,entry,25,60,,
379,entry,26,6,,
379,entry,27,,73,1 7
379,entry,28,2,,
379,entry,29,68,,
379,entry,30,30,,
379,entry,35,,37,
379,entry,36,8,,
379,entry,37,7,,
379,entry,38,26,,3
379,entry,39,4,,2 4
379,entry,40,40,,
379,entry,46,18,,
379,entry,47,9,,
379,entry,48,0,,
379,entry,49,69,,5
379,entry,50,16,,
379,entry,57,17,,
379,entry,58,46,,
379,entry,59,13,,
379,entry,60,48,,
379,entry,68,,64,
379,entry,69,37,,
379,entry,70,58,,
379,entry,79,80,,
379,entry,80,19,,
379,entry,90,10,,
379,start,2,5,,
379,start,3,59,,
379,start,4,79,,
379,start,5,15,,
379,start,6,70,,
379,start,7,36,,
379,start,8,20,,
379,start,9,57,,
380,entry,0,15,,
380,entry,2,7,,
380,entry,3,20,,
380,entry,4,,37,
380,entry,5,6,,
380,entry,6,,55,
380,entry,7,19,,
380,entry,8,,64,
380,entry,9,79,,8
380,entry,10,38,,
380,entry,13,47,,
380,entry,14,24,,3 7
380,entry,15,3,,
380,entry,16,39,,
380,entry,17,29,,
380,entry,18,57,,
380,entry,19,26,,
380,entry,20,60,,
380,entry,24,59,,
380,entry,25,,46,
380,entry,26,49,,4
380,entry,27,8,,
380,entry,28,,73,
380,entry,29,36,,
380,entry,30,70,,
380,entry,35,,28,6
380,entry,36,,82,
380,entry,37,25,,
380,entry,38,28,,5
380,entry,39,48,,
380,entry,40,80,,
380,entry,46,58,,
380,entry,47,2,,2
380,entry,48,9,,
380,entry,49,,19,
380,entry,50,30,,1
380,entry,57,35,,
380,entry,58,16,,
380,entry,59,17,,
380,entry,60,14,,
380,entry,68,50,,
380,entry,69,27,,
380,entry,70,40,,
380,entry,79,37,,
380,entry,80,90,,
380,entry,90,69,,
380,start,2,4,,
380,start,3,46,,
380,start,4,10,,
380,start,5,68,,
380,start,6,18,,
380,start,7,13,,
380,start,8,5,,
380,start,9,0,,
381,entry,0,68,,5
381,entry,2,29,,
381,entry,3,35,,
381,entry,4,80,,6
381,entry,5,46,,
381,entry,6,59,,
381,entry,7,15,,3
381,entry,8,30,,
381,entry,9,,19,
381,entry,10,60,,
381,entry,13,,55,
381,entry,14,13,,
381,entry,15,7,,
381,entry,16,70,,
381,entry,17,,28,
381,entry,18,37,,
381,entry,19,25,,2
381,entry,20,6,,
381,entry,24,,82,
381,entry,25,39,,
381,entry,26,27,,
381,entry,27,14,,8
381,entry,28,47,,
381,entry,29,20,,
381,entry,30,4,,
381,entry,35,49,,4
381,entry,36,79,,
381,entry,37,,46,
381,entry,38,57,,
381,entry,39,18,,
381,entry,40,26,,
381,entry,46,3,,
381,entry,47,40,,
381,entry,48,,73,
381,entry,49,28,,
381,entry,50,19,,
381,entry,57,,64,
381,entry,58,,37,
381,entry,59,9,,1 7
381,entry,60,38,,
381,entry,68,5,,
381,entry,69,16,,
381,entry,70,48,,
381,entry,79,17,,
381,entry,80,58,,
381,entry,90,90,,
381,start,2,36,,
381,start,3,10,,
381,start,4,2,,
381,start,5,69,,
381,start,6,50,,
381,start,7,0,,
381,start,8,8,,
381,start,9,24,,
382,entry,0,,19,
382,entry,2,90,,
382,entry,3,58,,
382,entry,4,37,,
382,entry,5,8,,
382,entry,6,17,,
382,entry,7,,46,
382,entry,8,0,,
382,entry,9,36,,
382,entry,10,2,,7
382,entry,13,47,,8
382,entry,14,,28,
382,entry,15,18,,
382,entry,16,29,,5
382,entry,17,5,,
382,entry,18,7,,
382,entry,19,49,,
382,entry,20,,64,
382,entry,24,,37,
382,entry,25,10,,
382,entry,26,14,,
382,entry,27,13,,
382,entry,28,48,,
382,entry,29,59,,
382,entry,30,80,,2 4
382,entry,35,27,,
382,entry,36,9,,
382,entry,37,28,,
382,entry,38,39,,
382,entry,39,15,,
382,entry,40,,73,
382,entry,46,6,,
382,entry,47,,82,
382,entry,48,38,,
382,entry,49,25,,6
382,entry,50,3,,
382,entry,57,,55,
382,entry,58,19,,1
382,entry,59,70,,3
382,entry,60,46,,
382,entry,68,24,,
382,entry,69,35,,
382,entry,70,68,,
382,entry,79,79,,
382,entry,80,16,,
382,entry,90,26,,
382,start,2,69,,
382,start,3,40,,
382,start,4,50,,
382,start,5,4,,
382,start,6,30,,
382,start,7,60,,
382,start,8,20,,
382,start,9,57,,
383,entry,0,70,,
383,entry,2,79,,8
383,entry,3,16,,
383,entry,4,37,,
383,entry,5,8,,
383,entry,6,10,,
383,entry,7,27,,
383,entry,8,,64,
383,entry,9,90,,
383,entry,10,14,,2
383,entry,13,47,,
383,entry,14,26,,
383,entry,15,,55,
383,entry,16,50,,
383,entry,17,36,,
383,entry,18,7,,
383,entry,19,,37,1
383,entry,20,58,,
383,entry,24,6,,
383,entry,25,60,,
383,entry,26,46,,
383,entry,27,24,,
383,entry,28,29,,7
383,entry,29,17,,
383,entry,30,20,,
383,entry,35,38,,
383,entry,36,49,,5
383,entry,37,,46,4
383,entry,38,15,,
383,entry,39,19,,
383,entry,40,30,,
383,entry,46,,73,
383,entry,47,25,,
383,entry,48,3,,
383,entry,49,48,,
383,entry,50,68,,
383,entry,57,18,,
383,entry,58,39,,
383,entry,59,,19,
383,entry,60,,82,
383,entry,68,35,,
383,entry,69,40,,
383,entry,70,9,,3
383,entry,79,57,,6
383,entry,80,69,,
383,entry,90,28,,
383,start,2,80,,
383,start,3,13,,
383,start,4,59,,
383,start,5,2,,
383,start,6,4,,
383,start,7,,28,
383,start,8,5,,
383,start,9,0,,
384,entry,0,35,,
384,entry,2,,46,
384,entry,3,3,,
384,entry,4,,73,
384,entry,5,4,,
384,entry,6,16,,
384,entry,7,9,,
384,entry,8,18,,
384,entry,9,15,,
384,entry,10,59,,
384,entry,13,13,,
384,entry,14,60,,2
384,entry,15,14,,8
384,entry,16,17,,
384,entry,17,0,,
384,entry,18,19,,
384,entry,19,25,,
384,entry,20,79,,
384,entry,24,68,,
384,entry,25,,64,
384,entry,26,90,,
384,entry,27,10,,
384,entry,28,38,,
384,entry,29,29,,
384,entry,30,70,,
384,entry,35,7,,
384,entry,36,,19,
384,entry,37,20,,
384,entry,38,39,,4
384,entry,39,,55,
384,entry,40,5,,
384,entry,46,2,,
384,entry,47,46,,1
384,entry,48,48,,
384,entry,49,27,,
384,entry,50,6,,6
384,entry,57,26,,
384,entry,58,49,,
384,entry,59,,82,
384,entry,60,40,,
384,entry,68,80,,
384,entry,69,57,,
384,entry,70,50,,3
384,entry,79,37,,7
384,entry,80,69,,
384,entry,90,36,,
384,start,2,28,,5
384,start,3,58,,
384,start,4,30,,
384,start,5,,37,
384,start,6,47,,
384,start,7,,28,
384,start,8,8,,
384,start,9,24,,
385,entry,0,,37,
385,entry,2,,46,
385,entry,3,35,,
385,entry,4,46,,
385,entry,5,60,,
385,entry,6,6,,
385,entry,7,40,,1
385,entry,8,69,,
385,entry,9,70,,
385,entry,10,90,,
385,entry,13,,55,
385,entry,14,28,,6
385,entry,15,9,,
385,entry,16,8,,
385,entry,17,13,,
385,entry,18,,19,3
385,entry,19,10,,2 4
385,entry,20,,64,
385,entry,24,25,,
385,entry,25,29,,
385,entry,26,18,,
385,entry,27,4,,
385,entry,28,38,,
385,entry,29,47,,5 8
385,entry,30,7,,
385,entry,35,39,,
385,entry,36,26,,
385,entry,37,16,,
385,entry,38,,28,
385,entry,39,,82,
385,entry,40,17,,
385,entry,46,50,,
385,entry,47,24,,
385,entry,48,3,,
385,entry,49,36,,7
385,entry,50,27,,
385,entry,57,58,,
385,entry,58,80,,
385,entry,59,68,,
385,entry,60,19,,
385,entry,68,30,,
385,entry,69,49,,
385,entry,70,48,,
385,entry,79,59,,
385,entry,80,79,,
385,entry,90,0,,
385,start,2,5,,
385,start,3,37,,
385,start,4,,73,
385,start,5,15,,
385,start,6,14,,
385,start,7,2,,
385,start,8,20,,
385,start,9,57,,
386,entry,0,49,,
386,entry,2,39,,
386,entry,3,19,,
386,entry,4,,19,
386,entry,5,70,,
386,entry,6,30,,1
386,entry,7,17,,7
386,entry,8,37,,
386,entry,9,35,,
386,entry,10,28,,5
386,entry,13,29,,
386,entry,14,15,,
386,entry,15,80,,
386,entry,16,7,,
386,entry,17,3,,
386,entry,18,,28,6
386,entry,19,,55,
386,entry,20,79,,8
386,entry,24,25,,
386,entry,25,13,,
386,entry,26,40,,
386,entry,27,38,,
386,entry,28,46,,
386,entry,29,18,,
386,entry,30,16,,
386,entry,35,48,,
386,entry,36,90,,
386,entry,37,24,,
386,entry,38,68,,3
386,entry,39,10,,4
386,entry,40,14,,
386,entry,46,60,,
386,entry,47,,46,
386,entry,48,50,,
386,entry,49,69,,
386,entry,50,,73,
386,entry,57,26,,
386,entry,58,20,,
386,entry,59,58,,
386,entry,60,8,,
386,entry,68,47,,
386,entry,69,6,,
386,entry,70,9,,
386,entry,79,,37,
386,entry,80,27,,
386,entry,90,2,,2
386,start,2,,64,
386,start,3,,82,
386,start,4,4,,
386,start,5,59,,
386,start,6,57,,
386,start,7,36,,
386,start,8,5,,
386,start,9,0,,
387,entry,0,58,,
387,entry,2,3,,1 7
387,entry,3,18,,
387,entry,4,,64,
387,entry,5,,73,
387,entry,6,38,,
387,entry,7,60,,
387,entry,8,40,,
387,entry,9,27,,
387,entry,10,6,,
387,entry,13,28,,
387,entry,14,25,,2
387,entry,15,26,,
387,entry,16,48,,
387,entry,17,,28,
387,entry,18,50,,
387,entry,19,,82,
387,entry,20,30,,
387,entry,24,20,,
387,entry,25,36,,
387,entry,26,49,,
387,entry,27,19,,
387,entry,28,79,,
387,entry,29,9,,
387,entry,30,80,,
387,entry,35,46,,
387,entry,36,59,,
387,entry,37,29,,
387,entry,38,47,,
387,entry,39,7,,
387,entry,40,90,,
387,entry,46,57,,
387,entry,47,,37,
387,entry,48,4,,
387,entry,49,37,,
387,entry,50,,19,
387,entry,57,68,,5
387,entry,58,14,,4 8
387,entry,59,,46,
387,entry,60,2,,
387,entry,68,,55,6
387,entry,69,70,,
387,entry,70,39,,
387,entry,79,16,,
387,entry,80,5,,
387,entry,90,15,,3
387,start,2,69,,
387,start,3,10,,
387,start,4,17,,
387,start,5,35,,
387,start,6,13,,
387,start,7,0,,
387,start,8,8,,
387,start,9,24,,
388,entry,0,68,,
388,entry,2,39,,
388,entry,3,37,,
388,entry,4,17,,
388,entry,5,10,,
388,entry,6,79,,
388,entry,7,13,,
388,entry,8,38,,
388,entry,9,29,,5
388,entry,10,19,,1
388,entry,13,49,,
388,entry,14,,19,
388,entry,15,15,,
388,entry,16,40,,
388,entry,17,59,,
388,entry,18,4,,
388,entry,19,14,,
388,entry,20,24,,
388,entry,24,2,,
388,entry,25,25,,6
388,entry,26,,64,
388,entry,27,80,,2 4
388,entry,28,36,,
388,entry,29,9,,
388,entry,30,,46,
388,entry,35,70,,3
388,entry,36,7,,
388,entry,37,58,,
388,entry,38,69,,
388,entry,39,47,,8
388,entry,40,5,,
388,entry,46,0,,
388,entry,47,16,,
388,entry,48,48,,
388,entry,49,6,,
388,entry,50,26,,
388,entry,57,27,,
388,entry,58,,28,
388,entry,59,8,,
388,entry,60,28,,
388,entry,68,3,,
388,entry,69,18,,
388,entry,70,,82,
388,entry,79,,73,
388,entry,80,35,,
388,entry,90,,55,
388,start,2,90,,
388,start,3,30,,
388,start,4,50,,
388,start,5,46,,
388,start,6,,37,7
388,start,7,60,,
388,start,8,20,,
388,start,9,57,,
389,entry,0,69,,
389,entry,2,7,,
389,entry,3,39,,
389,entry,4,18,,
389,entry,5,29,,
389,entry,6,,64,
389,entry,7,,19,
389,entry,8,24,,
389,entry,9,,55,
389,entry,10,79,,8
389,entry,13,4,,5
389,entry,14,15,,
389,entry,15,,82,
389,entry,16,3,,
389,entry,17,40,,
389,entry,18,28,,
389,entry,19,13,,2 7
389,entry,20,8,,
389,entry,24,,73,
389,entry,25,9,,4
389,entry,26,,37,
389,entry,27,57,,6
389,entry,28,90,,
389,entry,29,58,,
389,entry,30,38,,
389,entry,35,25,,
389,entry,36,35,,
389,entry,37,49,,
389,entry,38,70,,1
389,entry,39,20,,
389,entry,40,27,,
389,entry,46,47,,
389,entry,47,59,,
389,entry,48,16,,
389,entry,49,30,,
389,entry,50,19,,
389,entry,57,46,,
389,entry,58,36,,
389,entry,59,37,,
389,entry,60,10,,
389,entry,68,48,,
389,entry,69,68,,
389,entry,70,50,,
389,entry,79,26,,3
389,entry,80,60,,
389,entry,90,,46,
389,start,2,6,,
389,start,3,17,,
389,start,4,14,,
389,start,5,2,,
389,start,6,80,,
389,start,7,,28,
389,start,8,5,,
389,start,9,0,,
390,entry,0,6,,
390,entry,2,2,,
390,entry,3,49,,
390,entry,4,,82,
390,entry,5,4,,
390,entry,6,10,,
390,entry,7,35,,7
390,entry,8,,55,
390,entry,9,79,,
390,entry,10,16,,
390,entry,13,,19,
390,entry,14,29,,
390,entry,15,14,,1 8
390,entry,16,19,,
390,entry,17,18,,
390,entry,18,38,,
390,entry,19,,64,
390,entry,20,70,,
390,entry,24,39,,
390,entry,25,57,,
390,entry,26,15,,
390,entry,27,37,,
390,entry,28,47,,
390,entry,29,7,,
390,entry,30,60,,2
390,entry,35,,73,
390,entry,36,25,,
390,entry,37,27,,
390,entry,38,13,,
390,entry,39,,37,6
390,entry,40,68,,
390,entry,46,26,,
390,entry,47,0,,4
390,entry,48,,46,
390,entry,49,40,,
390,entry,50,69,,
390,entry,57,48,,
390,entry,58,5,,
390,entry,59,50,,3
390,entry,60,80,,
390,entry,68,9,,
390,entry,69,46,,
390,entry,70,,28,
390,entry,79,36,,
390,entry,80,3,,
390,entry,90,20,,
390,start,2,28,,5
390,start,3,58,,
390,start,4,30,,
390,start,5,90,,
390,start,6,17,,
390,start,7,59,,
390,start,8,8,,
390,start,9,24,,
391,entry,0,27,,5
391,entry,2,79,,2 4
391,entry,3,46,,
391,entry,4,19,,
391,entry,5,69,,
391,entry,6,35,,
391,entry,7,7,,
391,entry,8,38,,
391,entry,9,2,,
391,entry,10,,64,
391,entry,13,13,,
391,entry,14,,73,
391,entry,15,,82,
391,entry,16,,55,
391,entry,17,29,,
391,entry,18,6,,
391,entry,19,,37,
391,entry,20,58,,
391,entry,24,36,,
391,entry,25,9,,
391,entry,26,,46,
391,entry,27,39,,
391,entry,28,8,,
391,entry,29,68,,
391,entry,30,16,,7
391,entry,35,3,,
391,entry,36,70,,
391,entry,37,26,,
391,entry,38,18,,
391,entry,39,49,,1
391,entry,40,30,,
391,entry,46,59,,
391,entry,47,28,,6
391,entry,48,48,,
391,entry,49,,28,
391,entry,50,40,,
391,entry,57,25,,
391,entry,58,50,,
391,entry,59,80,,
391,entry,60,0,,
391,entry,68,60,,
391,entry,69,14,,
391,entry,70,10,,3
391,entry,79,24,,
391,entry,80,47,,8
391,entry,90,,19,
391,start,2,5,,
391,start,3,17,,
391,start,4,37,,
391,start,5,15,,
391,start,6,4,,
391,start,7,90,,
391,start,8,20,,
391,start,9,57,,
392,entry,0,37,,
392,entry,2,38,,
392,entry,3,80,,
392,entry,4,7,,
392,entry,5,15,,
392,entry,6,,64,4
392,entry,7,24,,
392,entry,8,18,,
392,entry,9,59,,
392,entry,10,68,,
392,entry,13,60,,
392,entry,14,20,,
392,entry,15,,28,6
392,entry,16,4,,
392,entry,17,70,,
392,entry,18,28,,5
392,entry,19,48,,
392,entry,20,,82,
392,entry,24,47,,
392,entry,25,19,,
392,entry,26,58,,
392,entry,27,2,,2
392,entry,28,14,,
392,entry,29,,19,
392,entry,30,30,,1
392,entry,35,25,,3
392,entry,36,6,,
392,entry,37,35,,
392,entry,38,16,,
392,entry,39,13,,
392,entry,40,39,,
392,entry,46,49,,7
392,entry,47,,55,
392,entry,48,27,,
392,entry,49,50,,
392,entry,50,40,,
392,entry,57,46,,
392,entry,58,26,,
392,entry,59,57,,
392,entry,60,90,,
392,entry,68,36,,
392,entry,69,,73,
392,entry,70,69,,
392,entry,79,8,,
392,entry,80,79,,8
392,entry,90,3,,
392,start,2,29,,
392,start,3,10,,
392,start,4,17,,
392,start,5,,37,
392,start,6,,46,
392,start,7,9,,
392,start,8,5,,
392,start,9,0,,
393,entry,0,,28,
393,entry,2,2,,
393,entry,3,60,,
393,entry,4,28,,
393,entry,5,48,,
393,entry,6,46,,
393,entry,7,,46,
393,entry,8,35,,
393,entry,9,26,,
393,entry,10,3,,
393,entry,13,30,,
393,entry,14,4,,1 7
393,entry,15,25,,2
393,entry,16,,64,
393,entry,17,68,,5
393,entry,18,,55,4
393,entry,19,6,,
393,entry,20,13,,
393,entry,24,50,,
393,entry,25,20,,
393,entry,26,7,,
393,entry,27,37,,
393,entry,28,17,,6
393,entry,29,70,,
393,entry,30,79,,
393,entry,35,18,,
393,entry,36,14,,8
393,entry,37,40,,
393,entry,38,,19,
393,entry,39,69,,
393,entry,40,5,,
393,entry,46,38,,
393,entry,47,,73,
393,entry,48,,37,
393,entry,49,80,,
393,entry,50,15,,3
393,entry,57,,82,
393,entry,58,49,,
393,entry,59,90,,
393,entry,60,57,,
393,entry,68,59,,
393,entry,69,19,,
393,entry,70,29,,
393,entry,79,36,,
393,entry,80,39,,
393,entry,90,58,,
393,start,2,9,,
393,start,3,10,,
393,start,4,47,,
393,start,5,16,,
393,start,6,27,,
393,start,7,0,,
393,start,8,8,,
393,start,9,24,,
394,entry,0,,37,
394,entry,2,70,,3
394,entry,3,15,,
394,entry,4,13,,
394,entry,5,37,,
394,entry,6,,73,
394,entry,7,16,,
394,entry,8,9,,
394,entry,9,5,,
394,entry,10,2,,
394,entry,13,25,,6
394,entry,14,10,,
394,entry,15,0,,
394,entry,16,38,,
394,entry,17,46,,
394,entry,18,58,,
394,entry,19,36,,
394,entry,20,,28,
394,entry,24,90,,
394,entry,25,18,,
394,entry,26,80,,2 4
394,entry,27,79,,
394,entry,28,68,,
394,entry,29,28,,
394,entry,30,48,,
394,entry,35,3,,
394,entry,36,27,,
394,entry,37,17,,
394,entry,38,49,,
394,entry,39,,82,
394,entry,40,,55,
394,entry,46,26,,
394,entry,47,69,,
394,entry,48,59,,
394,entry,49,4,,7
394,entry,50,39,,
394,entry,57,47,,8
394,entry,58,40,,
394,entry,59,30,,
394,entry,60,35,,
394,entry,68,7,,
394,entry,69,29,,5
394,entry,70,19,,1
394,entry,79,14,,
394,entry,80,24,,
394,entry,90,,46,
394,start,2,,19,
394,start,3,8,,
394,start,4,50,,
394,start,5,,64,
394,start,6,6,,
394,start,7,60,,
394,start,8,20,,
394,start,9,57,,
395,entry,0,3,,
395,entry,2,7,,7
395,entry,3,4,,
395,entry,4,40,,
395,entry,5,49,,
395,entry,6,36,,3
395,entry,7,79,,2 8
395,entry,8,24,,
395,entry,9,9,,
395,entry,10,17,,
395,entry,13,,64,
395,entry,14,57,,6
395,entry,15,46,,
395,entry,16,68,,
395,entry,17,58,,
395,entry,18,70,,
395,entry,19,13,,
395,entry,20,35,,
395,entry,24,,37,
395,entry,25,48,,
395,entry,26,28,,
395,entry,27,20,,
395,entry,28,,55,
395,entry,29,27,,5
395,entry,30,14,,
395,entry,35,,19,
395,entry,36,90,,
395,entry,37,30,,
395,entry,38,6,,
395,entry,39,15,,
395,entry,40,80,,
395,entry,46,47,,1
395,entry,47,,46,
395,entry,48,16,,
395,entry,49,,73,
395,entry,50,50,,
395,entry,57,26,,
395,entry,58,,82,
395,entry,59,8,,
395,entry,60,60,,4
395,entry,68,29,,
395,entry,69,19,,
395,entry,70,25,,
395,entry,79,38,,
395,entry,80,18,,
395,entry,90,10,,
395,start,2,39,,
395,start,3,59,,
395,start,4,37,,
395,start,5,2,,
395,start,6,69,,
395,start,7,,28,
395,start,8,5,,
395,start,9,0,,
396,entry,0,17,,
396,entry,2,,46,
396,entry,3,4,,
396,entry,4,39,,
396,entry,5,5,,
396,entry,6,69,,4
396,entry,7,13,,
396,entry,8,10,,
396,entry,9,47,,
396,entry,10,27,,
396,entry,13,14,,8
396,entry,14,38,,
396,entry,15,15,,
396,entry,16,48,,
396,entry,17,,28,
396,entry,18,36,,
396,entry,19,0,,
396,entry,20,,82,
396,entry,24,2,,
396,entry,25,25,,
396,entry,26,80,,
396,entry,27,29,,7
396,entry,28,,64,
396,entry,29,79,,
396,entry,30,9,,
396,entry,35,26,,1
396,entry,36,,37,
396,entry,37,18,,
396,entry,38,7,,
396,entry,39,20,,
396,entry,40,3,,
396,entry,46,70,,
396,entry,47,90,,
396,entry,48,,19,
396,entry,49,46,,
396,entry,50,60,,2
396,entry,57,59,,
396,entry,58,57,,
396,entry,59,,73,6
396,entry,60,68,,
396,entry,68,19,,
396,entry,69,40,,
396,entry,70,,55,
396,entry,79,50,,3
396,entry,80,6,,
396,entry,90,37,,
396,start,2,28,,5
396,start,3,58,,
396,start,4,30,,
396,start,5,16,,
396,start,6,49,,
396,start,7,35,,
396,start,8,8,,
396,start,9,24,,
397,entry,0,29,,
397,entry,2,14,,
397,entry,3,50,,
397,entry,4,8,,
397,entry,5,4,,
397,entry,6,30,,
397,entry,7,69,,
397,entry,8,68,,7
397,entry,9,,73,
397,entry,10,39,,
397,entry,13,60,,
397,entry,14,18,,
397,entry,15,24,,
397,entry,16,36,,
397,entry,17,79,,
397,entry,18,46,,2 4
397,entry,19,38,,
397,entry,20,49,,
397,entry,24,16,,
397,entry,25,3,,
397,entry,26,,82,1
397,entry,27,7,,3
397,entry,28,90,,5
397,entry,29,48,,
397,entry,30,28,,6
397,entry,35,6,,
397,entry,36,47,,8
397,entry,37,2,,
397,entry,38,80,,
397,entry,39,58,,
397,entry,40,25,,
397,entry,46,,37,
397,entry,47,27,,
397,entry,48,26,,
397,entry,49,19,,
397,entry,50,35,,
397,entry,57,37,,
397,entry,58,,64,
397,entry,59,,28,
397,entry,60,,55,
397,entry,68,59,,
397,entry,69,0,,
397,entry,70,,46,
397,entry,79,70,,
397,entry,80,13,,
397,entry,90,9,,
397,start,2,5,,
397,start,3,10,,
397,start,4,,19,
397,start,5,15,,
397,start,6,40,,
397,start,7,17,,
397,start,8,20,,
397,start,9,57,,
398,entry,0,,82,7
398,entry,2,,55,
398,entry,3,2,,2
398,entry,4,9,,
398,entry,5,70,,
398,entry,6,4,,
398,entry,7,79,,8
398,entry,8,7,,
398,entry,9,25,,
398,entry,10,15,,4
398,entry,13,35,,
398,entry,14,19,,
398,entry,15,16,,
398,entry,16,14,,
398,entry,17,10,,
398,entry,18,30,,1
398,entry,19,20,,
398,entry,20,60,,
398,entry,24,18,,
398,entry,25,36,,
398,entry,26,24,,
398,entry,27,48,,
398,entry,28,68,,
398,entry,29,47,,
398,entry,30,58,,
398,entry,35,3,,
398,entry,36,,46,
398,entry,37,,19,
398,entry,38,40,,
398,entry,39,80,,
398,entry,40,6,,
398,entry,46,28,,5
398,entry,47,13,,
398,entry,48,90,,
398,entry,49,8,,
398,entry,50,49,,
398,entry,57,,37,
398,entry,58,59,,
398,entry,59,38,,
398,entry,60,57,,
398,entry,68,69,,
398,entry,69,46,,
398,entry,70,,28,6
398,entry,79,,64,
398,entry,80,27,,
398,entry,90,,73,3
398,start,2,37,,
398,start,3,39,,
398,start,4,26,,
398,start,5,50,,
398,start,6,29,,
398,start,7,17,,
398,start,8,5,,
398,start,9,0,,
399,entry,0,13,,
399,entry,2,3,,
399,entry,3,79,,
399,entry,4,57,,
399,entry,5,14,,8
399,entry,6,29,,
399,entry,7,69,,
399,entry,8,60,,
399,entry,9,38,,
399,entry,10,47,,
399,entry,13,17,,
399,entry,14,,73,4
399,entry,15,,46,
399,entry,16,36,,
399,entry,17,5,,
399,entry,18,,37,
399,entry,19,48,,
399,entry,20,68,,5
399,entry,24,19,,6
399,entry,25,26,,
399,entry,26,,82,
399,entry,27,15,,3
399,entry,28,30,,
399,entry,29,58,,
399,entry,30,40,,
399,entry,35,46,,
399,entry,36,70,,
399,entry,37,59,,
399,entry,38,35,,
399,entry,39,25,,2
399,entry,40,50,,
399,entry,46,4,,
399,entry,47,2,,
399,entry,48,,55,
399,entry,49,20,,
399,entry,50,80,,
399,entry,57,,28,
399,entry,58,6,,
399,entry,59,18,,
399,entry,60,90,,
399,entry,68,16,,
399,entry,69,28,,
399,entry,70,,64,
399,entry,79,27,,1 7
399,entry,80,7,,
399,entry,90,37,,
399,start,2,,19,
399,start,3,10,,
399,start,4,49,,
399,start,5,9,,
399,start,6,39,,
399,start,7,0,,
399,start,8,8,,
399,start,9,24,,
400,entry,0,5,,
400,entry,2,,46,
400,entry,3,19,,1
400,entry,4,6,,
400,entry,5,7,,
400,entry,6,58,,
400,entry,7,2,,
400,entry,8,,73,
400,entry,9,0,,
400,entry,10,,28,
400,entry,13,24,,
400,entry,14,39,,
400,entry,15,59,,
400,entry,16,68,,
400,entry,17,26,,
400,entry,18,30,,
400,entry,19,10,,
400,entry,20,28,,
400,entry,24,46,,
400,entry,25,69,,
400,entry,26,15,,
400,entry,27,48,,
400,entry,28,40,,
400,entry,29,90,,7
400,entry,30,,82,
400,entry,35,18,,
400,entry,36,25,,6
400,entry,37,35,,
400,entry,38,,37,
400,entry,39,37,,
400,entry,40,17,,
400,entry,46,70,,3
400,entry,47,,55,
400,entry,48,8,,
400,entry,49,47,,8
400,entry,50,27,,
400,entry,57,,64,
400,entry,58,80,,2 4
400,entry,59,,19,
400,entry,60,29,,5
400,entry,68,36,,
400,entry,69,3,,
400,entry,70,14,,
400,entry,79,38,,
400,entry,80,9,,
400,entry,90,79,,
400,start,2,49,,
400,start,3,16,,
400,start,4,50,,
400,start,5,13,,
400,start,6,4,,
400,start,7,60,,
400,start,8,20,,
400,start,9,57,,
401,entry,0,18,,
401,entry,2,25,,
401,entry,3,37,,
401,entry,4,35,,
401,entry,5,47,,
401,entry,6,,19,
401,entry,7,28,,
401,entry,8,58,,
401,entry,9,,73,
401,entry,10,69,,
401,entry,13,68,,4
401,entry,14,15,,
401,entry,15,7,,
401,entry,16,40,,
401,entry,17,90,,
401,entry,18,20,,
401,entry,19,,82,
401,entry,20,79,,8
401,entry,24,9,,
401,entry,25,3,,
401,entry,26,57,,6
401,entry,27,46,,1
401,entry,28,30,,
401,entry,29,,46,
401,entry,30,19,,
401,entry,35,80,,
401,entry,36,29,,
401,entry,37,70,,7
401,entry,38,8,,
401,entry,39,26,,
401,entry,40,13,,5
401,entry,46,39,,
401,entry,47,16,,
401,entry,48,,55,
401,entry,49,36,,
401,entry,50,17,,
401,entry,57,48,,
401,entry,58,6,,3
401,entry,59,14,,
401,entry,60,27,,
401,entry,68,4,,
401,entry,69,50,,
401,entry,70,24,,
401,entry,79,59,,2
401,entry,80,10,,
401,entry,90,38,,
401,start,2,60,,
401,start,3,,64,
401,start,4,,37,
401,start,5,2,,
401,start,6,49,,
401,start,7,,28,
401,start,8,5,,
401,start,9,0,,
402,entry,0,2,,
402,entry,2,90,,
402,entry,3,80,,4
402,entry,4,18,,
402,entry,5,57,,
402,entry,6,36,,
402,entry,7,5,,
402,entry,8,68,,
402,entry,9,3,,
402,entry,10,0,,
402,entry,13,48,,
402,entry,14,49,,
402,entry,15,39,,
402,entry,16,25,,
402,entry,17,15,,
402,entry,18,4,,
402,entry,19,13,,
402,entry,20,10,,
402,entry,24,69,,
402,entry,25,19,,
402,entry,26,26,,
402,entry,27,27,,6
402,entry,28,14,,8
402,entry,29,35,,
402,entry,30,20,,
402,entry,35,,73,7
402,entry,36,59,,
402,entry,37,40,,
402,entry,38,6,,
402,entry,39,,55,
402,entry,40,46,,
402,entry,46,17,,
402,entry,47,50,,3
402,entry,48,16,,
402,entry,49,7,,
402,entry,50,,64,1
402,entry,57,70,,
402,entry,58,,19,
402,entry,59,,82,
402,entry,60,37,,
402,entry,68,79,,
402,entry,69,29,,
402,entry,70,47,,
402,entry,79,60,,2
402,entry,80,9,,
402,entry,90,,28,
402,start,2,28,,5
402,start,3,58,,
402,start,4,30,,
402,start,5,,46,
402,start,6,38,,
402,start,7,,37,
402,start,8,8,,
402,start,9,24,,
403,entry,0,9,,
403,entry,2,,19,
403,entry,3,58,,
403,entry,4,10,,
403,entry,5,27,,
403,entry,6,28,,6
403,entry,7,50,,
403,entry,8,70,,
403,entry,9,48,,
403,entry,10,90,,2 4
403,entry,13,40,,
403,entry,14,,82,
403,entry,15,69,,
403,entry,16,25,,
403,entry,17,60,,
403,entry,18,24,,
403,entry,19,3,,
403,entry,20,,73,5
403,entry,24,19,,
403,entry,25,79,,
403,entry,26,35,,
403,entry,27,17,,
403,entry,28,68,,
403,entry,29,13,,
403,entry,30,7,,
403,entry,35,0,,
403,entry,36,,55,
403,entry,37,29,,
403,entry,38,6,,
403,entry,39,4,,
403,entry,40,14,,
403,entry,46,,46,
403,entry,47,39,,
403,entry,48,8,,
403,entry,49,49,,
403,entry,50,26,,
403,entry,57,,64,
403,entry,58,18,,
403,entry,59,59,,1
403,entry,60,36,,
403,entry,68,80,,
403,entry,69,,37,
403,entry,70,46,,7
403,entry,79,37,,
403,entry,80,30,,
403,entry,90,2,,3
403,start,2,5,,
403,start,3,47,,8
403,start,4,38,,
403,start,5,15,,
403,start,6,16,,
403,start,7,,28,
403,start,8,20,,
403,start,9,57,,
404,entry,0,60,,
404,entry,2,46,,
404,entry,3,7,,
404,entry,4,24,,
404,entry,5,,46,
404,entry,6,48,,
404,entry,7,40,,
404,entry,8,,37,
404,entry,9,80,,
404,entry,10,2,,2
404,entry,13,17,,
404,entry,14,16,,
404,entry,15,26,,
404,entry,16,,19,
404,entry,17,90,,
404,entry,18,38,,
404,entry,19,,28,6
404,entry,20,35,,
404,entry,24,37,,
404,entry,25,36,,
404,entry,26,,73,
404,entry,27,69,,
404,entry,28,68,,
404,entry,29,29,,
404,entry,30,,55,
404,entry,35,28,,5
404,entry,36,8,,
404,entry,37,59,,7
404,entry,38,,82,
404,entry,39,13,,3
404,entry,40,79,,8
404,entry,46,18,,
404,entry,47,15,,
404,entry,48,9,,
404,entry,49,3,,
404,entry,50,10,,4
404,entry,57,25,,
404,entry,58,30,,1
404,entry,59,20,,
404,entry,60,14,,
404,entry,68,49,,
404,entry,69,47,,
404,entry,70,58,,
404,entry,79,57,,
404,entry,80,6,,
404,entry,90,70,,
404,start,2,39,,
404,start,3,50,,
404,start,4,27,,
404,start,5,4,,
404,start,6,,64,
404,start,7,19,,
404,start,8,5,,
404,start,9,0,,
405,entry,0,7,,
405,entry,2,,64,
405,entry,3,,55,
405,entry,4,4,,
405,entry,5,39,,6
405,entry,6,26,,
405,entry,7,,46,
405,entry,8,27,,
405,entry,9,28,,
405,entry,10,49,,
405,entry,13,79,,
405,entry,14,,73,
405,entry,15,36,,
405,entry,16,38,,
405,entry,17,48,,
405,entry,18,46,,
405,entry,19,47,,1 7
405,entry,20,59,,
405,entry,24,68,,5
405,entry,25,37,,
405,entry,26,58,,
405,entry,27,19,,
405,entry,28,5,,
405,entry,29,90,,
405,entry,30,40,,
405,entry,35,,37,
405,entry,36,,82,
405,entry,37,70,,
405,entry,38,15,,3
405,entry,39,,19,
405,entry,40,50,,
405,entry,46,9,,4
405,entry,47,2,,
405,entry,48,80,,
405,entry,49,30,,
405,entry,50,60,,
405,entry,57,,28,
405,entry,58,3,,
405,entry,59,6,,
405,entry,60,14,,8
405,entry,68,13,,
405,entry,69,16,,
405,entry,70,25,,2
405,entry,79,17,,
405,entry,80,20,,
405,entry,90,18,,
405,start,2,57,,
405,start,3,10,,
405,start,4,69,,
405,start,5,29,,
405,start,6,35,,
405,start,7,0,,
405,start,8,8,,
405,start,9,24,,
406,entry,0,0,,
406,entry,2,79,,
406,entry,3,16,,
406,entry,4,9,,
406,entry,5,30,,
406,entry,6,,46,
406,entry,7,13,,
406,entry,8,7,,
406,entry,9,35,,
406,entry,10,58,,
406,entry,13,26,,
406,entry,14,,37,
406,entry,15,40,,
406,entry,16,5,,
406,entry,17,,28,
406,entry,18,15,,
406,entry,19,68,,
406,entry,20,59,,
406,entry,24,4,,
406,entry,25,29,,5
406,entry,26,49,,
406,entry,27,39,,
406,entry,28,25,,6
406,entry,29,90,,
406,entry,30,36,,
406,entry,35,14,,
406,entry,36,28,,
406,entry,37,,55,
406,entry,38,70,,3
406,entry,39,46,,
406,entry,40,10,,
406,entry,46,,82,
406,entry,47,19,,1
406,entry,48,48,,7
406,entry,49,47,,8
406,entry,50,,19,
406,entry,57,24,,
406,entry,58,27,,
406,entry,59,,73,
406,entry,60,2,,
406,entry,68,37,,
406,entry,69,38,,
406,entry,70,6,,
406,entry,79,,64,
406,entry,80,3,,
406,entry,90,80,,2 4
406,start,2,17,,
406,start,3,18,,
406,start,4,50,,
406,start,5,69,,
406,start,6,8,,
406,start,7,60,,
406,start,8,20,,
406,start,9,57,,
407,entry,0,69,,
407,entry,2,59,,
407,entry,3,25,,
407,entry,4,37,,
407,entry,5,3,,
407,entry,6,57,,6
407,entry,7,29,,1
407,entry,8,30,,
407,entry,9,24,,
407,entry,10,68,,
407,entry,13,18,,
407,entry,14,7,,
407,entry,15,50,,
407,entry,16,,82,
407,entry,17,,73,
407,entry,18,6,,
407,entry,19,,46,
407,entry,20,60,,5
407,entry,24,17,,4
407,entry,25,35,,
407,entry,26,9,,
407,entry,27,36,,
407,entry,28,16,,
407,entry,29,19,,
407,entry,30,,37,
407,entry,35,8,,
407,entry,36,46,,
407,entry,37,48,,
407,entry,38,47,,3
407,entry,39,13,,
407,entry,40,4,,
407,entry,46,,64,
407,entry,47,,19,
407,entry,48,80,,
407,entry,49,10,,7
407,entry,50,14,,
407,entry,57,40,,
407,entry,58,28,,
407,entry,59,49,,2
407,entry,60,79,,8
407,entry,68,90,,
407,entry,69,58,,
407,entry,70,38,,
407,entry,79,20,,
407,entry,80,,55,
407,entry,90,27,,
407,start,2,15,,
407,start,3,26,,
407,start,4,70,,
407,start,5,2,,
407,start,6,39,,
407,start,7,,28,
407,start,8,5,,
407,start,9,0,,
408,entry,0,4,,
408,entry,2,,37,
408,entry,3,60,,2
408,entry,4,20,,
408,entry,5,,28,
408,entry,6,10,,1
408,entry,7,38,,
408,entry,8,27,,
408,entry,9,69,,
408,entry,10,,55,
408,entry,13,68,,
408,entry,14,46,,
408,entry,15,3,,
408,entry,16,15,,
408,entry,17,,19,
408,entry,18,57,,7
408,entry,19,36,,
408,entry,20,6,,
408,entry,24,37,,
408,entry,25,,46,
408,entry,26,25,,
408,entry,27,9,,
408,entry,28,18,,
408,entry,29,70,,
408,entry,30,59,,
408,entry,35,35,,
408,entry,36,26,,
408,entry,37,19,,
408,entry,38,39,,
408,entry,39,5,,
408,entry,40,79,,
408,entry,46,2,,
408,entry,47,29,,
408,entry,48,7,,
408,entry,49,49,,
408,entry,50,80,,
408,entry,57,0,,
408,entry,58,,73,4
408,entry,59,16,,
408,entry,60,90,,
408,entry,68,48,,
408,entry,69,47,,
408,entry,70,17,,6
408,entry,79,,82,
408,entry,80,40,,
408,entry,90,50,,3
408,start,2,28,,5
408,start,3,58,,
408,start,4,30,,
408,start,5,14,,8
408,start,6,,64,
408,start,7,13,,
408,start,8,8,,
408,start,9,24,,
409,entry,0,69,,
409,entry,2,3,,1
409,entry,3,17,,
409,entry,4,36,,
409,entry,5,47,,8
409,entry,6,38,,2 4
409,entry,7,14,,
409,entry,8,,55,
409,entry,9,60,,
409,entry,10,,19,7
409,entry,13,,28,
409,entry,14,49,,
409,entry,15,,73,
409,entry,16,16,,5
409,entry,17,19,,
409,entry,18,,46,
409,entry,19,10,,
409,entry,20,30,,
409,entry,24,59,,
409,entry,25,,82,
409,entry,26,0,,
409,entry,27,46,,
409,entry,28,90,,
409,entry,29,29,,
409,entry,30,24,,
409,entry,35,58,,3
409,entry,36,48,,
409,entry,37,9,,
409,entry,38,13,,
409,entry,39,39,,
409,entry,40,,64,
409,entry,46,37,,
409,entry,47,79,,
409,entry,48,,37,
409,entry,49,2,,
409,entry,50,6,,
409,entry,57,7,,
409,entry,58,70,,
409,entry,59,28,,6
409,entry,60,8,,
409,entry,68,80,,
409,entry,69,25,,
409,entry,70,18,,
409,entry,79,35,,
409,entry,80,40,,
409,entry,90,50,,
409,start,2,5,,
409,start,3,4,,
409,start,4,26,,
409,start,5,15,,
409,start,6,27,,
409,start,7,68,,
409,start,8,20,,
409,start,9,57,,
410,entry,0,14,,
410,entry,2,4,,
410,entry,3,38,,
410,entry,4,47,,
410,entry,5,,46,
410,entry,6,58,,
410,entry,7,2,,2
410,entry,8,49,,
410,entry,9,,19,
410,entry,10,30,,1
410,entry,13,,37,
410,entry,14,37,,
410,entry,15,,82,3
410,entry,16,6,,
410,entry,17,35,,
410,entry,18,16,,
410,entry,19,57,,
410,entry,20,36,,
410,entry,24,9,,
410,entry,25,17,,
410,entry,26,25,,
410,entry,27,,55,
410,entry,28,13,,
410,entry,29,,73,
410,entry,30,40,,
410,entry,35,20,,
410,entry,36,68,,
410,entry,37,70,,
410,entry,38,50,,
410,entry,39,8,,
410,entry,40,90,,
410,entry,46,,28,6
410,entry,47,7,,4
410,entry,48,60,,
410,entry,49,18,,
410,entry,50,3,,
410,entry,57,39,,
410,entry,58,79,,8
410,entry,59,59,,
410,entry,60,,64,
410,entry,68,19,,
410,entry,69,69,,
410,entry,70,46,,7
410,entry,79,28,,5
410,entry,80,15,,
410,entry,90,48,,
410,start,2,26,,
410,start,3,27,,
410,start,4,80,,
410,start,5,29,,
410,start,6,10,,
410,start,7,24,,
410,start,8,5,,
410,start,9,0,,
411,entry,0,35,,6
411,entry,2,4,,4
411,entry,3,47,,
411,entry,4,50,,
411,entry,5,37,,
411,entry,6,15,,3
411,entry,7,69,,
411,entry,8,20,,
411,entry,9,59,,
411,entry,10,29,,
411,entry,13,,37,
411,entry,14,60,,
411,entry,15,14,,8
411,entry,16,17,,
411,entry,17,80,,
411,entry,18,18,,
411,entry,19,57,,
411,entry,20,2,,
411,entry,24,27,,
411,entry,25,70,,
411,entry,26,,73,
411,entry,27,90,,
411,entry,28,28,,
411,entry,29,26,,
411,entry,30,9,,
411,entry,35,40,,
411,entry,36,,82,
411,entry,37,,19,
411,entry,38,,28,1 7
411,entry,39,36,,
411,entry,40,19,,
411,entry,46,3,,
411,entry,47,39,,
411,entry,48,,55,
411,entry,49,46,,
411,entry,50,13,,
411,entry,57,5,,
411,entry,58,6,,
411,entry,59,,64,
411,entry,60,68,,5
411,entry,68,30,,
411,entry,69,7,,
411,entry,70,48,,
411,entry,79,25,,2
411,entry,80,58,,
411,entry,90,49,,
411,start,2,79,,
411,start,3,10,,
411,start,4,16,,
411,start,5,,46,
411,start,6,38,,
411,start,7,0,,
411,start,8,8,,
411,start,9,24,,
412,entry,0,29,,5
412,entry,2,6,,
412,entry,3,,82,
412,entry,4,5,,
412,entry,5,59,,
412,entry,6,48,,
412,entry,7,47,,8
412,entry,8,49,,
412,entry,9,90,,
412,entry,10,14,,
412,entry,13,4,,
412,entry,14,10,,
412,entry,15,19,,1
412,entry,16,58,,
412,entry,17,,73,
412,entry,18,0,,
412,entry,19,27,,
412,entry,20,9,,
412,entry,24,28,,
412,entry,25,24,,
412,entry,26,40,,
412,entry,27,15,,
412,entry,28,13,,
412,entry,29,68,,
412,entry,30,2,,
412,entry,35,,46,
412,entry,36,69,,7
412,entry,37,25,,6
412,entry,38,37,,
412,entry,39,,55,
412,entry,40,,28,
412,entry,46,39,,
412,entry,47,70,,3
412,entry,48,,64,
412,entry,49,16,,
412,entry,50,3,,
412,entry,57,,37,
412,entry,58,7,,
412,entry,59,26,,
412,entry,60,35,,
412,entry,68,17,,
412,entry,69,30,,
412,entry,70,8,,
412,entry,79,80,,2 4
412,entry,80,18,,
412,entry,90,79,,
412,start,2,38,,
412,start,3,46,,
412,start,4,50,,
412,start,5,,19,
412,start,6,36,,
412,start,7,60,,
412,start,8,20,,
412,start,9,57,,
413,entry,0,6,,
413,entry,2,,55,
413,entry,3,24,,
413,entry,4,69,,
413,entry,5,29,,5
413,entry,6,25,,
413,entry,7,19,,
413,entry,8,40,,
413,entry,9,49,,
413,entry,10,59,,
413,entry,13,8,,
413,entry,14,38,,
413,entry,15,9,,7
413,entry,16,18,,
413,entry,17,35,,
413,entry,18,57,,6
413,entry,19,28,,
413,entry,20,79,,8
413,entry,24,,64,
413,entry,25,15,,
413,entry,26,13,,
413,entry,27,60,,
413,entry,28,36,,
413,entry,29,90,,
413,entry,30,80,,2
413,entry,35,,73,
413,entry,36,,37,
413,entry,37,,46,
413,entry,38,46,,
413,entry,39,16,,1
413,entry,40,58,,
413,entry,46,26,,
413,entry,47,4,,
413,entry,48,68,,
413,entry,49,50,,
413,entry,50,20,,
413,entry,57,14,,4
413,entry,58,,82,
413,entry,59,37,,
413,entry,60,30,,
413,entry,68,3,,
413,entry,69,48,,
413,entry,70,7,,
413,entry,79,,19,
413,entry,80,17,,
413,entry,90,27,,3
413,start,2,10,,
413,start,3,70,,
413,start,4,39,,
413,start,5,2,,
413,start,6,47,,
413,start,7,,28,
413,start,8,5,,
413,start,9,0,,
414,entry,0,46,,
414,entry,2,20,,
414,entry,3,70,,
414,entry,4,,37,
414,entry,5,,19,
414,entry,6,29,,
414,entry,7,9,,6
414,entry,8,17,,
414,entry,9,37,,
414,entry,10,,64,
414,entry,13,14,,8
414,entry,14,4,,4
414,entry,15,49,,7
414,entry,16,,28,
414,entry,17,40,,
414,entry,18,57,,
414,entry,19,47,,
414,entry,20,7,,
414,entry,24,48,,
414,entry,25,18,,
414,entry,26,,82,
414,entry,27,50,,3
414,entry,28,,73,
414,entry,29,38,,
414,entry,30,59,,1
414,entry,35,2,,
414,entry,36,39,,
414,entry,37,15,,
414,entry,38,5,,
414,entry,39,3,,
414,entry,40,69,,
414,entry,46,10,,
414,entry,47,36,,
414,entry,48,79,,
414,entry,49,0,,
414,entry,50,80,,
414,entry,57,19,,
414,entry,58,25,,
414,entry,59,60,,2
414,entry,60,90,,
414,entry,68,26,,
414,entry,69,68,,
414,entry,70,,46,
414,entry,79,16,,
414,entry,80,35,,
414,entry,90,,55,
414,start,2,28,,5
414,start,3,58,,
414,start,4,30,,
414,start,5,27,,
414,start,6,13,,
414,start,7,6,,
414,start,8,8,,
414,start,9,24,,
415,entry,0,59,,
415,entry,2,24,,
415,entry,3,27,,
415,entry,4,70,,
415,entry,5,68,,
415,entry,6,9,,
415,entry,7,7,,7
415,entry,8,69,,
415,entry,9,17,,
415,entry,10,6,,
415,entry,13,37,,
415,entry,14,80,,1
415,entry,15,,37,
415,entry,16,26,,
415,entry,17,90,,
415,entry,18,79,,
415,entry,19,28,,6
415,entry,20,8,,
415,entry,24,16,,
415,entry,25,4,,
415,entry,26,36,,
415,entry,27,2,,2 4
415,entry,28,0,,
415,entry,29,25,,
415,entry,30,18,,
415,entry,35,,19,
415,entry,36,46,,
415,entry,37,48,,5
415,entry,38,10,,
415,entry,39,35,,
415,entry,40,47,,8
415,entry,46,3,,3
415,entry,47,30,,
415,entry,48,19,,
415,entry,49,,55,
415,entry,50,50,,
415,entry,57,,73,
415,entry,58,49,,
415,entry,59,,46,
415,entry,60,60,,
415,entry,68,,64,
415,entry,69,,28,
415,entry,70,40,,
415,entry,79,14,,
415,entry,80,29,,
415,entry,90,39,,
415,start,2,5,,
415,start,3,38,,
415,start,4,58,,
415,start,5,15,,
415,start,6,,82,
415,start,7,13,,
415,start,8,20,,
415,start,9,57,,
416,entry,0,47,,
416,entry,2,20,,
416,entry,3,3,,3
416,entry,4,,82,
416,entry,5,79,,8
416,entry,6,2,,2
416,entry,7,16,,
416,entry,8,29,,
416,entry,9,90,,
416,entry,10,15,,
416,entry,13,70,,
416,entry,14,,28,6
416,entry,15,58,,
416,entry,16,35,,
416,entry,17,24,,
416,entry,18,39,,
416,entry,19,80,,
416,entry,20,37,,
416,entry,24,,64,
416,entry,25,6,,
416,entry,26,,55,
416,entry,27,8,,
416,entry,28,49,,
416,entry,29,13,,
416,entry,30,38,,
416,entry,35,68,,
416,entry,36,50,,
416,entry,37,18,,
416,entry,38,59,,
416,entry,39,,37,
416,entry,40,,46,
416,entry,46,60,,4
416,entry,47,57,,
416,entry,48,19,,
416,entry,49,4,,
416,entry,50,26,,
416,entry,57,27,,7
416,entry,58,28,,5
416,entry,59,48,,
416,entry,60,36,,
416,entry,68,10,,
416,entry,69,,19,
416,entry,70,30,,1
416,entry,79,25,,
416,entry,80,17,,
416,entry,90,40,,
416,start,2,7,,
416,start,3,9,,
416,start,4,14,,
416,start,5,69,,
416,start,6,,73,
416,start,7,46,,
416,start,8,5,,
416,start,9,0,,
417,entry,0,49,,
417,entry,2,15,,3
417,entry,3,36,,
417,entry,4,35,,
417,entry,5,79,,
417,entry,6,25,,2
417,entry,7,58,,
417,entry,8,3,,
417,entry,9,27,,
417,entry,10,,19,
417,entry,13,5,,
417,entry,14,,55,
417,entry,15,59,,
417,entry,16,20,,
417,entry,17,19,,
417,entry,18,37,,
417,entry,19,48,,
417,entry,20,2,,
417,entry,24,6,,
417,entry,25,30,,
417,entry,26,18,,
417,entry,27,29,,
417,entry,28,68,,5
417,entry,29,47,,
417,entry,30,13,,
417,entry,35,,46,
417,entry,36,28,,
417,entry,37,40,,
417,entry,38,4,,
417,entry,39,57,,4
417,entry,40,38,,
417,entry,46,17,,1 7
417,entry,47,50,,
417,entry,48,14,,8
417,entry,49,9,,6
417,entry,50,,73,
417,entry,57,60,,
417,entry,58,46,,
417,entry,59,26,,
417,entry,60,70,,
417,entry,68,,64,
417,entry,69,16,,
417,entry,70,69,,
417,entry,79,,28,
417,entry,80,80,,
417,entry,90,90,,
417,start,2,7,,
417,start,3,10,,
417,start,4,39,,
417,start,5,,82,
417,start,6,,37,
417,start,7,0,,
417,start,8,8,,
417,start,9,24,,
418,entry,0,16,,
418,entry,2,,82,
418,entry,3,68,,
418,entry,4,24,,
418,entry,5,47,,8
418,entry,6,70,,3
418,entry,7,13,,
418,entry,8,,73,
418,entry,9,6,,
418,entry,10,90,,
418,entry,13,28,,
418,entry,14,,46,
418,entry,15,39,,
418,entry,16,4,,
418,entry,17,,37,
418,entry,18,80,,2 4
418,entry,19,48,,
418,entry,20,29,,5
418,entry,24,5,,
418,entry,25,37,,
418,entry,26,17,,
418,entry,27,46,,
418,entry,28,18,,
418,entry,29,49,,
418,entry,30,14,,
418,entry,35,19,,1
418,entry,36,27,,
418,entry,37,,64,
418,entry,38,58,,
418,entry,39,26,,
418,entry,40,9,,
418,entry,46,38,,7
418,entry,47,15,,
418,entry,48,10,,
418,entry,49,8,,
418,entry,50,30,,
418,entry,57,25,,6
418,entry,58,36,,
418,entry,59,0,,
418,entry,60,40,,
418,entry,68,3,,
418,entry,69,35,,
418,entry,70,69,,
418,entry,79,,55,
418,entry,80,79,,
418,entry,90,,19,
418,start,2,7,,
418,start,3,,28,
418,start,4,50,,
418,start,5,59,,
418,start,6,2,,
418,start,7,60,,
418,start,8,20,,
418,start,9,57,,
419,entry,0,35,,
419,entry,2,,82,
419,entry,3,,73,
419,entry,4,,46,
419,entry,5,48,,
419,entry,6,28,,
419,entry,7,20,,
419,entry,8,16,,
419,entry,9,9,,5
419,entry,10,,64,
419,entry,13,3,,
419,entry,14,26,,
419,entry,15,,19,
419,entry,16,90,,
419,entry,17,30,,
419,entry,18,47,,
419,entry,19,8,,
419,entry,20,14,,
419,entry,24,15,,
419,entry,25,40,,
419,entry,26,70,,1
419,entry,27,17,,
419,entry,28,60,,
419,entry,29,,55,
419,entry,30,13,,
419,entry,35,57,,6
419,entry,36,46,,
419,entry,37,27,,
419,entry,38,39,,
419,entry,39,6,,
419,entry,40,,37,4
419,entry,46,68,,7
419,entry,47,37,,3
419,entry,48,10,,
419,entry,49,79,,8
419,entry,50,25,,
419,entry,57,29,,
419,entry,58,49,,2
419,entry,59,38,,
419,entry,60,18,,
419,entry,68,58,,
419,entry,69,7,,
419,entry,70,59,,
419,entry,79,4,,
419,entry,80,69,,
419,entry,90,24,,
419,start,2,36,,
419,start,3,50,,
419,start,4,19,,
419,start,5,2,,
419,start,6,80,,
419,start,7,,28,
419,start,8,5,,
419,start,9,0,,
420,entry,0,10,,
420,entry,2,36,,
420,entry,3,50,,3
420,entry,4,0,,
420,entry,5,80,,
420,entry,6,60,,2
420,entry,7,,82,
420,entry,8,70,,
420,entry,9,2,,
420,entry,10,20,,
420,entry,13,,46,
420,entry,14,,19,6
420,entry,15,14,,8
420,entry,16,68,,
420,entry,17,49,,
420,entry,18,5,,1
420,entry,19,,28,4
420,entry,20,6,,
420,entry,24,40,,
420,entry,25,79,,
420,entry,26,19,,
420,entry,27,59,,
420,entry,28,46,,
420,entry,29,48,,
420,entry,30,90,,
420,entry,35,35,,
420,entry,36,29,,
420,entry,37,15,,
420,entry,38,,64,
420,entry,39,4,,
420,entry,40,3,,
420,entry,46,69,,
420,entry,47,25,,
420,entry,48,7,,
420,entry,49,47,,
420,entry,50,16,,
420,entry,57,38,,
420,entry,58,57,,
420,entry,59,17,,
420,entry,60,,37,
420,entry,68,,73,
420,entry,69,27,,
420,entry,70,13,,7
420,entry,79,37,,
420,entry,80,18,,
420,entry,90,,55,
420,start,2,28,,5
420,start,3,58,,
420,start,4,30,,
420,start,5,39,,
420,start,6,26,,
420,start,7,9,,
420,start,8,8,,
420,start,9,24,,
421,entry,0,37,,7
421,entry,2,79,,
421,entry,3,,28,
421,entry,4,90,,
421,entry,5,,55,
421,entry,6,39,,
421,entry,7,18,,
421,entry,8,46,,
421,entry,9,27,,
421,entry,10,30,,
421,entry,13,19,,
421,entry,14,,19,
421,entry,15,,46,
421,entry,16,47,,8
421,entry,17,58,,
421,entry,18,38,,
421,entry,19,4,,3
421,entry,20,3,,
421,entry,24,2,,
421,entry,25,,73,
421,entry,26,28,,6
421,entry,27,50,,
421,entry,28,48,,
421,entry,29,69,,
421,entry,30,13,,2 4
421,entry,35,10,,
421,entry,36,25,,
421,entry,37,60,,
421,entry,38,24,,
421,entry,39,26,,
421,entry,40,49,,5
421,entry,46,35,,
421,entry,47,,37,
421,entry,48,0,,
421,entry,49,36,,
421,entry,50,40,,
421,entry,57,29,,
421,entry,58,6,,
421,entry,59,,82,
421,entry,60,70,,
421,entry,68,8,,
421,entry,69,80,,
421,entry,70,,64,
421,entry,79,14,,1
421,entry,80,7,,
421,entry,90,17,,
421,start,2,5,,
421,start,3,68,,
421,start,4,59,,
421,start,5,15,,
421,start,6,9,,
421,start,7,16,,
421,start,8,20,,
421,start,9,57,,
422,entry,0,90,,
422,entry,2,40,,
422,entry,3,30,,1
422,entry,4,26,,
422,entry,5,47,,
422,entry,6,,28,6
422,entry,7,37,,4 7
422,entry,8,3,,
422,entry,9,13,,
422,entry,10,25,,
422,entry,13,27,,
422,entry,14,36,,
422,entry,15,18,,
422,entry,16,7,,
422,entry,17,10,,
422,entry,18,14,,
422,entry,19,,37,
422,entry,20,39,,
422,entry,24,46,,
422,entry,25,,73,
422,entry,26,57,,3
422,entry,27,58,,
422,entry,28,8,,
422,entry,29,4,,
422,entry,30,49,,
422,entry,35,38,,
422,entry,36,15,,
422,entry,37,6,,
422,entry,38,2,,2
422,entry,39,28,,5
422,entry,40,59,,
422,entry,46,20,,
422,entry,47,69,,
422,entry,48,35,,
422,entry,49,50,,
422,entry,50,48,,
422,entry,57,29,,
422,entry,58,,55,
422,entry,59,16,,
422,entry,60,,19,
422,entry,68,68,,
422,entry,69,,46,
422,entry,70,60,,
422,entry,79,9,,
422,entry,80,70,,
422,entry,90,80,,
422,start,2,17,,
422,start,3,19,,
422,start,4,24,,
422,start,5,79,,8
422,start,6,,82,
422,start,7,,64,
422,start,8,5,,
422,start,9,0,,
423,entry,0,38,,
423,entry,2,49,,
423,entry,3,90,,
423,entry,4,6,,
423,entry,5,5,,
423,entry,6,,73,
423,entry,7,18,,
423,entry,8,57,,
423,entry,9,17,,
423,entry,10,48,,
423,entry,13,70,,
423,entry,14,35,,
423,entry,15,15,,3
423,entry,16,,82,
423,entry,17,28,,
423,entry,18,79,,
423,entry,19,59,,
423,entry,20,60,,
423,entry,24,27,,
423,entry,25,,37,
423,entry,26,9,,
423,entry,27,39,,1 7
423,entry,28,4,,
423,entry,29,68,,5
423,entry,30,37,,
423,entry,35,,55,
423,entry,36,19,,
423,entry,37,,64,
423,entry,38,14,,8
423,entry,39,36,,
423,entry,40,69,,
423,entry,46,,28,
423,entry,47,7,,
423,entry,48,,46,
423,entry,49,46,,
423,entry,50,80,,4
423,entry,57,30,,
423,entry,58,25,,2
423,entry,59,3,,
423,entry,60,2,,6
423,entry,68,20,,
423,entry,69,40,,
423,entry,70,58,,
423,entry,79,47,,
423,entry,80,29,,
423,entry,90,16,,
423,start,2,50,,
423,start,3,10,,
423,start,4,13,,
423,start,5,,19,
423,start,6,26,,
423,start,7,0,,
423,start,8,8,,
423,start,9,24,,
424,entry,0,10,,
424,entry,2,0,,
424,entry,3,70,,3
424,entry,4,69,,
424,entry,5,,19,
424,entry,6,80,,2 4
424,entry,7,68,,
424,entry,8,48,,
424,entry,9,28,,
424,entry,10,,73,
424,entry,13,30,,
424,entry,14,15,,
424,entry,15,2,,
424,entry,16,,55,
424,entry,17,35,,
424,entry,18,58,,
424,entry,19,,82,
424,entry,20,37,,
424,entry,24,25,,6
424,entry,25,,28,7
424,entry,26,13,,
424,entry,27,17,,
424,entry,28,7,,
424,entry,29,40,,
424,entry,30,39,,
424,entry,35,59,,
424,entry,36,,64,
424,entry,37,6,,
424,entry,38,36,,
424,entry,39,26,,
424,entry,40,27,,
424,entry,46,49,,
424,entry,47,8,,
424,entry,48,46,,
424,entry,49,29,,5
424,entry,50,19,,1
424,entry,57,47,,8
424,entry,58,3,,
424,entry,59,14,,
424,entry,60,24,,
424,entry,68,4,,
424,entry,69,9,,
424,entry,70,,46,
424,entry,79,38,,
424,entry,80,5,,
424,entry,90,,37,
424,start,2,79,,
424,start,3,90,,
424,start,4,50,,
424,start,5,16,,
424,start,6,18,,
424,start,7,60,,
424,start,8,20,,
424,start,9,57,,
425,entry,0,15,,
425,entry,2,9,,
425,entry,3,38,,
425,entry,4,70,,
425,entry,5,17,,
425,entry,6,68,,
425,entry,7,50,,
425,entry,8,48,,
425,entry,9,59,,
425,entry,10,,73,
425,entry,13,46,,
425,entry,14,80,,7
425,entry,15,29,,
425,entry,16,,82,4
425,entry,17,3,,
425,entry,18,,19,
425,entry,19,69,,3
425,entry,20,8,,
425,entry,24,27,,
425,entry,25,,37,5
425,entry,26,25,,
425,entry,27,13,,
425,entry,28,40,,
425,entry,29,14,,
425,entry,30,24,,
425,entry,35,60,,
425,entry,36,18,,
425,entry,37,35,,
425,entry,38,57,,6
425,entry,39,28,,
425,entry,40,37,,
425,entry,46,47,,
425,entry,47,36,,
425,entry,48,39,,
425,entry,49,90,,
425,entry,50,16,,2
425,entry,57,19,,
425,entry,58,49,,
425,entry,59,,55,1
425,entry,60,58,,
425,entry,68,10,,
425,entry,69,26,,
425,entry,70,20,,
425,entry,79,79,,8
425,entry,80,30,,
425,entry,90,,64,
425,start,2,,46,
425,start,3,7,,
425,start,4,4,,
425,start,5,2,,
425,start,6,6,,
425,start,7,,28,
425,start,8,5,,
425,start,9,0,,
426,entry,0,40,,
426,entry,2,49,,6
426,entry,3,69,,
426,entry,4,29,,
426,entry,5,68,,
426,entry,6,9,,
426,entry,7,0,,
426,entry,8,6,,
426,entry,9,20,,
426,entry,10,50,,3
426,entry,13,2,,
426,entry,14,26,,
426,entry,15,47,,
426,entry,16,35,,
426,entry,17,10,,
426,entry,18,7,,
426,entry,19,90,,7
426,entry,20,59,,
426,entry,24,79,,
426,entry,25,57,,
426,entry,26,,55,
426,entry,27,16,,
426,entry,28,,19,
426,entry,29,18,,
426,entry,30,36,,
426,entry,35,19,,
426,entry,36,46,,
426,entry,37,17,,
426,entry,38,38,,
426,entry,39,,37,
426,entry,40,,28,
426,entry,46,60,,2
426,entry,47,27,,
426,entry,48,14,,8
426,entry,49,5,,
426,entry,50,3,,
426,entry,57,,82,
426,entry,58,,46,1
426,entry,59,15,,4
426,entry,60,4,,
426,entry,68,13,,
426,entry,69,48,,
426,entry,70,39,,
426,entry,79,25,,
426,entry,80,80,,
426,entry,90,,64,
426,start,2,28,,5
426,start,3,58,,
426,start,4,30,,
426,start,5,,73,
426,start,6,70,,
426,start,7,37,,
426,start,8,8,,
426,start,9,24,,
427,entry,0,36,,
427,entry,2,70,,
427,entry,3,7,,2 4
427,entry,4,10,,
427,entry,5,58,,
427,entry,6,,46,
427,entry,7,39,,
427,entry,8,8,,
427,entry,9,46,,
427,entry,10,40,,
427,entry,13,2,,5
427,entry,14,90,,
427,entry,15,68,,
427,entry,16,14,,
427,entry,17,69,,
427,entry,18,18,,
427,entry,19,,64,1
427,entry,20,17,,
427,entry,24,49,,
427,entry,25,19,,
427,entry,26,,82,
427,entry,27,28,,6
427,entry,28,26,,
427,entry,29,38,,
427,entry,30,79,,
427,entry,35,13,,
427,entry,36,9,,
427,entry,37,25,,
427,entry,38,50,,
427,entry,39,4,,
427,entry,40,0,,
427,entry,46,48,,
427,entry,47,35,,
427,entry,48,60,,
427,entry,49,16,,
427,entry,50,27,,3
427,entry,57,,55,
427,entry,58,80,,
427,entry,59,24,,
427,entry,60,3,,
427,entry,68,29,,
427,entry,69,,37,
427,entry,70,47,,8
427,entry,79,6,,
427,entry,80,,73,
427,entry,90,59,,7
427,start,2,5,,
427,start,3,,19,
427,start,4,,28,
427,start,5,15,,
427,start,6,30,,
427,start,7,37,,
427,start,8,20,,
427,start,9,57,,
428,entry,0,29,,
428,entry,2,28,,5
428,entry,3,17,,
428,entry,4,37,,
428,entry,5,46,,
428,entry,6,40,,
428,entry,7,38,,
428,entry,8,14,,
428,entry,9,49,,
428,entry,10,16,,
428,entry,13,57,,
428,entry,14,68,,
428,entry,15,48,,
428,entry,16,90,,
428,entry,17,80,,
428,entry,18,36,,3
428,entry,19,59,,4
428,entry,20,70,,
428,entry,24,,82,
428,entry,25,,19,
428,entry,26,79,,8
428,entry,27,13,,
428,entry,28,69,,
428,entry,29,19,,
428,entry,30,18,,
428,entry,35,27,,
428,entry,36,10,,
428,entry,37,,37,
428,entry,38,20,,
428,entry,39,58,,
428,entry,40,39,,
428,entry,46,50,,
428,entry,47,30,,1
428,entry,48,47,,
428,entry,49,6,,
428,entry,50,,73,
428,entry,57,,46,
428,entry,58,25,,
428,entry,59,,64,
428,entry,60,15,,
428,entry,68,26,,7
428,entry,69,3,,
428,entry,70,2,,2
428,entry,79,,28,6
428,entry,80,35,,
428,entry,90,,55,
428,start,2,24,,
428,start,3,7,,
428,start,4,60,,
428,start,5,9,,
428,start,6,8,,
428,start,7,4,,
428,start,8,5,,
428,start,9,0,,
429,entry,0,3,,
429,entry,2,,82,
429,entry,3,48,,
429,entry,4,13,,
429,entry,5,29,,
429,entry,6,,46,
429,entry,7,6,,1 7
429,entry,8,59,,
429,entry,9,68,,5
429,entry,10,,37,
429,entry,13,58,,
429,entry,14,47,,
429,entry,15,80,,
429,entry,16,35,,
429,entry,17,16,,
429,entry,18,69,,
429,entry,19,,64,
429,entry,20,27,,
429,entry,24,70,,
429,entry,25,90,,
429,entry,26,40,,
429,entry,27,38,,
429,entry,28,26,,
429,entry,29,7,,
429,entry,30,37,,4
429,entry,35,36,,
429,entry,36,5,,
429,entry,37,30,,
429,entry,38,25,,2
429,entry,39,50,,
429,entry,40,,73,6
429,entry,46,15,,3
429,entry,47,4,,
429,entry,48,20,,
429,entry,49,60,,
429,entry,50,9,,
429,entry,57,14,,8
429,entry,58,18,,
429,entry,59,79,,
429,entry,60,,55,
429,entry,68,28,,
429,entry,69,39,,
429,entry,70,,19,
429,entry,79,49,,
429,entry,80,2,,
429,entry,90,17,,
429,start,2,,28,
429,start,3,10,,
429,start,4,19,,
429,start,5,57,,
429,start,6,46,,
429,start,7,0,,
429,start,8,8,,
429,start,9,24,,
430,entry,0,27,,
430,entry,2,17,,
430,entry,3,,64,
430,entry,4,29,,5
430,entry,5,28,,
430,entry,6,19,,1
430,entry,7,49,,
430,entry,8,69,,
430,entry,9,,55,
430,entry,10,30,,
430,entry,13,7,,
430,entry,14,14,,
430,entry,15,,82,
430,entry,16,24,,
430,entry,17,59,,
430,entry,18,48,,
430,entry,19,80,,2 4
430,entry,20,40,,
430,entry,24,9,,
430,entry,25,0,,
430,entry,26,,46,
430,entry,27,46,,
430,entry,28,58,,
430,entry,29,,37,
430,entry,30,90,,
430,entry,35,10,,7
430,entry,36,5,,
430,entry,37,35,,
430,entry,38,15,,
430,entry,39,,19,
430,entry,40,,28,
430,entry,46,2,,
430,entry,47,39,,
430,entry,48,25,,6
430,entry,49,16,,
430,entry,50,,73,
430,entry,57,4,,
430,entry,58,70,,3
430,entry,59,38,,
430,entry,60,13,,
430,entry,68,79,,
430,entry,69,8,,
430,entry,70,37,,
430,entry,79,18,,
430,entry,80,47,,8
430,entry,90,26,,
430,start,2,68,,
430,start,3,6,,
430,start,4,50,,
430,start,5,3,,
430,start,6,36,,
430,start,7,60,,
430,start,8,20,,
430,start,9,57,,
431,entry,0,6,,
431,entry,2,68,,1
431,entry,3,28,,
431,entry,4,,37,
431,entry,5,58,,
431,entry,6,27,,
431,entry,7,7,,
431,entry,8,18,,
431,entry,9,3,,
431,entry,10,79,,8
431,entry,13,90,,
431,entry,14,4,,3
431,entry,15,20,,
431,entry,16,37,,
431,entry,17,,73,
431,entry,18,19,,7
431,entry,19,29,,
431,entry,20,48,,
431,entry,24,59,,
431,entry,25,30,,
431,entry,26,69,,
431,entry,27,38,,
431,entry,28,15,,
431,entry,29,35,,
431,entry,30,,19,
431,entry,35,13,,
431,entry,36,8,,
431,entry,37,47,,
431,entry,38,36,,
431,entry,39,16,,
431,entry,40,40,,
431,entry,46,9,,2
431,entry,47,,46,
431,entry,48,39,,5
431,entry,49,26,,
431,entry,50,57,,6
431,entry,57,17,,
431,entry,58,60,,
431,entry,59,14,,
431,entry,60,46,,
431,entry,68,70,,
431,entry,69,24,,4
431,entry,70,,64,
431,entry,79,25,,
431,entry,80,10,,
431,entry,90,50,,
431,start,2,,55,
431,start,3,80,,
431,start,4,49,,
431,start,5,2,,
431,start,6,,82,
431,start,7,,28,
431,start,8,5,,
431,start,9,0,,
432,entry,0,38,,
432,entry,2,4,,
432,entry,3,,64,
432,entry,4,48,,
432,entry,5,18,,
432,entry,6,,19,
432,entry,7,50,,3
432,entry,8,90,,
432,entry,9,27,,
432,entry,10,17,,1
432,entry,13,7,,
432,entry,14,15,,
432,entry,15,6,,
432,entry,16,13,,
432,entry,17,26,,
432,entry,18,25,,
432,entry,19,37,,
432,entry,20,35,,
432,entry,24,57,,
432,entry,25,70,,
432,entry,26,46,,
432,entry,27,36,,
432,entry,28,79,,
432,entry,29,20,,
432,entry,30,,55,
432,entry,35,5,,4
432,entry,36,10,,
432,entry,37,14,,8
432,entry,38,,28,
432,entry,39,60,,2
432,entry,40,0,,
432,entry,46,,37,7
432,entry,47,,46,
432,entry,48,3,,
432,entry,49,68,,
432,entry,50,,73,
432,entry,57,16,,
432,entry,58,2,,6
432,entry,59,29,,
432,entry,60,,82,
432,entry,68,40,,
432,entry,69,39,,
432,entry,70,9,,
432,entry,79,80,,
432,entry,80,59,,
432,entry,90,69,,
432,start,2,28,,5
432,start,3,58,,
432,start,4,30,,
432,start,5,49,,
432,start,6,47,,
432,start,7,19,,
432,start,8,8,,
432,start,9,24,,
433,entry,0,14,,
433,entry,2,80,,
433,entry,3,2,,
433,entry,4,,55,
433,entry,5,0,,
433,entry,6,50,,
433,entry,7,24,,
433,entry,8,48,,
433,entry,9,10,,
433,entry,10,26,,
433,entry,13,70,,
433,entry,14,,46,
433,entry,15,28,,6
433,entry,16,60,,
433,entry,17,16,,
433,entry,18,46,,
433,entry,19,7,,
433,entry,20,19,,
433,entry,24,79,,7
433,entry,25,25,,
433,entry,26,69,,
433,entry,27,6,,
433,entry,28,90,,
433,entry,29,17,,
433,entry,30,4,,
433,entry,35,35,,
433,entry,36,29,,
433,entry,37,8,,
433,entry,38,,19,1
433,entry,39,,82,
433,entry,40,68,,
433,entry,46,39,,
433,entry,47,18,,
433,entry,48,58,,
433,entry,49,9,,
433,entry,50,49,,
433,entry,57,37,,
433,entry,58,30,,
433,entry,59,47,,3 8
433,entry,60,36,,
433,entry,68,40,,
433,entry,69,,37,
433,entry,70,27,,2 4
433,entry,79,38,,
433,entry,80,3,,5
433,entry,90,59,,
433,start,2,5,,
433,start,3,,28,
433,start,4,13,,
433,start,5,15,,
433,start,6,,64,
433,start,7,,73,
433,start,8,20,,
433,start,9,57,,
434,entry,0,,19,
434,entry,2,48,,
434,entry,3,8,,
434,entry,4,90,,
434,entry,5,59,,
434,entry,6,,82,
434,entry,7,,28,6
434,entry,8,,46,
434,entry,9,29,,
434,entry,10,9,,
434,entry,13,18,,
434,entry,14,57,,
434,entry,15,30,,1
434,entry,16,37,,
434,entry,17,79,,8
434,entry,18,26,,4
434,entry,19,14,,
434,entry,20,80,,
434,entry,24,,73,
434,entry,25,50,,
434,entry,26,38,,
434,entry,27,27,,3
434,entry,28,46,,
434,entry,29,24,,
434,entry,30,13,,
434,entry,35,40,,
434,entry,36,39,,
434,entry,37,4,,
434,entry,38,58,,
434,entry,39,15,,
434,entry,40,3,,
434,entry,46,49,,
434,entry,47,20,,
434,entry,48,6,,
434,entry,49,68,,
434,entry,50,70,,
434,entry,57,47,,
434,entry,58,7,,
434,entry,59,2,,2
434,entry,60,60,,7
434,entry,68,17,,
434,entry,69,35,,
434,entry,70,28,,5
434,entry,79,,55,
434,entry,80,,64,
434,entry,90,16,,
434,start,2,10,,
434,start,3,,37,
434,start,4,19,,
434,start,5,36,,
434,start,6,25,,
434,start,7,69,,
434,start,8,5,,
434,start,9,0,,
435,entry,0,2,,
435,entry,2,,19,
435,entry,3,,55,
435,entry,4,14,,8
435,entry,5,6,,
435,entry,6,9,,
435,entry,7,49,,
435,entry,8,13,,
435,entry,9,20,,
435,entry,10,36,,
435,entry,13,68,,5
435,entry,14,69,,
435,entry,15,16,,4
435,entry,16,19,,
435,entry,17,59,,
435,entry,18,,37,
435,entry,19,18,,
435,entry,20,46,,
435,entry,24,80,,
435,entry,25,37,,6
435,entry,26,29,,
435,entry,27,60,,
435,entry,28,4,,
435,entry,29,28,,
435,entry,30,48,,
435,entry,35,39,,
435,entry,36,7,,
435,entry,37,35,,
435,entry,38,26,,
435,entry,39,,46,1 7
435,entry,40,58,,
435,entry,46,38,,
435,entry,47,17,,
435,entry,48,5,,
435,entry,49,,28,
435,entry,50,47,,
435,entry,57,70,,
435,entry,58,15,,3
435,entry,59,79,,
435,entry,60,57,,
435,entry,68,,82,
435,entry,69,30,,
435,entry,70,40,,
435,entry,79,3,,
435,entry,80,50,,
435,entry,90,25,,2
435,start,2,,64,
435,start,3,10,,
435,start,4,,73,
435,start,5,27,,
435,start,6,90,,
435,start,7,0,,
435,start,8,8,,
435,start,9,24,,
436,entry,0,7,,
436,entry,2,27,,
436,entry,3,68,,
436,entry,4,25,,6
436,entry,5,40,,
436,entry,6,90,,
436,entry,7,8,,
436,entry,8,6,,
436,entry,9,13,,
436,entry,10,39,,
436,entry,13,49,,
436,entry,14,70,,3
436,entry,15,38,,
436,entry,16,4,,
436,entry,17,18,,
436,entry,18,35,,
436,entry,19,,37,
436,entry,20,,64,
436,entry,24,3,,
436,entry,25,48,,
436,entry,26,,73,
436,entry,27,59,,
436,entry,28,,55,
436,entry,29,29,,5
436,entry,30,19,,1
436,entry,35,15,,
436,entry,36,0,,7
436,entry,37,17,,
436,entry,38,10,,
436,entry,39,14,,
436,entry,40,24,,
436,entry,46,30,,
436,entry,47,80,,2 4
436,entry,48,2,,
436,entry,49,9,,
436,entry,50,,46,
436,entry,57,46,,
436,entry,58,47,,8
436,entry,59,37,,
436,entry,60,5,,
436,entry,68,36,,
436,entry,69,16,,
436,entry,70,,19,
436,entry,79,26,,
436,entry,80,28,,
436,entry,90,,82,
436,start,2,58,,
436,start,3,79,,
436,start,4,50,,
436,start,5,,28,
436,start,6,69,,
436,start,7,60,,
436,start,8,20,,
436,start,9,57,,
437,entry,0,40,,
437,entry,2,,19,
437,entry,3,19,,
437,entry,4,90,,
437,entry,5,,82,
437,entry,6,8,,2
437,entry,7,10,,
437,entry,8,,64,5
437,entry,9,50,,
437,entry,10,57,,6
437,entry,13,48,,
437,entry,14,15,,1
437,entry,15,9,,3
437,entry,16,58,,
437,entry,17,,46,
437,entry,18,4,,
437,entry,19,69,,
437,entry,20,70,,
437,entry,24,49,,
437,entry,25,17,,
437,entry,26,20,,
437,entry,27,26,,
437,entry,28,14,,
437,entry,29,79,,4 8
437,entry,30,80,,
437,entry,35,28,,
437,entry,36,30,,
437,entry,37,36,,7
437,entry,38,24,,
437,entry,39,25,,
437,entry,40,13,,
437,entry,46,68,,
437,entry,47,27,,
437,entry,48,16,,
437,entry,49,18,,
437,entry,50,,37,
437,entry,57,47,,
437,entry,58,38,,
437,entry,59,,55,
437,entry,60,3,,
437,entry,68,37,,
437,entry,69,6,,
437,entry,70,46,,
437,entry,79,60,,
437,entry,80,35,,
437,entry,90,59,,
437,start,2,39,,
437,start,3,29,,
437,start,4,7,,
437,start,5,2,,
437,start,6,,73,
437,start,7,,28,
437,start,8,5,,
437,start,9,0,,
438,entry,0,48,,
438,entry,2,38,,4
438,entry,3,80,,
438,entry,4,,82,
438,entry,5,90,,
438,entry,6,50,,3
438,entry,7,2,,
438,entry,8,39,,
438,entry,9,,73,
438,entry,10,,19,
438,entry,13,29,,
438,entry,14,19,,7
438,entry,15,47,,
438,entry,16,,28,
438,entry,17,79,,
438,entry,18,60,,2
438,entry,19,,37,
438,entry,20,13,,
438,entry,24,18,,
438,entry,25,9,,
438,entry,26,36,,
438,entry,27,3,,
438,entry,28,68,,
438,entry,29,4,,
438,entry,30,59,,
438,entry,35,49,,
438,entry,36,5,,
438,entry,37,70,,
438,entry,38,35,,
438,entry,39,14,,8
438,entry,40,69,,
438,entry,46,15,,
438,entry,47,57,,6
438,entry,48,,55,
438,entry,49,16,,
438,entry,50,0,,
438,entry,57,40,,
438,entry,58,27,,
438,entry,59,17,,
438,entry,60,10,,
438,entry,68,37,,
438,entry,69,46,,
438,entry,70,20,,1
438,entry,79,,64,
438,entry,80,25,,
438,entry,90,26,,
438,start,2,28,,5
438,start,3,58,,
438,start,4,30,,
438,start,5,6,,
438,start,6,7,,
438,start,7,,46,
438,start,8,8,,
438,start,9,24,,
439,entry,0,60,,
439,entry,2,50,,
439,entry,3,18,,
439,entry,4,49,,
439,entry,5,4,,
439,entry,6,13,,
439,entry,7,30,,
439,entry,8,27,,
439,entry,9,80,,
439,entry,10,70,,
439,entry,13,69,,
439,entry,14,6,,
439,entry,15,14,,
439,entry,16,,37,
439,entry,17,40,,
439,entry,18,37,,
439,entry,19,90,,
439,entry,20,29,,
439,entry,24,8,,
439,entry,25,59,,
439,entry,26,46,,
439,entry,27,2,,
439,entry,28,36,,
439,entry,29,,82,
439,entry,30,39,,
439,entry,35,24,,
439,entry,36,0,,
439,entry,37,17,,
439,entry,38,,19,2 4
439,entry,39,9,,
439,entry,40,7,,
439,entry,46,10,,1
439,entry,47,,28,3
439,entry,48,38,,5
439,entry,49,16,,
439,entry,50,28,,6
439,entry,57,58,,
439,entry,58,47,,8
439,entry,59,26,,
439,entry,60,25,,
439,entry,68,79,,
439,entry,69,19,,
439,entry,70,35,,
439,entry,79,68,,
439,entry,80,,55,
439,entry,90,,46,
439,start,2,5,,
439,start,3,,73,
439,start,4,48,,
439,start,5,15,,
439,start,6,,64,7
439,start,7,3,,
439,start,8,20,,
439,start,9,57,,
440,entry,0,,73,
440,entry,2,57,,
440,entry,3,17,,
440,entry,4,,37,
440,entry,5,10,,
440,entry,6,20,,
440,entry,7,8,,
440,entry,8,35,,
440,entry,9,68,,
440,entry,10,48,,
440,entry,13,36,,
440,entry,14,40,,
440,entry,15,50,,
440,entry,16,47,,
440,entry,17,18,,
440,entry,18,,55,
440,entry,19,16,,
440,entry,20,,19,
440,entry,24,90,,
440,entry,25,60,,
440,entry,26,29,,
440,entry,27,,28,6
440,entry,28,46,,
440,entry,29,79,,8
440,entry,30,39,,
440,entry,35,30,,1
440,entry,36,9,,
440,entry,37,80,,
440,entry,38,,64,4
440,entry,39,15,,
440,entry,40,49,,
440,entry,46,38,,
440,entry,47,,82,3
440,entry,48,37,,
440,entry,49,25,,
440,entry,50,59,,
440,entry,57,7,,
440,entry,58,58,,
440,entry,59,14,,
440,entry,60,24,,
440,entry,68,6,,
440,entry,69,19,,
440,entry,70,,46,
440,entry,79,2,,2
440,entry,80,3,,
440,entry,90,28,,5
440,start,2,13,,
440,start,3,26,,
440,start,4,69,,
440,start,5,27,,
440,start,6,4,,7
440,start,7,70,,
440,start,8,5,,
440,start,9,0,,
441,entry,0,57,,
441,entry,2,47,,
441,entry,3,15,,3
441,entry,4,80,,
441,entry,5,30,,
441,entry,6,18,,
441,entry,7,50,,
441,entry,8,68,,5
441,entry,9,3,,
441,entry,10,29,,
441,entry,13,6,,
441,entry,14,,64,
441,entry,15,49,,
441,entry,16,28,,
441,entry,17,60,,
441,entry,18,79,,
441,entry,19,13,,4
441,entry,20,58,,
441,entry,24,5,,
441,entry,25,59,,
441,entry,26,,19,1 7
441,entry,27,9,,
441,entry,28,16,,
441,entry,29,14,,6 8
441,entry,30,,37,
441,entry,35,69,,
441,entry,36,17,,
441,entry,37,19,,
441,entry,38,7,,
441,entry,39,46,,
441,entry,40,70,,
441,entry,46,27,,
441,entry,47,25,,2
441,entry,48,2,,
441,entry,49,90,,
441,entry,50,37,,
441,entry,57,20,,
441,entry,58,35,,
441,entry,59,,73,
441,entry,60,26,,
441,entry,68,40,,
441,entry,69,,82,
441,entry,70,36,,
441,entry,79,,28,
441,entry,80,48,,
441,entry,90,,46,
441,start,2,38,,
441,start,3,10,,
441,start,4,,55,
441,start,5,4,,
441,start,6,39,,
441,start,7,0,,
441,start,8,8,,
441,start,9,24,,
442,entry,0,37,,
442,entry,2,80,,2 4
442,entry,3,,64,
442,entry,4,27,,
442,entry,5,49,,
442,entry,6,,28,
442,entry,7,,82,
442,entry,8,6,,
442,entry,9,25,,6
442,entry,10,4,,
442,entry,13,18,,
442,entry,14,40,,
442,entry,15,,37,
442,entry,16,3,,
442,entry,17,48,,
442,entry,18,19,,1
442,entry,19,70,,3
442,entry,20,17,,
442,entry,24,46,,
442,entry,25,26,,
442,entry,26,13,,7
442,entry,27,58,,
442,entry,28,24,,
442,entry,29,38,,
442,entry,30,69,,
442,entry,35,59,,
442,entry,36,30,,
442,entry,37,29,,5
442,entry,38,,46,
442,entry,39,90,,
442,entry,40,,55,
442,entry,46,68,,
442,entry,47,14,,
442,entry,48,5,,
442,entry,49,,19,
442,entry,50,47,,8
442,entry,57,9,,
442,entry,58,16,,
442,entry,59,2,,
442,entry,60,,73,
442,entry,68,28,,
442,entry,69,8,,
442,entry,70,79,,
442,entry,79,39,,
442,entry,80,0,,
442,entry,90,15,,
442,start,2,10,,
442,start,3,35,,
442,start,4,50,,
442,start,5,36,,
442,start,6,7,,
442,start,7,60,,
442,start,8,20,,
442,start,9,57,,
443,entry,0,60,,
443,entry,2,38,,
443,entry,3,19,,
443,entry,4,59,,5
443,entry,5,18,,
443,entry,6,50,,
443,entry,7,17,,
443,entry,8,24,,
443,entry,9,30,,
443,entry,10,36,,
443,entry,13,47,,
443,entry,14,,82,
443,entry,15,6,,
443,entry,16,46,,
443,entry,17,37,,
443,entry,18,27,,
443,entry,19,70,,
443,entry,20,29,,
443,entry,24,9,,
443,entry,25,16,,
443,entry,26,,46,
443,entry,27,68,,
443,entry,28,48,,
443,entry,29,80,,
443,entry,30,39,,7
443,entry,35,,64,
443,entry,36,26,,4
443,entry,37,3,,
443,entry,38,,19,
443,entry,39,13,,3
443,entry,40,15,,
443,entry,46,25,,
443,entry,47,49,,
443,entry,48,40,,
443,entry,49,79,,8
443,entry,50,10,,
443,entry,57,35,,
443,entry,58,57,,6
443,entry,59,28,,
443,entry,60,4,,
443,entry,68,7,,
443,entry,69,90,,
443,entry,70,,55,2
443,entry,79,,73,1
443,entry,80,58,,
443,entry,90,20,,
443,start,2,14,,
443,start,3,,37,
443,start,4,69,,
443,start,5,2,,
443,start,6,8,,
443,start,7,,28,
443,start,8,5,,
443,start,9,0,,
444,entry,0,,64,
444,entry,2,46,,
444,entry,3,70,,1
444,entry,4,,37,
444,entry,5,48,,
444,entry,6,59,,7
444,entry,7,10,,
444,entry,8,2,,
444,entry,9,68,,
444,entry,10,35,,
444,entry,13,20,,
444,entry,14,4,,
444,entry,15,39,,
444,entry,16,18,,
444,entry,17,3,,
444,entry,18,19,,6
444,entry,19,17,,
444,entry,20,,55,
444,entry,24,14,,8
444,entry,25,,46,
444,entry,26,,28,
444,entry,27,9,,
444,entry,28,40,,
444,entry,29,27,,
444,entry,30,6,,
444,entry,35,13,,
444,entry,36,26,,
444,entry,37,49,,
444,entry,38,50,,3
444,entry,39,,73,
444,entry,40,47,,
444,entry,46,29,,4
444,entry,47,38,,
444,entry,48,90,,
444,entry,49,,82,
444,entry,50,57,,
444,entry,57,7,,
444,entry,58,36,,
444,entry,59,80,,
444,entry,60,5,,
444,entry,68,0,,
444,entry,69,79,,
444,entry,70,15,,
444,entry,79,,19,
444,entry,80,69,,
444,entry,90,60,,2
444,start,2,28,,5
444,start,3,58,,
444,start,4,30,,
444,start,5,37,,
444,start,6,25,,
444,start,7,16,,
444,start,8,8,,
444,start,9,24,,
445,entry,0,,55,
445,entry,2,35,,
445,entry,3,28,,6
445,entry,4,29,,
445,entry,5,48,,
445,entry,6,24,,
445,entry,7,10,,
445,entry,8,14,,
445,entry,9,16,,
445,entry,10,,46,
445,entry,13,25,,
445,entry,14,39,,
445,entry,15,50,,
445,entry,16,13,,
445,entry,17,68,,
445,entry,18,,37,
445,entry,19,26,,
445,entry,20,,82,
445,entry,24,59,,
445,entry,25,60,,
445,entry,26,6,,
445,entry,27,49,,1 7
445,entry,28,4,,
445,entry,29,0,,
445,entry,30,30,,
445,entry,35,46,,
445,entry,36,8,,
445,entry,37,,73,
445,entry,38,17,,3
445,entry,39,,64,2 4
445,entry,40,40,,
445,entry,46,18,,
445,entry,47,9,,
445,entry,48,,28,
445,entry,49,,19,5
445,entry,50,7,,
445,entry,57,38,,
445,entry,58,37,,
445,entry,59,36,,
445,entry,60,69,,
445,entry,68,47,,8
445,entry,69,58,,
445,entry,70,79,,
445,entry,79,80,,
445,entry,80,19,,
445,entry,90,3,,
445,start,2,5,,
445,start,3,90,,
445,start,4,2,,
445,start,5,15,,
445,start,6,70,,
445,start,7,27,,
445,start,8,20,,
445,start,9,57,,
446,entry,0,15,,
446,entry,2,4,,
446,entry,3,20,,
446,entry,4,69,,
446,entry,5,6,,
446,entry,6,,55,
446,entry,7,,64,
446,entry,8,,37,
446,entry,9,,82,
446,entry,10,38,,
446,entry,13,47,,
446,entry,14,50,,3 7
446,entry,15,3,,
446,entry,16,17,,
446,entry,17,7,,
446,entry,18,57,,
446,entry,19,70,,
446,entry,20,29,,
446,entry,24,37,,
446,entry,25,60,,
446,entry,26,27,,4
446,entry,27,8,,
446,entry,28,,73,
446,entry,29,80,,
446,entry,30,39,,
446,entry,35,,28,6
446,entry,36,36,,
446,entry,37,25,,
446,entry,38,28,,5
446,entry,39,48,,
446,entry,40,49,,
446,entry,46,58,,
446,entry,47,2,,2
446,entry,48,46,,
446,entry,49,,19,
446,entry,50,30,,1
446,entry,57,35,,
446,entry,58,16,,
446,entry,59,14,,
446,entry,60,10,,
446,entry,68,19,,
446,entry,69,24,,
446,entry,70,40,,
446,entry,79,,46,
446,entry,80,90,,
446,entry,90,68,,
446,start,2,79,,8
446,start,3,13,,
446,start,4,9,,
446,start,5,26,,
446,start,6,18,,
446,start,7,59,,
446,start,8,5,,
446,start,9,0,,
447,entry,0,68,,5
447,entry,2,,19,
447,entry,3,47,,
447,entry,4,,37,6
447,entry,5,46,,
447,entry,6,3,,
447,entry,7,15,,3
447,entry,8,30,,
447,entry,9,14,,8
447,entry,10,60,,
447,entry,13,57,,
447,entry,14,6,,
447,entry,15,7,,
447,entry,16,70,,
447,entry,17,35,,
447,entry,18,29,,
447,entry,19,25,,2
447,entry,20,,73,
447,entry,24,69,,
447,entry,25,2,,
447,entry,26,19,,
447,entry,27,27,,
447,entry,28,39,,
447,entry,29,20,,
447,entry,30,17,,
447,entry,35,,28,4
447,entry,36,79,,
447,entry,37,37,,
447,entry,38,49,,
447,entry,39,18,,
447,entry,40,26,,
447,entry,46,,55,
447,entry,47,40,,
447,entry,48,59,,
447,entry,49,28,,
447,entry,50,90,,
447,entry,57,,64,
447,entry,58,16,,
447,entry,59,80,,1 7
447,entry,60,38,,
447,entry,68,5,,
447,entry,69,,82,
447,entry,70,48,,
447,entry,79,9,,
447,entry,80,58,,
447,entry,90,4,,
447,start,2,36,,
447,start,3,10,,
447,start,4,,46,
447,start,5,13,,
447,start,6,50,,
447,start,7,0,,
447,start,8,8,,
447,start,9,24,,
448,entry,0,7,,
448,entry,2,,64,
448,entry,3,3,,
448,entry,4,10,,
448,entry,5,8,,
448,entry,6,79,,
448,entry,7,,46,
448,entry,8,36,,
448,entry,9,68,,
448,entry,10,17,,7
448,entry,13,90,,
448,entry,14,27,,
448,entry,15,18,,
448,entry,16,29,,5
448,entry,17,5,,
448,entry,18,69,,
448,entry,19,,37,
448,entry,20,59,,
448,entry,24,,73,
448,entry,25,46,,
448,entry,26,14,,
448,entry,27,47,,8
448,entry,28,,28,
448,entry,29,4,,
448,entry,30,80,,2 4
448,entry,35,0,,
448,entry,36,9,,
448,entry,37,28,,
448,entry,38,39,,
448,entry,39,15,,
448,entry,40,,19,
448,entry,46,6,,
448,entry,47,,82,
448,entry,48,2,,
448,entry,49,25,,6
448,entry,50,37,,
448,entry,57,,55,
448,entry,58,19,,1
448,entry,59,70,,3
448,entry,60,49,,
448,entry,68,24,,
448,entry,69,35,,
448,entry,70,13,,
448,entry,79,26,,
448,entry,80,48,,
448,entry,90,58,,
448,start,2,16,,
448,start,3,40,,
448,start,4,50,,
448,start,5,38,,
448,start,6,30,,
448,start,7,60,,
448,start,8,20,,
448,start,9,57,,
449,entry,0,4,,
449,entry,2,70,,
449,entry,3,16,,
449,entry,4,19,,
449,entry,5,8,,
449,entry,6,80,,
449,entry,7,9,,
449,entry,8,37,,
449,entry,9,90,,
449,entry,10,36,,2
449,entry,13,47,,
449,entry,14,7,,
449,entry,15,,55,
449,entry,16,13,,
449,entry,17,17,,
449,entry,18,68,,
449,entry,19,,46,1
449,entry,20,58,,
449,entry,24,6,,
449,entry,25,,37,
449,entry,26,27,,
449,entry,27,46,,
449,entry,28,69,,7
449,entry,29,,82,
449,entry,30,20,,
449,entry,35,38,,
449,entry,36,10,,5
449,entry,37,,64,4
449,entry,38,15,,
449,entry,39,59,,
449,entry,40,30,,
449,entry,46,,73,
449,entry,47,25,,
449,entry,48,3,,
449,entry,49,48,,
449,entry,50,29,,
449,entry,57,18,,
449,entry,58,79,,8
449,entry,59,,19,
449,entry,60,39,,
449,entry,68,35,,
449,entry,69,40,,
449,entry,70,49,,3
449,entry,79,57,,6
449,entry,80,60,,
449,entry,90,28,,
449,start,2,14,,
449,start,3,24,,
449,start,4,50,,
449,start,5,2,,
449,start,6,26,,
449,start,7,,28,
449,start,8,5,,
449,start,9,0,,
450,entry,0,9,,
450,entry,2,,82,
450,entry,3,27,,
450,entry,4,,19,
450,entry,5,57,,
450,entry,6,39,,
450,entry,7,,28,
450,entry,8,18,,
450,entry,9,15,,
450,entry,10,14,,8
450,entry,13,37,,
450,entry,14,60,,2
450,entry,15,,73,
450,entry,16,49,,
450,entry,17,0,,
450,entry,18,3,,
450,entry,19,25,,
450,entry,20,79,,
450,entry,24,68,,
450,entry,25,,64,
450,entry,26,,55,
450,entry,27,10,,
450,entry,28,38,,
450,entry,29,13,,
450,entry,30,70,,
450,entry,35,7,,
450,entry,36,6,,
450,entry,37,20,,
450,entry,38,,37,4
450,entry,39,19,,
450,entry,40,5,,
450,entry,46,16,,
450,entry,47,46,,1
450,entry,48,48,,
450,entry,49,59,,
450,entry,50,29,,6
450,entry,57,26,,
450,entry,58,4,,
450,entry,59,2,,
450,entry,60,40,,
450,entry,68,35,,
450,entry,69,90,,
450,entry,70,50,,3
450,entry,79,69,,7
450,entry,80,,46,
450,entry,90,36,,
450,start,2,28,,5
450,start,3,58,,
450,start,4,30,,
450,start,5,47,,
450,start,6,80,,
450,start,7,17,,
450,start,8,8,,
450,start,9,24,,
451,entry,0,90,,
451,entry,2,,46,
451,entry,3,35,,
451,entry,4,13,,
451,entry,5,60,,
451,entry,6,6,,
451,entry,7,40,,1
451,entry,8,38,,
451,entry,9,70,,
451,entry,10,49,,
451,entry,13,,55,
451,entry,14,28,,6
451,entry,15,9,,
451,entry,16,8,,
451,entry,17,10,,
451,entry,18,59,,3
451,entry,19,68,,2 4
451,entry,20,,37,
451,entry,24,25,,
451,entry,25,29,,
451,entry,26,18,,
451,entry,27,,19,
451,entry,28,7,,
451,entry,29,46,,5
451,entry,30,4,,
451,entry,35,39,,
451,entry,36,,28,
451,entry,37,2,,
451,entry,38,79,,
451,entry,39,,82,
451,entry,40,16,,
451,entry,46,50,,
451,entry,47,24,,
451,entry,48,0,,
451,entry,49,3,,7
451,entry,50,26,,
451,entry,57,27,,
451,entry,58,80,,
451,entry,59,37,,
451,entry,60,19,,
451,entry,68,30,,
451,entry,69,47,,8
451,entry,70,17,,
451,entry,79,,73,
451,entry,80,48,,
451,entry,90,58,,
451,start,2,5,,
451,start,3,36,,
451,start,4,,64,
451,start,5,15,,
451,start,6,14,,
451,start,7,69,,
451,start,8,20,,
451,start,9,57,,
452,entry,0,29,,
452,entry,2,19,,
452,entry,3,,82,
452,entry,4,,19,
452,entry,5,50,,
452,entry,6,30,,1
452,entry,7,,64,7
452,entry,8,17,,
452,entry,9,35,,
452,entry,10,28,,5
452,entry,13,9,,
452,entry,14,15,,
452,entry,15,60,,
452,entry,16,46,,
452,entry,17,3,,
452,entry,18,,28,6
452,entry,19,,55,
452,entry,20,59,,
452,entry,24,25,,
452,entry,25,70,,
452,entry,26,40,,
452,entry,27,38,,
452,entry,28,26,,
452,entry,29,18,,
452,entry,30,16,,
452,entry,35,48,,
452,entry,36,90,,
452,entry,37,4,,
452,entry,38,27,,3
452,entry,39,69,,4
452,entry,40,,37,
452,entry,46,10,,
452,entry,47,14,,
452,entry,48,79,,8
452,entry,49,49,,
452,entry,50,,73,
452,entry,57,24,,
452,entry,58,20,,
452,entry,59,58,,
452,entry,60,8,,
452,entry,68,47,,
452,entry,69,6,,
452,entry,70,68,,
452,entry,79,80,,
452,entry,80,7,,
452,entry,90,2,,2
452,start,2,36,,
452,start,3,37,,
452,start,4,13,,
452,start,5,39,,
452,start,6,57,,
452,start,7,,46,
452,start,8,5,,
452,start,9,0,,
453,entry,0,58,,
453,entry,2,16,,1 7
453,entry,3,18,,
453,entry,4,,64,
453,entry,5,80,,
453,entry,6,38,,
453,entry,7,60,,
453,entry,8,40,,
453,entry,9,39,,
453,entry,10,9,,
453,entry,13,28,,
453,entry,14,25,,2
453,entry,15,26,,
453,entry,16,48,,
453,entry,17,6,,
453,entry,18,50,,
453,entry,19,90,,
453,entry,20,30,,
453,entry,24,20,,
453,entry,25,36,,
453,entry,26,13,,
453,entry,27,2,,
453,entry,28,79,,
453,entry,29,,19,
453,entry,30,14,,8
453,entry,35,46,,
453,entry,36,,37,
453,entry,37,,28,
453,entry,38,59,,
453,entry,39,7,,
453,entry,40,,46,
453,entry,46,69,,
453,entry,47,27,,
453,entry,48,37,,
453,entry,49,49,,
453,entry,50,35,,
453,entry,57,68,,5
453,entry,58,47,,4
453,entry,59,57,,
453,entry,60,,55,
453,entry,68,,82,6
453,entry,69,70,,
453,entry,70,3,,
453,entry,79,19,,
453,entry,80,5,,
453,entry,90,15,,3
453,start,2,4,,
453,start,3,10,,
453,start,4,29,,
453,start,5,,73,
453,start,6,17,,
453,start,7,0,,
453,start,8,8,,
453,start,9,24,,
454,entry,0,69,,
454,entry,2,39,,
454,entry,3,38,,
454,entry,4,47,,8
454,entry,5,2,,
454,entry,6,90,,
454,entry,7,16,,
454,entry,8,68,,
454,entry,9,29,,5
454,entry,10,19,,1
454,entry,13,79,,
454,entry,14,3,,
454,entry,15,15,,
454,entry,16,40,,
454,entry,17,0,,
454,entry,18,36,,
454,entry,19,14,,
454,entry,20,24,,
454,entry,24,13,,
454,entry,25,25,,6
454,entry,26,27,,
454,entry,27,80,,2 4
454,entry,28,7,,
454,entry,29,9,,
454,entry,30,,46,
454,entry,35,70,,3
454,entry,36,37,,
454,entry,37,59,,
454,entry,38,10,,
454,entry,39,48,,
454,entry,40,5,,
454,entry,46,,19,
454,entry,47,46,,
454,entry,48,49,,
454,entry,49,6,,
454,entry,50,,64,
454,entry,57,,73,
454,entry,58,,37,
454,entry,59,8,,
454,entry,60,28,,
454,entry,68,4,,
454,entry,69,18,,
454,entry,70,,82,
454,entry,79,58,,
454,entry,80,35,,
454,entry,90,,55,
454,start,2,,28,
454,start,3,30,,
454,start,4,50,,
454,start,5,17,,
454,start,6,26,,7
454,start,7,60,,
454,start,8,20,,
454,start,9,57,,
455,entry,0,79,,8
455,entry,2,17,,
455,entry,3,49,,
455,entry,4,18,,
455,entry,5,39,,
455,entry,6,7,,
455,entry,7,,19,
455,entry,8,,46,
455,entry,9,,55,
455,entry,10,10,,
455,entry,13,14,,5
455,entry,14,15,,
455,entry,15,9,,
455,entry,16,3,,
455,entry,17,40,,
455,entry,18,28,,
455,entry,19,,37,2 7
455,entry,20,8,,
455,entry,24,,73,
455,entry,25,19,,4
455,entry,26,4,,
455,entry,27,57,,6
455,entry,28,90,,
455,entry,29,58,,
455,entry,30,38,,
455,entry,35,25,,
455,entry,36,35,,
455,entry,37,59,,
455,entry,38,80,,1
455,entry,39,20,,
455,entry,40,37,,
455,entry,46,47,,
455,entry,47,69,,
455,entry,48,16,,
455,entry,49,30,,
455,entry,50,29,,
455,entry,57,,64,
455,entry,58,46,,
455,entry,59,68,,
455,entry,60,50,,
455,entry,68,48,,
455,entry,69,,82,
455,entry,70,60,,
455,entry,79,36,,3
455,entry,80,70,,
455,entry,90,26,,
455,start,2,6,,
455,start,3,27,,
455,start,4,24,,
455,start,5,2,,
455,start,6,13,,
455,start,7,,28,
455,start,8,5,,
455,start,9,0,,
456,entry,0,19,,
456,entry,2,6,,
456,entry,3,,37,
456,entry,4,,19,
456,entry,5,47,,
456,entry,6,10,,
456,entry,7,,82,7
456,entry,8,9,,
456,entry,9,79,,
456,entry,10,29,,
456,entry,13,,55,
456,entry,14,3,,
456,entry,15,57,,1
456,entry,16,,28,
456,entry,17,18,,
456,entry,18,38,,
456,entry,19,,64,
456,entry,20,70,,
456,entry,24,13,,
456,entry,25,80,,
456,entry,26,15,,
456,entry,27,59,,
456,entry,28,69,,
456,entry,29,7,,
456,entry,30,60,,2
456,entry,35,90,,
456,entry,36,25,,
456,entry,37,49,,
456,entry,38,27,,
456,entry,39,37,,6
456,entry,40,68,,
456,entry,46,26,,
456,entry,47,0,,4
456,entry,48,,73,
456,entry,49,40,,
456,entry,50,14,,8
456,entry,57,48,,
456,entry,58,5,,
456,entry,59,50,,3
456,entry,60,,46,
456,entry,68,2,,
456,entry,69,46,,
456,entry,70,16,,
456,entry,79,36,,
456,entry,80,17,,
456,entry,90,20,,
456,start,2,28,,5
456,start,3,58,,
456,start,4,30,,
456,start,5,35,,
456,start,6,39,,
456,start,7,4,,
456,start,8,8,,
456,start,9,24,,
457,entry,0,10,,5
457,entry,2,36,,2 4
457,entry,3,59,,
457,entry,4,19,,
457,entry,5,26,,
457,entry,6,35,,
457,entry,7,79,,
457,entry,8,,28,
457,entry,9,27,,
457,entry,10,69,,
457,entry,13,,73,
457,entry,14,2,,
457,entry,15,,82,
457,entry,16,,55,
457,entry,17,29,,
457,entry,18,6,,
457,entry,19,38,,
457,entry,20,13,,
457,entry,24,49,,
457,entry,25,9,,
457,entry,26,,46,
457,entry,27,39,,
457,entry,28,8,,
457,entry,29,,37,
457,entry,30,58,,7
457,entry,35,47,,8
457,entry,36,70,,
457,entry,37,68,,
457,entry,38,18,,
457,entry,39,4,,1
457,entry,40,30,,
457,entry,46,16,,
457,entry,47,28,,6
457,entry,48,3,,
457,entry,49,37,,
457,entry,50,40,,
457,entry,57,25,,
457,entry,58,50,,
457,entry,59,80,,
457,entry,60,46,,
457,entry,68,60,,
457,entry,69,14,,
457,entry,70,,64,3
457,entry,79,24,,
457,entry,80,,19,
457,entry,90,17,,
457,start,2,5,,
457,start,3,0,,
457,start,4,90,,
457,start,5,15,,
457,start,6,48,,
457,start,7,7,,
457,start,8,20,,
457,start,9,57,,
458,entry,0,70,,
458,entry,2,38,,
458,entry,3,37,,
458,entry,4,10,,
458,entry,5,15,,
458,entry,6,79,,4 8
458,entry,7,29,,
458,entry,8,18,,
458,entry,9,26,,
458,entry,10,80,,
458,entry,13,17,,
458,entry,14,20,,
458,entry,15,,28,6
458,entry,16,9,,
458,entry,17,27,,
458,entry,18,28,,5
458,entry,19,48,,
458,entry,20,13,,
458,entry,24,47,,
458,entry,25,4,,
458,entry,26,58,,
458,entry,27,2,,2
458,entry,28,19,,
458,entry,29,,19,
458,entry,30,30,,1
458,entry,35,25,,3
458,entry,36,6,,
458,entry,37,35,,
458,entry,38,16,,
458,entry,39,68,,
458,entry,40,24,,
458,entry,46,,46,7
458,entry,47,,55,
458,entry,48,60,,
458,entry,49,7,,
458,entry,50,40,,
458,entry,57,69,,
458,entry,58,49,,
458,entry,59,57,,
458,entry,60,90,,
458,entry,68,59,,
458,entry,69,,73,
458,entry,70,36,,
458,entry,79,8,,
458,entry,80,46,,
458,entry,90,3,,
458,start,2,14,,
458,start,3,,64,
458,start,4,50,,
458,start,5,,82,
458,start,6,39,,
458,start,7,,37,
458,start,8,5,,
458,start,9,0,,
459,entry,0,69,,
459,entry,2,59,,
459,entry,3,60,,
459,entry,4,28,,
459,entry,5,48,,
459,entry,6,46,,
459,entry,7,3,,
459,entry,8,13,,
459,entry,9,26,,
459,entry,10,80,,
459,entry,13,30,,
459,entry,14,2,,1 7
459,entry,15,25,,2
459,entry,16,,64,
459,entry,17,68,,5
459,entry,18,,37,4
459,entry,19,4,,
459,entry,20,90,,
459,entry,24,50,,
459,entry,25,20,,
459,entry,26,7,,
459,entry,27,,55,
459,entry,28,,46,6
459,entry,29,70,,
459,entry,30,79,,
459,entry,35,18,,
459,entry,36,,28,
459,entry,37,40,,
459,entry,38,49,,
459,entry,39,19,,
459,entry,40,5,,
459,entry,46,38,,
459,entry,47,17,,
459,entry,48,,19,
459,entry,49,29,,
459,entry,50,15,,3
459,entry,57,27,,
459,entry,58,,82,
459,entry,59,39,,
459,entry,60,16,,
459,entry,68,9,,
459,entry,69,47,,
459,entry,70,57,,
459,entry,79,36,,
459,entry,80,,73,
459,entry,90,58,,
459,start,2,37,,
459,start,3,10,,
459,start,4,6,,
459,start,5,14,,8
459,start,6,35,,
459,start,7,0,,
459,start,8,8,,
459,start,9,24,,
460,entry,0,17,,
460,entry,2,70,,3
460,entry,3,15,,
460,entry,4,7,,
460,entry,5,59,,
460,entry,6,79,,
460,entry,7,37,,
460,entry,8,9,,
460,entry,9,5,,
460,entry,10,36,,
460,entry,13,25,,6
460,entry,14,4,,
460,entry,15,,37,
460,entry,16,0,,
460,entry,17,38,,
460,entry,18,90,,
460,entry,19,,73,
460,entry,20,46,,
460,entry,24,16,,
460,entry,25,18,,
460,entry,26,80,,2 4
460,entry,27,13,,
460,entry,28,,19,
460,entry,29,28,,
460,entry,30,10,,
460,entry,35,,64,
460,entry,36,49,,
460,entry,37,68,,
460,entry,38,2,,
460,entry,39,,82,
460,entry,40,,55,
460,entry,46,47,,8
460,entry,47,3,,
460,entry,48,,28,
460,entry,49,27,,7
460,entry,50,39,,
460,entry,57,69,,
460,entry,58,40,,
460,entry,59,30,,
460,entry,60,35,,
460,entry,68,58,,
460,entry,69,29,,5
460,entry,70,19,,1
460,entry,79,14,,
460,entry,80,24,,
460,entry,90,,46,
460,start,2,26,,
460,start,3,8,,
460,start,4,50,,
460,start,5,48,,
460,start,6,6,,
460,start,7,60,,
460,start,8,20,,
460,start,9,57,,
461,entry,0,3,,
461,entry,2,14,,7
461,entry,3,10,,
461,entry,4,40,,
461,entry,5,37,,
461,entry,6,13,,3
461,entry,7,9,,2
461,entry,8,60,,
461,entry,9,,64,
461,entry,10,24,,
461,entry,13,4,,
461,entry,14,57,,6
461,entry,15,,37,
461,entry,16,36,,
461,entry,17,58,,
461,entry,18,49,,
461,entry,19,69,,
461,entry,20,35,,
461,entry,24,79,,8
461,entry,25,48,,
461,entry,26,28,,
461,entry,27,20,,
461,entry,28,,55,
461,entry,29,,46,5
461,entry,30,50,,
461,entry,35,,19,
461,entry,36,90,,
461,entry,37,30,,
461,entry,38,6,,
461,entry,39,15,,
461,entry,40,59,,
461,entry,46,47,,1
461,entry,47,70,,
461,entry,48,16,,
461,entry,49,,73,
461,entry,50,29,,
461,entry,57,80,,
461,entry,58,46,,
461,entry,59,8,,
461,entry,60,39,,4
461,entry,68,17,,
461,entry,69,7,,
461,entry,70,25,,
461,entry,79,38,,
461,entry,80,18,,
461,entry,90,19,,
461,start,2,27,,
461,start,3,68,,
461,start,4,26,,
461,start,5,2,,
461,start,6,,82,
461,start,7,,28,
461,start,8,5,,
461,start,9,0,,
462,entry,0,2,,
462,entry,2,59,,
462,entry,3,39,,
462,entry,4,6,,
462,entry,5,5,,
462,entry,6,27,,4
462,entry,7,19,,
462,entry,8,10,,
462,entry,9,13,,
462,entry,10,,28,
462,entry,13,49,,
462,entry,14,38,,
462,entry,15,15,,
462,entry,16,48,,
462,entry,17,,82,
462,entry,18,36,,
462,entry,19,0,,
462,entry,20,14,,8
462,entry,24,,73,
462,entry,25,25,,
462,entry,26,37,,
462,entry,27,,55,7
462,entry,28,,64,
462,entry,29,79,,
462,entry,30,,46,
462,entry,35,26,,1
462,entry,36,29,,
462,entry,37,18,,
462,entry,38,7,,
462,entry,39,20,,
462,entry,40,9,,
462,entry,46,70,,
462,entry,47,47,,
462,entry,48,57,,
462,entry,49,46,,
462,entry,50,60,,2
462,entry,57,17,,
462,entry,58,,37,
462,entry,59,4,,6
462,entry,60,68,,
462,entry,68,35,,
462,entry,69,40,,
462,entry,70,80,,
462,entry,79,50,,3
462,entry,80,90,,
462,entry,90,3,,
462,start,2,28,,5
462,start,3,58,,
462,start,4,30,,
462,start,5,,19,
462,start,6,16,,
462,start,7,69,,
462,start,8,8,,
462,start,9,24,,
463,entry,0,29,,
463,entry,2,14,,
463,entry,3,50,,
463,entry,4,8,,
463,entry,5,,28,
463,entry,6,30,,
463,entry,7,58,,
463,entry,8,,73,7
463,entry,9,17,,
463,entry,10,39,,
463,entry,13,60,,
463,entry,14,18,,
463,entry,15,24,,
463,entry,16,,37,
463,entry,17,68,,
463,entry,18,4,,2 4
463,entry,19,27,,
463,entry,20,38,,
463,entry,24,3,,
463,entry,25,90,,
463,entry,26,,82,1
463,entry,27,26,,3
463,entry,28,69,,5
463,entry,29,37,,
463,entry,30,28,,6
463,entry,35,6,,
463,entry,36,7,,
463,entry,37,0,,
463,entry,38,80,,
463,entry,39,47,,8
463,entry,40,25,,
463,entry,46,2,,
463,entry,47,46,,
463,entry,48,13,,
463,entry,49,19,,
463,entry,50,35,,
463,entry,57,,64,
463,entry,58,16,,
463,entry,59,10,,
463,entry,60,,55,
463,entry,68,48,,
463,entry,69,49,,
463,entry,70,,46,
463,entry,79,70,,
463,entry,80,,19,
463,entry,90,9,,
463,start,2,5,,
463,start,3,59,,
463,start,4,79,,
463,start,5,15,,
463,start,6,40,,
463,start,7,36,,
463,start,8,20,,
463,start,9,57,,
464,entry,0,24,,7
464,entry,2,,55,
464,entry,3,2,,2
464,entry,4,,46,
464,entry,5,9,,
464,entry,6,49,,
464,entry,7,27,,
464,entry,8,80,,
464,entry,9,25,,
464,entry,10,15,,4
464,entry,13,35,,
464,entry,14,26,,
464,entry,15,16,,
464,entry,16,59,,
464,entry,17,37,,
464,entry,18,30,,1
464,entry,19,20,,
464,entry,20,,82,
464,entry,24,18,,
464,entry,25,50,,
464,entry,26,69,,
464,entry,27,48,,
464,entry,28,14,,
464,entry,29,47,,
464,entry,30,58,,
464,entry,35,3,,
464,entry,36,79,,8
464,entry,37,,19,
464,entry,38,40,,
464,entry,39,19,,
464,entry,40,6,,
464,entry,46,28,,5
464,entry,47,29,,
464,entry,48,90,,
464,entry,49,8,,
464,entry,50,,64,
464,entry,57,39,,
464,entry,58,7,,
464,entry,59,38,,
464,entry,60,57,,
464,entry,68,17,,
464,entry,69,60,,
464,entry,70,,28,6
464,entry,79,70,,
464,entry,80,,37,
464,entry,90,,73,3
464,start,2,4,,
464,start,3,46,,
464,start,4,10,,
464,start,5,68,,
464,start,6,36,,
464,start,7,13,,
464,start,8,5,,
464,start,9,0,,
465,entry,0,,55,
465,entry,2,35,,
465,entry,3,79,,
465,entry,4,39,,
465,entry,5,17,,
465,entry,6,90,,
465,entry,7,3,,
465,entry,8,60,,
465,entry,9,38,,
465,entry,10,29,,
465,entry,13,,82,
465,entry,14,49,,4
465,entry,15,27,,
465,entry,16,36,,
465,entry,17,5,,
465,entry,18,6,,
465,entry,19,48,,
465,entry,20,68,,5
465,entry,24,80,,6
465,entry,25,26,,
465,entry,26,59,,
465,entry,27,15,,3
465,entry,28,30,,
465,entry,29,58,,
465,entry,30,40,,
465,entry,35,46,,
465,entry,36,70,,
465,entry,37,,28,
465,entry,38,37,,
465,entry,39,25,,2
465,entry,40,50,,
465,entry,46,16,,
465,entry,47,14,,8
465,entry,48,47,,
465,entry,49,20,,
465,entry,50,13,,
465,entry,57,,46,
465,entry,58,57,,
465,entry,59,18,,
465,entry,60,,37,
465,entry,68,,73,
465,entry,69,28,,
465,entry,70,,64,
465,entry,79,9,,1 7
465,entry,80,7,,
465,entry,90,19,,
465,start,2,4,,
465,start,3,10,,
465,start,4,2,,
465,start,5,69,,
465,start,6,,19,
465,start,7,0,,
465,start,8,8,,
465,start,9,24,,
466,entry,0,5,,
466,entry,2,,46,
466,entry,3,19,,1
466,entry,4,6,,
466,entry,5,27,,
466,entry,6,49,,
466,entry,7,3,,
466,entry,8,48,,
466,entry,9,90,,
466,entry,10,13,,
466,entry,13,24,,
466,entry,14,39,,
466,entry,15,79,,
466,entry,16,59,,
466,entry,17,46,,
466,entry,18,30,,
466,entry,19,,19,
466,entry,20,28,,
466,entry,24,7,,
466,entry,25,0,,
466,entry,26,15,,
466,entry,27,68,,
466,entry,28,40,,
466,entry,29,2,,7
466,entry,30,,82,
466,entry,35,18,,
466,entry,36,25,,6
466,entry,37,35,,
466,entry,38,16,,
466,entry,39,,73,
466,entry,40,37,,
466,entry,46,70,,3
466,entry,47,,55,
466,entry,48,8,,
466,entry,49,38,,
466,entry,50,47,,8
466,entry,57,17,,
466,entry,58,80,,2 4
466,entry,59,,28,
466,entry,60,29,,5
466,entry,68,,64,
466,entry,69,,37,
466,entry,70,14,,
466,entry,79,58,,
466,entry,80,9,,
466,entry,90,10,,
466,start,2,69,,
466,start,3,36,,
466,start,4,50,,
466,start,5,4,,
466,start,6,26,,
466,start,7,60,,
466,start,8,20,,
466,start,9,57,,
467,entry,0,18,,
467,entry,2,25,,
467,entry,3,24,,
467,entry,4,35,,
467,entry,5,47,,
467,entry,6,,19,
467,entry,7,28,,
467,entry,8,58,,
467,entry,9,,73,
467,entry,10,37,,
467,entry,13,,46,4
467,entry,14,15,,
467,entry,15,,37,
467,entry,16,40,,
467,entry,17,90,,
467,entry,18,20,,
467,entry,19,26,,
467,entry,20,68,,
467,entry,24,36,,
467,entry,25,3,,
467,entry,26,57,,6
467,entry,27,80,,1
467,entry,28,30,,
467,entry,29,50,,
467,entry,30,46,,
467,entry,35,39,,
467,entry,36,,64,
467,entry,37,29,,7
467,entry,38,8,,
467,entry,39,60,,
467,entry,40,49,,5
467,entry,46,7,,
467,entry,47,16,,
467,entry,48,,55,
467,entry,49,70,,
467,entry,50,4,,
467,entry,57,48,,
467,entry,58,6,,3
467,entry,59,79,,8
467,entry,60,14,,
467,entry,68,69,,
467,entry,69,9,,
467,entry,70,10,,
467,entry,79,27,,2
467,entry,80,,82,
467,entry,90,38,,
467,start,2,19,,
467,start,3,13,,
467,start,4,59,,
467,start,5,2,,
467,start,6,17,,
467,start,7,,28,
467,start,8,5,,
467,start,9,0,,
468,entry,0,80,,
468,entry,2,59,,
468,entry,3,49,,4
468,entry,4,18,,
468,entry,5,27,,
468,entry,6,36,,
468,entry,7,5,,
468,entry,8,68,,
468,entry,9,,19,
468,entry,10,0,,
468,entry,13,48,,
468,entry,14,19,,
468,entry,15,9,,
468,entry,16,25,,
468,entry,17,15,,
468,entry,18,3,,
468,entry,19,2,,
468,entry,20,10,,
468,entry,24,39,,
468,entry,25,,73,
468,entry,26,26,,
468,entry,27,6,,6
468,entry,28,13,,
468,entry,29,4,,
468,entry,30,20,,
468,entry,35,37,,7
468,entry,36,29,,
468,entry,37,40,,
468,entry,38,,46,
468,entry,39,14,,8
468,entry,40,46,,
468,entry,46,,55,
468,entry,47,50,,3
468,entry,48,35,,
468,entry,49,7,,
468,entry,50,,64,1
468,entry,57,70,,
468,entry,58,69,,
468,entry,59,47,,
468,entry,60,16,,
468,entry,68,79,,
468,entry,69,,82,
468,entry,70,17,,
468,entry,79,60,,2
468,entry,80,57,,
468,entry,90,90,,
468,start,2,28,,5
468,start,3,58,,
468,start,4,30,,
468,start,5,,37,
468,start,6,38,,
468,start,7,,28,
468,start,8,8,,
468,start,9,24,,
469,entry,0,9,,
469,entry,2,90,,
469,entry,3,48,,
469,entry,4,0,,
469,entry,5,17,,
469,entry,6,28,,6
469,entry,7,50,,
469,entry,8,70,,
469,entry,9,38,,
469,entry,10,10,,2 4
469,entry,13,40,,
469,entry,14,,82,
469,entry,15,59,,
469,entry,16,25,,
469,entry,17,60,,
469,entry,18,24,,
469,entry,19,,28,
469,entry,20,47,,5 8
469,entry,24,19,,
469,entry,25,69,,
469,entry,26,35,,
469,entry,27,7,,
469,entry,28,58,,
469,entry,29,3,,
469,entry,30,,64,
469,entry,35,79,,
469,entry,36,,55,
469,entry,37,29,,
469,entry,38,6,,
469,entry,39,,37,
469,entry,40,14,,
469,entry,46,,46,
469,entry,47,39,,
469,entry,48,8,,
469,entry,49,68,,
469,entry,50,16,,
469,entry,57,46,,
469,entry,58,18,,
469,entry,59,49,,1
469,entry,60,26,,
469,entry,68,80,,
469,entry,69,13,,
469,entry,70,36,,7
469,entry,79,27,,
469,entry,80,30,,
469,entry,90,,19,3
469,start,2,5,,
469,start,3,37,,
469,start,4,,73,
469,start,5,15,,
469,start,6,4,,
469,start,7,2,,
469,start,8,20,,
469,start,9,57,,
470,entry,0,9,,
470,entry,2,70,,
470,entry,3,13,,
470,entry,4,79,,8
470,entry,5,10,,
470,entry,6,48,,
470,entry,7,40,,
470,entry,8,49,,
470,entry,9,29,,
470,entry,10,2,,2
470,entry,13,,37,
470,entry,14,16,,
470,entry,15,50,,
470,entry,16,,19,
470,entry,17,90,,
470,entry,18,38,,
470,entry,19,,28,6
470,entry,20,35,,
470,entry,24,14,,
470,entry,25,60,,
470,entry,26,,73,
470,entry,27,27,,
470,entry,28,24,,
470,entry,29,46,,
470,entry,30,,55,
470,entry,35,28,,5
470,entry,36,8,,
470,entry,37,17,,7
470,entry,38,,46,
470,entry,39,39,,3
470,entry,40,37,,
470,entry,46,18,,
470,entry,47,15,,
470,entry,48,26,,
470,entry,49,3,,
470,entry,50,68,,4
470,entry,57,25,,
470,entry,58,30,,1
470,entry,59,20,,
470,entry,60,69,,
470,entry,68,7,,
470,entry,69,47,,
470,entry,70,58,,
470,entry,79,57,,
470,entry,80,6,,
470,entry,90,19,,
470,start,2,,64,
470,start,3,,82,
470,start,4,4,,
470,start,5,59,,
470,start,6,80,,
470,start,7,36,,
470,start,8,5,,
470,start,9,0,,
471,entry,0,7,,
471,entry,2,,64,
471,entry,3,69,,
471,entry,4,29,,
471,entry,5,,55,6
471,entry,6,26,,
471,entry,7,49,,
471,entry,8,2,,
471,entry,9,28,,
471,entry,10,6,,
471,entry,13,79,,
471,entry,14,,37,
471,entry,15,36,,
471,entry,16,38,,
471,entry,17,48,,
471,entry,18,46,,
471,entry,19,3,,1 7
471,entry,20,16,,
471,entry,24,68,,5
471,entry,25,,28,
471,entry,26,58,,
471,entry,27,,46,
471,entry,28,5,,
471,entry,29,37,,
471,entry,30,40,,
471,entry,35,19,,
471,entry,36,4,,
471,entry,37,70,,
471,entry,38,15,,3
471,entry,39,47,,
471,entry,40,50,,
471,entry,46,14,,4 8
471,entry,47,57,,
471,entry,48,27,,
471,entry,49,30,,
471,entry,50,60,,
471,entry,57,,73,
471,entry,58,,82,
471,entry,59,80,,
471,entry,60,39,,
471,entry,68,9,,
471,entry,69,90,,
471,entry,70,25,,2
471,entry,79,,19,
471,entry,80,20,,
471,entry,90,18,,
471,start,2,13,,
471,start,3,10,,
471,start,4,17,,
471,start,5,35,,
471,start,6,59,,
471,start,7,0,,
471,start,8,8,,
471,start,9,24,,
472,entry,0,7,,
472,entry,2,,64,
472,entry,3,49,,
472,entry,4,9,,
472,entry,5,30,,
472,entry,6,,46,
472,entry,7,48,,
472,entry,8,10,,
472,entry,9,35,,
472,entry,10,4,,
472,entry,13,59,,
472,entry,14,58,,
472,entry,15,40,,
472,entry,16,5,,
472,entry,17,,73,
472,entry,18,15,,
472,entry,19,16,,
472,entry,20,36,,
472,entry,24,68,,
472,entry,25,29,,5
472,entry,26,26,,
472,entry,27,39,,
472,entry,28,25,,6
472,entry,29,27,,
472,entry,30,69,,
472,entry,35,14,,
472,entry,36,28,,
472,entry,37,,55,
472,entry,38,70,,3
472,entry,39,79,,
472,entry,40,17,,
472,entry,46,,82,
472,entry,47,19,,1
472,entry,48,,37,7
472,entry,49,,28,
472,entry,50,37,,
472,entry,57,24,,
472,entry,58,,19,
472,entry,59,3,,
472,entry,60,47,,8
472,entry,68,2,,
472,entry,69,13,,
472,entry,70,6,,
472,entry,79,0,,
472,entry,80,38,,
472,entry,90,80,,2 4
472,start,2,90,,
472,start,3,18,,
472,start,4,50,,
472,start,5,46,,
472,start,6,8,,
472,start,7,60,,
472,start,8,20,,
472,start,9,57,,
473,entry,0,70,,
473,entry,2,60,,
473,entry,3,25,,
473,entry,4,29,,
473,entry,5,3,,
473,entry,6,57,,6
473,entry,7,79,,1 8
473,entry,8,30,,
473,entry,9,,64,
473,entry,10,39,,
473,entry,13,18,,
473,entry,14,,82,
473,entry,15,,37,
473,entry,16,49,,
473,entry,17,,73,
473,entry,18,6,,
473,entry,19,7,,
473,entry,20,4,,5
473,entry,24,9,,4
473,entry,25,35,,
473,entry,26,59,,
473,entry,27,27,,
473,entry,28,16,,
473,entry,29,69,,
473,entry,30,26,,
473,entry,35,8,,
473,entry,36,37,,
473,entry,37,48,,
473,entry,38,47,,3
473,entry,39,,46,
473,entry,40,36,,
473,entry,46,68,,
473,entry,47,,19,
473,entry,48,24,,
473,entry,49,13,,7
473,entry,50,46,,
473,entry,57,40,,
473,entry,58,28,,
473,entry,59,50,,2
473,entry,60,80,,
473,entry,68,90,,
473,entry,69,58,,
473,entry,70,38,,
473,entry,79,20,,
473,entry,80,,55,
473,entry,90,19,,
473,start,2,15,,
473,start,3,17,,
473,start,4,14,,
473,start,5,2,,
473,start,6,10,,
473,start,7,,28,
473,start,8,5,,
473,start,9,0,,
474,entry,0,80,,
474,entry,2,69,,
474,entry,3,60,,2
474,entry,4,20,,
474,entry,5,39,,
474,entry,6,10,,1
474,entry,7,38,,
474,entry,8,4,,
474,entry,9,,73,
474,entry,10,,28,
474,entry,13,68,,
474,entry,14,46,,
474,entry,15,49,,
474,entry,16,15,,
474,entry,17,19,,
474,entry,18,35,,7
474,entry,19,36,,
474,entry,20,3,,
474,entry,24,14,,8
474,entry,25,,19,
474,entry,26,25,,
474,entry,27,16,,
474,entry,28,18,,
474,entry,29,70,,
474,entry,30,57,,
474,entry,35,2,,
474,entry,36,26,,
474,entry,37,17,,
474,entry,38,37,,
474,entry,39,5,,
474,entry,40,79,,
474,entry,46,29,,
474,entry,47,27,,
474,entry,48,7,,
474,entry,49,47,,
474,entry,50,,82,
474,entry,57,0,,
474,entry,58,,55,4
474,entry,59,13,,
474,entry,60,9,,
474,entry,68,48,,
474,entry,69,,46,
474,entry,70,,37,6
474,entry,79,6,,
474,entry,80,40,,
474,entry,90,50,,3
474,start,2,28,,5
474,start,3,58,,
474,start,4,30,,
474,start,5,90,,
474,start,6,,64,
474,start,7,59,,
474,start,8,8,,
474,start,9,24,,
475,entry,0,,28,
475,entry,2,46,,1
475,entry,3,58,,
475,entry,4,47,,8
475,entry,5,59,,
475,entry,6,79,,2 4
475,entry,7,14,,
475,entry,8,,55,
475,entry,9,60,,
475,entry,10,16,,7
475,entry,13,36,,
475,entry,14,,19,
475,entry,15,69,,
475,entry,16,27,,5
475,entry,17,19,,
475,entry,18,,46,
475,entry,19,,37,
475,entry,20,30,,
475,entry,24,2,,
475,entry,25,,82,
475,entry,26,13,,
475,entry,27,,73,
475,entry,28,4,,
475,entry,29,29,,
475,entry,30,24,,
475,entry,35,10,,3
475,entry,36,0,,
475,entry,37,9,,
475,entry,38,,64,
475,entry,39,39,,
475,entry,40,38,,
475,entry,46,49,,
475,entry,47,3,,
475,entry,48,7,,
475,entry,49,26,,
475,entry,50,6,,
475,entry,57,48,,
475,entry,58,70,,
475,entry,59,28,,6
475,entry,60,8,,
475,entry,68,80,,
475,entry,69,25,,
475,entry,70,18,,
475,entry,79,35,,
475,entry,80,40,,
475,entry,90,50,,
475,start,2,5,,
475,start,3,17,,
475,start,4,37,,
475,start,5,15,,
475,start,6,68,,
475,start,7,90,,
475,start,8,20,,
475,start,9,57,,
476,entry,0,,82,
476,entry,2,68,,
476,entry,3,38,,
476,entry,4,47,,
476,entry,5,19,,
476,entry,6,58,,
476,entry,7,2,,2
476,entry,8,14,,
476,entry,9,,19,
476,entry,10,30,,1
476,entry,13,37,,
476,entry,14,50,,
476,entry,15,70,,3
476,entry,16,6,,
476,entry,17,35,,
476,entry,18,16,,
476,entry,19,57,,
476,entry,20,39,,
476,entry,24,80,,
476,entry,25,79,,8
476,entry,26,25,,
476,entry,27,,55,
476,entry,28,27,,
476,entry,29,,73,
476,entry,30,40,,
476,entry,35,20,,
476,entry,36,60,,
476,entry,37,7,,
476,entry,38,46,,
476,entry,39,8,,
476,entry,40,90,,
476,entry,46,,28,6
476,entry,47,69,,4
476,entry,48,,64,
476,entry,49,18,,
476,entry,50,3,,
476,entry,57,4,,
476,entry,58,26,,
476,entry,59,24,,
476,entry,60,59,,
476,entry,68,13,,
476,entry,69,,46,
476,entry,70,49,,7
476,entry,79,28,,5
476,entry,80,15,,
476,entry,90,48,,
476,start,2,29,,
476,start,3,10,,
476,start,4,17,,
476,start,5,,37,
476,start,6,36,,
476,start,7,9,,
476,start,8,5,,
476,start,9,0,,
477,entry,0,17,,6
477,entry,2,,55,4
477,entry,3,9,,
477,entry,4,50,,
477,entry,5,,82,
477,entry,6,15,,3
477,entry,7,2,,
477,entry,8,20,,
477,entry,9,,19,
477,entry,10,69,,
477,entry,13,35,,
477,entry,14,60,,
477,entry,15,6,,
477,entry,16,57,,
477,entry,17,,28,
477,entry,18,18,,
477,entry,19,19,,
477,entry,20,,37,
477,entry,24,,73,
477,entry,25,70,,
477,entry,26,29,,
477,entry,27,3,,
477,entry,28,28,,
477,entry,29,26,,
477,entry,30,49,,
477,entry,35,40,,
477,entry,36,39,,
477,entry,37,13,,
477,entry,38,4,,1 7
477,entry,39,36,,
477,entry,40,59,,
477,entry,46,14,,8
477,entry,47,80,,
477,entry,48,27,,
477,entry,49,46,,
477,entry,50,,46,
477,entry,57,5,,
477,entry,58,37,,
477,entry,59,,64,
477,entry,60,68,,5
477,entry,68,30,,
477,entry,69,7,,
477,entry,70,48,,
477,entry,79,25,,2
477,entry,80,58,,
477,entry,90,90,,
477,start,2,79,,
477,start,3,10,,
477,start,4,47,,
477,start,5,16,,
477,start,6,38,,
477,start,7,0,,
477,start,8,8,,
477,start,9,24,,
478,entry,0,29,,5
478,entry,2,6,,
478,entry,3,,82,
478,entry,4,5,,
478,entry,5,,37,
478,entry,6,2,,
478,entry,7,10,,
478,entry,8,13,,
478,entry,9,46,,
478,entry,10,14,,
478,entry,13,,73,
478,entry,14,36,,
478,entry,15,19,,1
478,entry,16,,28,
478,entry,17,90,,
478,entry,18,26,,
478,entry,19,79,,
478,entry,20,9,,
478,entry,24,28,,
478,entry,25,24,,
478,entry,26,40,,
478,entry,27,15,,
478,entry,28,37,,
478,entry,29,3,,
478,entry,30,7,,
478,entry,35,,46,
478,entry,36,4,,7
478,entry,37,25,,6
478,entry,38,0,,
478,entry,39,,55,
478,entry,40,17,,
478,entry,46,39,,
478,entry,47,70,,3
478,entry,48,49,,
478,entry,49,38,,
478,entry,50,27,,
478,entry,57,47,,8
478,entry,58,59,,
478,entry,59,48,,
478,entry,60,35,,
478,entry,68,69,,
478,entry,69,30,,
478,entry,70,8,,
478,entry,79,80,,2 4
478,entry,80,18,,
478,entry,90,16,,
478,start,2,,19,
478,start,3,68,,
478,start,4,50,,
478,start,5,,64,
478,start,6,58,,
478,start,7,60,,
478,start,8,20,,
478,start,9,57,,
479,entry,0,6,,
479,entry,2,,55,
479,entry,3,70,,
479,entry,4,9,,
479,entry,5,27,,5
479,entry,6,25,,
479,entry,7,17,,
479,entry,8,40,,
479,entry,9,68,,
479,entry,10,,82,
479,entry,13,8,,
479,entry,14,38,,
479,entry,15,7,,7
479,entry,16,18,,
479,entry,17,35,,
479,entry,18,57,,6
479,entry,19,28,,
479,entry,20,19,,
479,entry,24,14,,
479,entry,25,15,,
479,entry,26,79,,8
479,entry,27,49,,
479,entry,28,,37,
479,entry,29,90,,
479,entry,30,69,,2
479,entry,35,,73,
479,entry,36,10,,
479,entry,37,80,,
479,entry,38,4,,
479,entry,39,16,,1
479,entry,40,58,,
479,entry,46,13,,
479,entry,47,50,,
479,entry,48,46,,
479,entry,49,39,,
479,entry,50,20,,
479,entry,57,60,,4
479,entry,58,,64,
479,entry,59,36,,
479,entry,60,30,,
479,entry,68,3,,
479,entry,69,48,,
479,entry,70,24,,
479,entry,79,,19,
479,entry,80,,46,
479,entry,90,26,,3
479,start,2,29,,
479,start,3,59,,
479,start,4,37,,
479,start,5,2,,
479,start,6,47,,
479,start,7,,28,
479,start,8,5,,
479,start,9,0,,
480,entry,0,46,,
480,entry,2,20,,
480,entry,3,70,,
480,entry,4,3,,
480,entry,5,80,,
480,entry,6,9,,
480,entry,7,,73,6
480,entry,8,6,,
480,entry,9,17,,
480,entry,10,,64,
480,entry,13,,37,
480,entry,14,13,,4
480,entry,15,29,,7
480,entry,16,,19,
480,entry,17,40,,
480,entry,18,37,,
480,entry,19,27,,
480,entry,20,7,,
480,entry,24,48,,
480,entry,25,18,,
480,entry,26,57,,
480,entry,27,50,,3
480,entry,28,47,,
480,entry,29,38,,
480,entry,30,39,,1
480,entry,35,90,,
480,entry,36,19,,
480,entry,37,15,,
480,entry,38,5,,
480,entry,39,2,,
480,entry,40,49,,
480,entry,46,10,,
480,entry,47,36,,
480,entry,48,79,,
480,entry,49,0,,
480,entry,50,59,,
480,entry,57,,82,
480,entry,58,25,,
480,entry,59,60,,2
480,entry,60,69,,
480,entry,68,26,,
480,entry,69,68,,
480,entry,70,4,,
480,entry,79,,55,
480,entry,80,14,,8
480,entry,90,,46,
480,start,2,28,,5
480,start,3,58,,
480,start,4,30,,
480,start,5,16,,
480,start,6,,28,
480,start,7,35,,
480,start,8,8,,
480,start,9,24,,
481,entry,0,3,,
481,entry,2,24,,
481,entry,3,59,,
481,entry,4,70,,
481,entry,5,2,,
481,entry,6,9,,
481,entry,7,68,,7
481,entry,8,13,,
481,entry,9,49,,
481,entry,10,6,,
481,entry,13,69,,
481,entry,14,80,,1
481,entry,15,27,,
481,entry,16,,73,
481,entry,17,26,,
481,entry,18,,37,
481,entry,19,28,,6
481,entry,20,8,,
481,entry,24,47,,8
481,entry,25,37,,
481,entry,26,38,,
481,entry,27,46,,2 4
481,entry,28,4,,
481,entry,29,25,,
481,entry,30,18,,
481,entry,35,36,,
481,entry,36,48,,
481,entry,37,90,,5
481,entry,38,16,,
481,entry,39,35,,
481,entry,40,79,,
481,entry,46,7,,3
481,entry,47,30,,
481,entry,48,19,,
481,entry,49,,55,
481,entry,50,50,,
481,entry,57,0,,
481,entry,58,,28,
481,entry,59,,46,
481,entry,60,60,,
481,entry,68,58,,
481,entry,69,,64,
481,entry,70,40,,
481,entry,79,14,,
481,entry,80,29,,
481,entry,90,39,,
481,start,2,5,,
481,start,3,10,,
481,start,4,,19,
481,start,5,15,,
481,start,6,,82,
481,start,7,17,,
481,start,8,20,,
481,start,9,57,,
482,entry,0,47,,
482,entry,2,20,,
482,entry,3,3,,3
482,entry,4,29,,
482,entry,5,60,,
482,entry,6,2,,2
482,entry,7,16,,
482,entry,8,59,,
482,entry,9,90,,
482,entry,10,15,,
482,entry,13,,37,
482,entry,14,,28,6
482,entry,15,58,,
482,entry,16,35,,
482,entry,17,36,,
482,entry,18,69,,
482,entry,19,4,,
482,entry,20,9,,
482,entry,24,27,,
482,entry,25,6,,
482,entry,26,,55,
482,entry,27,8,,
482,entry,28,79,,8
482,entry,29,14,,
482,entry,30,38,,
482,entry,35,19,,
482,entry,36,80,,
482,entry,37,18,,
482,entry,38,10,,
482,entry,39,24,,
482,entry,40,46,,
482,entry,46,13,,4
482,entry,47,57,,
482,entry,48,49,,
482,entry,49,,46,
482,entry,50,,64,
482,entry,57,,82,7
482,entry,58,28,,5
482,entry,59,48,,
482,entry,60,7,,
482,entry,68,70,,
482,entry,69,,19,
482,entry,70,30,,1
482,entry,79,25,,
482,entry,80,68,,
482,entry,90,40,,
482,start,2,37,,
482,start,3,39,,
482,start,4,26,,
482,start,5,50,,
482,start,6,,73,
482,start,7,17,,
482,start,8,5,,
482,start,9,0,,
483,entry,0,59,,
483,entry,2,15,,3
483,entry,3,36,,
483,entry,4,,55,
483,entry,5,79,,
483,entry,6,25,,2
483,entry,7,58,,
483,entry,8,13,,
483,entry,9,37,,
483,entry,10,2,,
483,entry,13,5,,
483,entry,14,6,,
483,entry,15,69,,
483,entry,16,20,,
483,entry,17,29,,
483,entry,18,47,,
483,entry,19,48,,
483,entry,20,,28,
483,entry,24,16,,
483,entry,25,30,,
483,entry,26,18,,
483,entry,27,39,,
483,entry,28,68,,5
483,entry,29,57,,
483,entry,30,,37,
483,entry,35,35,,
483,entry,36,28,,
483,entry,37,40,,
483,entry,38,14,,8
483,entry,39,,73,4
483,entry,40,38,,
483,entry,46,27,,1 7
483,entry,47,50,,
483,entry,48,,46,
483,entry,49,19,,6
483,entry,50,,82,
483,entry,57,60,,
483,entry,58,46,,
483,entry,59,26,,
483,entry,60,70,,
483,entry,68,,64,
483,entry,69,17,,
483,entry,70,80,,
483,entry,79,3,,
483,entry,80,90,,
483,entry,90,,19,
483,start,2,7,,
483,start,3,10,,
483,start,4,49,,
483,start,5,9,,
483,start,6,4,,
483,start,7,0,,
483,start,8,8,,
483,start,9,24,,
484,entry,0,,73,
484,entry,2,,82,
484,entry,3,,28,
484,entry,4,24,,
484,entry,5,0,,
484,entry,6,70,,3
484,entry,7,27,,
484,entry,8,10,,
484,entry,9,6,,
484,entry,10,36,,
484,entry,13,28,,
484,entry,14,,46,
484,entry,15,39,,
484,entry,16,47,,8
484,entry,17,37,,
484,entry,18,80,,2 4
484,entry,19,,19,
484,entry,20,29,,5
484,entry,24,5,,
484,entry,25,79,,
484,entry,26,59,,
484,entry,27,58,,
484,entry,28,18,,
484,entry,29,3,,
484,entry,30,14,,
484,entry,35,19,,1
484,entry,36,69,,
484,entry,37,68,,
484,entry,38,2,,
484,entry,39,38,,
484,entry,40,9,,
484,entry,46,90,,7
484,entry,47,15,,
484,entry,48,26,,
484,entry,49,8,,
484,entry,50,30,,
484,entry,57,25,,6
484,entry,58,48,,
484,entry,59,16,,
484,entry,60,40,,
484,entry,68,17,,
484,entry,69,35,,
484,entry,70,,37,
484,entry,79,,55,
484,entry,80,4,,
484,entry,90,46,,
484,start,2,49,,
484,start,3,7,,
484,start,4,50,,
484,start,5,13,,
484,start,6,,64,
484,start,7,60,,
484,start,8,20,,
484,start,9,57,,
485,entry,0,35,,
485,entry,2,80,,
485,entry,3,,73,
485,entry,4,29,,
485,entry,5,48,,
485,entry,6,28,,
485,entry,7,20,,
485,entry,8,16,,
485,entry,9,13,,5
485,entry,10,69,,
485,entry,13,3,,
485,entry,14,39,,
485,entry,15,,19,
485,entry,16,90,,
485,entry,17,30,,
485,entry,18,47,,
485,entry,19,8,,
485,entry,20,9,,
485,entry,24,15,,
485,entry,25,40,,
485,entry,26,17,,1
485,entry,27,10,,
485,entry,28,7,,
485,entry,29,,55,
485,entry,30,37,,
485,entry,35,57,,6
485,entry,36,59,,
485,entry,37,50,,
485,entry,38,14,,
485,entry,39,6,,
485,entry,40,68,,4
485,entry,46,70,,7
485,entry,47,60,,3
485,entry,48,46,,
485,entry,49,36,,
485,entry,50,25,,
485,entry,57,4,,
485,entry,58,24,,2
485,entry,59,38,,
485,entry,60,18,,
485,entry,68,58,,
485,entry,69,79,,8
485,entry,70,,46,
485,entry,79,,82,
485,entry,80,26,,
485,entry,90,19,,
485,start,2,49,,
485,start,3,,64,
485,start,4,,37,
485,start,5,2,,
485,start,6,27,,
485,start,7,,28,
485,start,8,5,,
485,start,9,0,,
486,entry,0,10,,
486,entry,2,36,,
486,entry,3,50,,3
486,entry,4,0,,
486,entry,5,16,,
486,entry,6,60,,2
486,entry,7,13,,
486,entry,8,70,,
486,entry,9,37,,
486,entry,10,20,,
486,entry,13,29,,
486,entry,14,27,,6
486,entry,15,19,,
486,entry,16,68,,
486,entry,17,35,,
486,entry,18,5,,1
486,entry,19,47,,4
486,entry,20,59,,
486,entry,24,40,,
486,entry,25,79,,
486,entry,26,4,,
486,entry,27,,55,
486,entry,28,46,,
486,entry,29,48,,
486,entry,30,17,,
486,entry,35,39,,
486,entry,36,14,,8
486,entry,37,15,,
486,entry,38,,64,
486,entry,39,9,,
486,entry,40,57,,
486,entry,46,6,,
486,entry,47,25,,
486,entry,48,7,,
486,entry,49,2,,
486,entry,50,69,,
486,entry,57,38,,
486,entry,58,,28,
486,entry,59,80,,
486,entry,60,,82,
486,entry,68,3,,
486,entry,69,90,,
486,entry,70,,73,7
486,entry,79,,19,
486,entry,80,18,,
486,entry,90,49,,
486,start,2,28,,5
486,start,3,58,,
486,start,4,30,,
486,start,5,,46,
486,start,6,26,,
486,start,7,,37,
486,start,8,8,,
486,start,9,24,,
487,entry,0,46,,7
487,entry,2,58,,
487,entry,3,0,,
487,entry,4,59,,
487,entry,5,,55,
487,entry,6,39,,
487,entry,7,18,,
487,entry,8,,37,
487,entry,9,36,,
487,entry,10,30,,
487,entry,13,19,,
487,entry,14,69,,
487,entry,15,,46,
487,entry,16,,64,
487,entry,17,37,,
487,entry,18,17,,
487,entry,19,2,,3
487,entry,20,10,,
487,entry,24,79,,
487,entry,25,7,,
487,entry,26,28,,6
487,entry,27,50,,
487,entry,28,27,,
487,entry,29,48,,
487,entry,30,90,,2 4
487,entry,35,49,,
487,entry,36,25,,
487,entry,37,60,,
487,entry,38,24,,
487,entry,39,3,,
487,entry,40,,73,5
487,entry,46,35,,
487,entry,47,,19,
487,entry,48,68,,
487,entry,49,13,,
487,entry,50,40,,
487,entry,57,29,,
487,entry,58,6,,
487,entry,59,,82,
487,entry,60,70,,
487,entry,68,8,,
487,entry,69,80,,
487,entry,70,4,,
487,entry,79,14,,1
487,entry,80,16,,
487,entry,90,26,,
487,start,2,5,,
487,start,3,47,,8
487,start,4,38,,
487,start,5,15,,
487,start,6,9,,
487,start,7,,28,
487,start,8,20,,
487,start,9,57,,
488,entry,0,90,,
488,entry,2,40,,
488,entry,3,30,,1
488,entry,4,68,,
488,entry,5,47,,
488,entry,6,,28,6
488,entry,7,59,,4 7
488,entry,8,3,,
488,entry,9,46,,
488,entry,10,25,,
488,entry,13,49,,
488,entry,14,,82,
488,entry,15,18,,
488,entry,16,29,,
488,entry,17,14,,
488,entry,18,17,,
488,entry,19,,64,
488,entry,20,70,,
488,entry,24,9,,
488,entry,25,,73,
488,entry,26,57,,3
488,entry,27,58,,
488,entry,28,8,,
488,entry,29,7,,
488,entry,30,80,,
488,entry,35,38,,
488,entry,36,15,,
488,entry,37,6,,
488,entry,38,2,,2
488,entry,39,28,,5
488,entry,40,13,,
488,entry,46,20,,
488,entry,47,,37,
488,entry,48,35,,
488,entry,49,24,,
488,entry,50,48,,
488,entry,57,60,,
488,entry,58,,55,
488,entry,59,16,,
488,entry,60,,19,
488,entry,68,69,,
488,entry,69,37,,
488,entry,70,,46,
488,entry,79,10,,
488,entry,80,26,,
488,entry,90,36,,
488,start,2,39,,
488,start,3,50,,
488,start,4,27,,
488,start,5,4,,
488,start,6,79,,8
488,start,7,19,,
488,start,8,5,,
488,start,9,0,,
489,entry,0,38,,
489,entry,2,57,,
489,entry,3,19,,
489,entry,4,13,,
489,entry,5,5,,
489,entry,6,6,,
489,entry,7,18,,
489,entry,8,,55,
489,entry,9,4,,
489,entry,10,48,,
489,entry,13,70,,
489,entry,14,,28,
489,entry,15,15,,3
489,entry,16,16,,
489,entry,17,28,,
489,entry,18,79,,
489,entry,19,,73,
489,entry,20,60,,
489,entry,24,14,,8
489,entry,25,80,,
489,entry,26,17,,
489,entry,27,47,,1 7
489,entry,28,90,,
489,entry,29,68,,5
489,entry,30,,46,
489,entry,35,3,,
489,entry,36,27,,
489,entry,37,,64,
489,entry,38,,19,
489,entry,39,36,,
489,entry,40,,82,
489,entry,46,49,,
489,entry,47,7,,
489,entry,48,2,,
489,entry,49,46,,
489,entry,50,9,,4
489,entry,57,30,,
489,entry,58,25,,2
489,entry,59,59,,
489,entry,60,39,,6
489,entry,68,20,,
489,entry,69,40,,
489,entry,70,58,,
489,entry,79,35,,
489,entry,80,37,,
489,entry,90,,37,
489,start,2,50,,
489,start,3,10,,
489,start,4,69,,
489,start,5,29,,
489,start,6,26,,
489,start,7,0,,
489,start,8,8,,
489,start,9,24,,
490,entry,0,37,,
490,entry,2,27,,
490,entry,3,70,,3
490,entry,4,7,,
490,entry,5,,73,
490,entry,6,80,,2 4
490,entry,7,36,,
490,entry,8,16,,
490,entry,9,28,,
490,entry,10,,37,
490,entry,13,30,,
490,entry,14,15,,
490,entry,15,38,,
490,entry,16,,55,
490,entry,17,35,,
490,entry,18,26,,
490,entry,19,,82,
490,entry,20,3,,
490,entry,24,25,,6
490,entry,25,48,,7
490,entry,26,68,,
490,entry,27,2,,
490,entry,28,,19,
490,entry,29,40,,
490,entry,30,39,,
490,entry,35,,64,
490,entry,36,90,,
490,entry,37,6,,
490,entry,38,0,,
490,entry,39,79,,
490,entry,40,,28,
490,entry,46,46,,
490,entry,47,8,,
490,entry,48,10,,
490,entry,49,29,,5
490,entry,50,19,,1
490,entry,57,13,,
490,entry,58,58,,
490,entry,59,14,,
490,entry,60,24,,
490,entry,68,59,,
490,entry,69,9,,
490,entry,70,,46,
490,entry,79,4,,
490,entry,80,5,,
490,entry,90,49,,
490,start,2,17,,
490,start,3,47,,8
490,start,4,50,,
490,start,5,69,,
490,start,6,18,,
490,start,7,60,,
490,start,8,20,,
490,start,9,57,,
491,entry,0,15,,
491,entry,2,27,,
491,entry,3,38,,
491,entry,4,79,,8
491,entry,5,36,,
491,entry,6,7,,
491,entry,7,59,,
491,entry,8,48,,
491,entry,9,19,,
491,entry,10,,73,
491,entry,13,24,,
491,entry,14,10,,7
491,entry,15,68,,
491,entry,16,17,,4
491,entry,17,3,,
491,entry,18,,19,
491,entry,19,29,,3
491,entry,20,8,,
491,entry,24,46,,
491,entry,25,60,,5
491,entry,26,25,,
491,entry,27,50,,
491,entry,28,40,,
491,entry,29,80,,
491,entry,30,13,,
491,entry,35,69,,
491,entry,36,18,,
491,entry,37,35,,
491,entry,38,57,,6
491,entry,39,28,,
491,entry,40,,64,
491,entry,46,47,,
491,entry,47,14,,
491,entry,48,,82,
491,entry,49,90,,
491,entry,50,16,,2
491,entry,57,37,,
491,entry,58,9,,
491,entry,59,,55,1
491,entry,60,58,,
491,entry,68,49,,
491,entry,69,4,,
491,entry,70,20,,
491,entry,79,39,,
491,entry,80,30,,
491,entry,90,,46,
491,start,2,,37,
491,start,3,26,,
491,start,4,70,,
491,start,5,2,,
491,start,6,6,,
491,start,7,,28,
491,start,8,5,,
491,start,9,0,,
492,entry,0,40,,
492,entry,2,17,,6
492,entry,3,37,,
492,entry,4,6,,
492,entry,5,68,,
492,entry,6,35,,
492,entry,7,0,,
492,entry,8,,19,
492,entry,9,20,,
492,entry,10,50,,3
492,entry,13,,82,
492,entry,14,26,,
492,entry,15,,37,
492,entry,16,80,,
492,entry,17,10,,
492,entry,18,7,,
492,entry,19,57,,7
492,entry,20,27,,
492,entry,24,79,,
492,entry,25,4,,
492,entry,26,90,,
492,entry,27,2,,
492,entry,28,,73,
492,entry,29,18,,
492,entry,30,36,,
492,entry,35,,55,
492,entry,36,46,,
492,entry,37,,28,
492,entry,38,38,,
492,entry,39,39,,
492,entry,40,9,,
492,entry,46,60,,2
492,entry,47,3,,
492,entry,48,59,,
492,entry,49,5,,
492,entry,50,19,,
492,entry,57,,46,
492,entry,58,69,,1
492,entry,59,15,,4
492,entry,60,49,,
492,entry,68,29,,
492,entry,69,48,,
492,entry,70,16,,
492,entry,79,25,,
492,entry,80,47,,
492,entry,90,,64,
492,start,2,28,,5
492,start,3,58,,
492,start,4,30,,
492,start,5,14,,8
492,start,6,70,,
492,start,7,13,,
492,start,8,8,,
492,start,9,24,,
493,entry,0,37,,
493,entry,2,70,,
493,entry,3,38,,2 4
493,entry,4,13,,
493,entry,5,0,,
493,entry,6,,46,
493,entry,7,39,,
493,entry,8,8,,
493,entry,9,47,,8
493,entry,10,40,,
493,entry,13,16,,5
493,entry,14,,37,
493,entry,15,10,,
493,entry,16,14,,
493,entry,17,2,,
493,entry,18,18,,
493,entry,19,,73,1
493,entry,20,48,,
493,entry,24,90,,
493,entry,25,19,,
493,entry,26,,82,
493,entry,27,28,,6
493,entry,28,27,,
493,entry,29,69,,
493,entry,30,,28,
493,entry,35,46,,
493,entry,36,9,,
493,entry,37,25,,
493,entry,38,50,,
493,entry,39,7,,
493,entry,40,3,,
493,entry,46,79,,
493,entry,47,35,,
493,entry,48,60,,
493,entry,49,17,,
493,entry,50,58,,3
493,entry,57,,55,
493,entry,58,80,,
493,entry,59,24,,
493,entry,60,36,,
493,entry,68,29,,
493,entry,69,,64,
493,entry,70,49,,
493,entry,79,6,,
493,entry,80,59,,
493,entry,90,,19,7
493,start,2,5,,
493,start,3,4,,
493,start,4,26,,
493,start,5,15,,
493,start,6,30,,
493,start,7,68,,
493,start,8,20,,
493,start,9,57,,
494,entry,0,49,,
494,entry,2,28,,5
494,entry,3,37,,
494,entry,4,,82,
494,entry,5,7,,
494,entry,6,40,,
494,entry,7,38,,
494,entry,8,,46,
494,entry,9,69,,
494,entry,10,16,,
494,entry,13,57,,
494,entry,14,9,,
494,entry,15,48,,
494,entry,16,90,,
494,entry,17,,37,
494,entry,18,,64,3
494,entry,19,79,,4 8
494,entry,20,13,,
494,entry,24,19,,
494,entry,25,,19,
494,entry,26,50,,
494,entry,27,4,,
494,entry,28,10,,
494,entry,29,39,,
494,entry,30,18,,
494,entry,35,68,,
494,entry,36,60,,
494,entry,37,14,,
494,entry,38,20,,
494,entry,39,58,,
494,entry,40,59,,
494,entry,46,70,,
494,entry,47,30,,1
494,entry,48,47,,
494,entry,49,6,,
494,entry,50,,73,
494,entry,57,36,,
494,entry,58,25,,
494,entry,59,17,,
494,entry,60,15,,
494,entry,68,46,,7
494,entry,69,3,,
494,entry,70,2,,2
494,entry,79,,28,6
494,entry,80,35,,
494,entry,90,,55,
494,start,2,26,,
494,start,3,27,,
494,start,4,80,,
494,start,5,29,,
494,start,6,8,,
494,start,7,24,,
494,start,8,5,,
494,start,9,0,,
495,entry,0,39,,
495,entry,2,,55,
495,entry,3,48,,
495,entry,4,49,,
495,entry,5,17,,
495,entry,6,90,,
495,entry,7,,28,1 7
495,entry,8,47,,
495,entry,9,68,,5
495,entry,10,59,,
495,entry,13,58,,
495,entry,14,14,,8
495,entry,15,,73,
495,entry,16,,19,
495,entry,17,3,,
495,entry,18,57,,
495,entry,19,,64,
495,entry,20,,37,
495,entry,24,70,,
495,entry,25,,82,
495,entry,26,40,,
495,entry,27,38,,
495,entry,28,26,,
495,entry,29,7,,
495,entry,30,4,,4
495,entry,35,36,,
495,entry,36,5,,
495,entry,37,30,,
495,entry,38,25,,2
495,entry,39,50,,
495,entry,40,35,,6
495,entry,46,15,,3
495,entry,47,69,,
495,entry,48,20,,
495,entry,49,60,,
495,entry,50,6,,
495,entry,57,80,,
495,entry,58,18,,
495,entry,59,79,,
495,entry,60,2,,
495,entry,68,28,,
495,entry,69,27,,
495,entry,70,9,,
495,entry,79,37,,
495,entry,80,19,,
495,entry,90,13,,
495,start,2,29,,
495,start,3,10,,
495,start,4,16,,
495,start,5,,46,
495,start,6,46,,
495,start,7,0,,
495,start,8,8,,
495,start,9,24,,
496,entry,0,,64,
496,entry,2,46,,
496,entry,3,26,,
496,entry,4,29,,5
496,entry,5,28,,
496,entry,6,19,,1
496,entry,7,48,,
496,entry,8,68,,
496,entry,9,,55,
496,entry,10,30,,
496,entry,13,36,,
496,entry,14,14,,
496,entry,15,,82,
496,entry,16,24,,
496,entry,17,58,,
496,entry,18,47,,8
496,entry,19,80,,2 4
496,entry,20,40,,
496,entry,24,9,,
496,entry,25,59,,
496,entry,26,,46,
496,entry,27,16,,
496,entry,28,,73,
496,entry,29,,28,
496,entry,30,79,,
496,entry,35,69,,7
496,entry,36,5,,
496,entry,37,35,,
496,entry,38,15,,
496,entry,39,0,,
496,entry,40,90,,
496,entry,46,10,,
496,entry,47,39,,
496,entry,48,25,,6
496,entry,49,13,,
496,entry,50,27,,
496,entry,57,3,,
496,entry,58,70,,3
496,entry,59,37,,
496,entry,60,2,,
496,entry,68,49,,
496,entry,69,8,,
496,entry,70,7,,
496,entry,79,18,,
496,entry,80,17,,
496,entry,90,,37,
496,start,2,38,,
496,start,3,6,,
496,start,4,50,,
496,start,5,,19,
496,start,6,4,,
496,start,7,60,,
496,start,8,20,,
496,start,9,57,,
497,entry,0,6,,
497,entry,2,37,,1
497,entry,3,28,,
497,entry,4,13,,
497,entry,5,58,,
497,entry,6,17,,
497,entry,7,,64,
497,entry,8,18,,
497,entry,9,3,,
497,entry,10,69,,
497,entry,13,90,,
497,entry,14,,37,3
497,entry,15,20,,
497,entry,16,27,,
497,entry,17,,73,
497,entry,18,9,,7
497,entry,19,19,,
497,entry,20,48,,
497,entry,24,49,,
497,entry,25,30,,
497,entry,26,59,,
497,entry,27,38,,
497,entry,28,15,,
497,entry,29,35,,
497,entry,30,,19,
497,entry,35,80,,
497,entry,36,8,,
497,entry,37,47,,
497,entry,38,26,,
497,entry,39,16,,
497,entry,40,40,,
497,entry,46,,82,2
497,entry,47,24,,
497,entry,48,29,,5
497,entry,49,,46,
497,entry,50,57,,6
497,entry,57,7,,
497,entry,58,50,,
497,entry,59,4,,
497,entry,60,36,,
497,entry,68,60,,
497,entry,69,14,,4
497,entry,70,46,,
497,entry,79,25,,
497,entry,80,79,,8
497,entry,90,10,,
497,start,2,,55,
497,start,3,70,,
497,start,4,39,,
497,start,5,2,,
497,start,6,68,,
497,start,7,,28,
497,start,8,5,,
497,start,9,0,,
498,entry,0,38,,
498,entry,2,59,,
498,entry,3,,64,
498,entry,4,48,,
498,entry,5,18,,
498,entry,6,,82,
498,entry,7,50,,3
498,entry,8,,73,
498,entry,9,13,,
498,entry,10,3,,1
498,entry,13,7,,
498,entry,14,15,,
498,entry,15,2,,
498,entry,16,39,,
498,entry,17,26,,
498,entry,18,25,,
498,entry,19,,37,
498,entry,20,90,,
498,entry,24,14,,8
498,entry,25,70,,
498,entry,26,46,,
498,entry,27,36,,
498,entry,28,79,,
498,entry,29,20,,
498,entry,30,,19,
498,entry,35,5,,4
498,entry,36,10,,
498,entry,37,69,,
498,entry,38,19,,
498,entry,39,60,,2
498,entry,40,0,,
498,entry,46,49,,7
498,entry,47,80,,
498,entry,48,29,,
498,entry,49,68,,
498,entry,50,,46,
498,entry,57,,28,
498,entry,58,9,,6
498,entry,59,16,,
498,entry,60,35,,
498,entry,68,40,,
498,entry,69,17,,
498,entry,70,,55,
498,entry,79,57,,
498,entry,80,37,,
498,entry,90,47,,
498,start,2,28,,5
498,start,3,58,,
498,start,4,30,,
498,start,5,27,,
498,start,6,4,,
498,start,7,6,,
498,start,8,8,,
498,start,9,24,,
499,entry,0,14,,
499,entry,2,80,,
499,entry,3,,73,
499,entry,4,,55,
499,entry,5,17,,
499,entry,6,50,,
499,entry,7,24,,
499,entry,8,4,,
499,entry,9,27,,
499,entry,10,69,,
499,entry,13,70,,
499,entry,14,,46,
499,entry,15,28,,6
499,entry,16,60,,
499,entry,17,59,,
499,entry,18,0,,
499,entry,19,90,,
499,entry,20,19,,
499,entry,24,7,,7
499,entry,25,25,,
499,entry,26,,64,
499,entry,27,6,,
499,entry,28,37,,
499,entry,29,,19,
499,entry,30,49,,
499,entry,35,35,,
499,entry,36,29,,
499,entry,37,8,,
499,entry,38,47,,1 8
499,entry,39,,82,
499,entry,40,26,,
499,entry,46,39,,
499,entry,47,18,,
499,entry,48,16,,
499,entry,49,9,,
499,entry,50,36,,
499,entry,57,,28,
499,entry,58,30,,
499,entry,59,3,,3
499,entry,60,79,,
499,entry,68,40,,
499,entry,69,68,,
499,entry,70,2,,2 4
499,entry,79,,37,
499,entry,80,48,,5
499,entry,90,46,,
499,start,2,5,,
499,start,3,38,,
499,start,4,58,,
499,start,5,15,,
499,start,6,10,,
499,start,7,13,,
499,start,8,20,,
499,start,9,57,,
500,entry,0,,19,
500,entry,2,48,,
500,entry,3,8,,
500,entry,4,90,,
500,entry,5,36,,
500,entry,6,,37,
500,entry,7,,28,6
500,entry,8,49,,
500,entry,9,24,,
500,entry,10,4,,
500,entry,13,18,,
500,entry,14,57,,
500,entry,15,30,,1
500,entry,16,80,,
500,entry,17,,64,
500,entry,18,59,,4
500,entry,19,29,,
500,entry,20,68,,
500,entry,24,,73,
500,entry,25,17,,
500,entry,26,38,,
500,entry,27,70,,3
500,entry,28,79,,8
500,entry,29,39,,
500,entry,30,,82,
500,entry,35,40,,
500,entry,36,,46,
500,entry,37,19,,
500,entry,38,58,,
500,entry,39,15,,
500,entry,40,3,,
500,entry,46,26,,
500,entry,47,20,,
500,entry,48,6,,
500,entry,49,13,,
500,entry,50,37,,
500,entry,57,47,,
500,entry,58,50,,
500,entry,59,2,,2
500,entry,60,27,,7
500,entry,68,60,,
500,entry,69,35,,
500,entry,70,28,,5
500,entry,79,,55,
500,entry,80,10,,
500,entry,90,16,,
500,start,2,7,,
500,start,3,9,,
500,start,4,14,,
500,start,5,69,,
500,start,6,25,,
500,start,7,46,,
500,start,8,5,,
500,start,9,0,,
501,entry,0,4,,
501,entry,2,,37,
501,entry,3,37,,
501,entry,4,16,,
501,entry,5,47,,
501,entry,6,59,,
501,entry,7,,19,
501,entry,8,35,,
501,entry,9,20,,
501,entry,10,36,,
501,entry,13,68,,5
501,entry,14,,28,
501,entry,15,57,,4
501,entry,16,69,,
501,entry,17,2,,
501,entry,18,,55,
501,entry,19,18,,
501,entry,20,46,,
501,entry,24,3,,
501,entry,25,9,,6
501,entry,26,80,,
501,entry,27,60,,
501,entry,28,6,,
501,entry,29,28,,
501,entry,30,48,,
501,entry,35,90,,
501,entry,36,7,,
501,entry,37,27,,
501,entry,38,26,,
501,entry,39,17,,1 7
501,entry,40,58,,
501,entry,46,38,,
501,entry,47,,73,
501,entry,48,5,,
501,entry,49,14,,8
501,entry,50,19,,
501,entry,57,70,,
501,entry,58,15,,3
501,entry,59,79,,
501,entry,60,29,,
501,entry,68,49,,
501,entry,69,30,,
501,entry,70,40,,
501,entry,79,,46,
501,entry,80,50,,
501,entry,90,25,,2
501,start,2,,64,
501,start,3,10,,
501,start,4,39,,
501,start,5,,82,
501,start,6,13,,
501,start,7,0,,
501,start,8,8,,
501,start,9,24,,
502,entry,0,13,,
502,entry,2,4,,
502,entry,3,17,,
502,entry,4,25,,6
502,entry,5,40,,
502,entry,6,58,,
502,entry,7,8,,
502,entry,8,6,,
502,entry,9,79,,
502,entry,10,39,,
502,entry,13,27,,
502,entry,14,70,,3
502,entry,15,46,,
502,entry,16,10,,
502,entry,17,18,,
502,entry,18,35,,
502,entry,19,0,,
502,entry,20,3,,
502,entry,24,69,,
502,entry,25,,64,
502,entry,26,36,,
502,entry,27,37,,
502,entry,28,,55,
502,entry,29,29,,5
502,entry,30,19,,1
502,entry,35,15,,
502,entry,36,38,,7
502,entry,37,,37,
502,entry,38,48,,
502,entry,39,14,,
502,entry,40,24,,
502,entry,46,30,,
502,entry,47,80,,2 4
502,entry,48,49,,
502,entry,49,9,,
502,entry,50,,46,
502,entry,57,,28,
502,entry,58,26,,
502,entry,59,16,,
502,entry,60,5,,
502,entry,68,2,,
502,entry,69,90,,
502,entry,70,68,,
502,entry,79,,19,
502,entry,80,28,,
502,entry,90,,82,
502,start,2,7,,
502,start,3,,73,
502,start,4,50,,
502,start,5,59,,
502,start,6,47,,8
502,start,7,60,,
502,start,8,20,,
502,start,9,57,,
503,entry,0,40,,
503,entry,2,,19,
503,entry,3,10,,
503,entry,4,90,,
503,entry,5,69,,
503,entry,6,8,,2
503,entry,7,4,,
503,entry,8,9,,5
503,entry,9,14,,
503,entry,10,57,,6
503,entry,13,48,,
503,entry,14,15,,1
503,entry,15,79,,3 8
503,entry,16,58,,
503,entry,17,27,,
503,entry,18,,64,
503,entry,19,13,,
503,entry,20,,46,
503,entry,24,70,,
503,entry,25,29,,
503,entry,26,20,,
503,entry,27,37,,
503,entry,28,7,,
503,entry,29,,37,4
503,entry,30,26,,
503,entry,35,28,,
503,entry,36,30,,
503,entry,37,68,,7
503,entry,38,17,,
503,entry,39,25,,
503,entry,40,36,,
503,entry,46,59,,
503,entry,47,39,,
503,entry,48,16,,
503,entry,49,18,,
503,entry,50,46,,
503,entry,57,47,,
503,entry,58,38,,
503,entry,59,,55,
503,entry,60,3,,
503,entry,68,49,,
503,entry,69,6,,
503,entry,70,,82,
503,entry,79,24,,
503,entry,80,35,,
503,entry,90,80,,
503,start,2,60,,
503,start,3,50,,
503,start,4,19,,
503,start,5,2,,
503,start,6,,73,
503,start,7,,28,
503,start,8,5,,
503,start,9,0,,
504,entry,0,48,,
504,entry,2,38,,4
504,entry,3,,55,
504,entry,4,,28,
504,entry,5,6,,
504,entry,6,50,,3
504,entry,7,17,,
504,entry,8,4,,
504,entry,9,2,,
504,entry,10,16,,
504,entry,13,,37,
504,entry,14,13,,7
504,entry,15,90,,
504,entry,16,27,,
504,entry,17,79,,
504,entry,18,60,,2
504,entry,19,57,,
504,entry,20,47,,
504,entry,24,18,,
504,entry,25,3,,
504,entry,26,36,,
504,entry,27,37,,
504,entry,28,68,,
504,entry,29,,73,
504,entry,30,,46,
504,entry,35,14,,8
504,entry,36,5,,
504,entry,37,70,,
504,entry,38,19,,
504,entry,39,,82,
504,entry,40,35,,
504,entry,46,15,,
504,entry,47,,19,6
504,entry,48,29,,
504,entry,49,49,,
504,entry,50,0,,
504,entry,57,40,,
504,entry,58,69,,
504,entry,59,59,,
504,entry,60,10,,
504,entry,68,80,,
504,entry,69,46,,
504,entry,70,20,,1
504,entry,79,,64,
504,entry,80,25,,
504,entry,90,26,,
504,start,2,28,,5
504,start,3,58,,
504,start,4,30,,
504,start,5,39,,
504,start,6,7,,
504,start,7,9,,
504,start,8,8,,
504,start,9,24,,
505,entry,0,60,,
505,entry,2,50,,
505,entry,3,18,,
505,entry,4,0,,
505,entry,5,46,,
505,entry,6,26,,
505,entry,7,30,,
505,entry,8,38,,
505,entry,9,80,,
505,entry,10,70,,
505,entry,13,90,,
505,entry,14,6,,
505,entry,15,14,,
505,entry,16,36,,
505,entry,17,40,,
505,entry,18,48,,
505,entry,19,3,,
505,entry,20,29,,
505,entry,24,8,,
505,entry,25,10,,
505,entry,26,27,,
505,entry,27,,37,
505,entry,28,17,,
505,entry,29,,82,
505,entry,30,39,,
505,entry,35,24,,
505,entry,36,2,,
505,entry,37,,73,
505,entry,38,13,,2 4
505,entry,39,9,,
505,entry,40,47,,8
505,entry,46,,28,1
505,entry,47,4,,3
505,entry,48,49,,5
505,entry,49,,64,
505,entry,50,28,,6
505,entry,57,69,,
505,entry,58,58,,
505,entry,59,7,,
505,entry,60,25,,
505,entry,68,,19,
505,entry,69,19,,
505,entry,70,35,,
505,entry,79,79,,
505,entry,80,,55,
505,entry,90,,46,
505,start,2,5,,
505,start,3,68,,
505,start,4,59,,
505,start,5,15,,
505,start,6,37,,7
505,start,7,16,,
505,start,8,20,,
505,start,9,57,,
506,entry,0,,73,
506,entry,2,57,,
506,entry,3,69,,
506,entry,4,27,,
506,entry,5,26,,
506,entry,6,20,,
506,entry,7,8,,
506,entry,8,35,,
506,entry,9,50,,
506,entry,10,48,,
506,entry,13,29,,
506,entry,14,40,,
506,entry,15,36,,
506,entry,16,47,,
506,entry,17,18,,
506,entry,18,,55,
506,entry,19,16,,
506,entry,20,,19,
506,entry,24,90,,
506,entry,25,46,,
506,entry,26,13,,
506,entry,27,,28,6
506,entry,28,39,,
506,entry,29,,46,
506,entry,30,,37,
506,entry,35,30,,1
506,entry,36,70,,
506,entry,37,7,,
506,entry,38,49,,4
506,entry,39,15,,
506,entry,40,4,,
506,entry,46,38,,
506,entry,47,60,,3
506,entry,48,10,,
506,entry,49,25,,
506,entry,50,14,,
506,entry,57,59,,
506,entry,58,58,,
506,entry,59,68,,
506,entry,60,,82,
506,entry,68,6,,
506,entry,69,80,,
506,entry,70,9,,
506,entry,79,2,,2
506,entry,80,3,,
506,entry,90,28,,5
506,start,2,17,,
506,start,3,19,,
506,start,4,24,,
506,start,5,79,,8
506,start,6,37,,7
506,start,7,,64,
506,start,8,5,,
506,start,9,0,,
507,entry,0,6,,
507,entry,2,,55,
507,entry,3,15,,3
507,entry,4,19,,
507,entry,5,30,,
507,entry,6,18,,
507,entry,7,50,,
507,entry,8,68,,5
507,entry,9,69,,
507,entry,10,47,,
507,entry,13,,37,
507,entry,14,,64,
507,entry,15,,73,
507,entry,16,28,,
507,entry,17,60,,
507,entry,18,79,,
507,entry,19,80,,4
507,entry,20,58,,
507,entry,24,5,,
507,entry,25,,82,
507,entry,26,39,,1 7
507,entry,27,27,,
507,entry,28,4,,
507,entry,29,2,,6
507,entry,30,90,,
507,entry,35,9,,
507,entry,36,14,,8
507,entry,37,37,,
507,entry,38,7,,
507,entry,39,46,,
507,entry,40,70,,
507,entry,46,,46,
507,entry,47,25,,2
507,entry,48,49,,
507,entry,49,29,,
507,entry,50,35,,
507,entry,57,20,,
507,entry,58,3,,
507,entry,59,16,,
507,entry,60,26,,
507,entry,68,40,,
507,entry,69,17,,
507,entry,70,36,,
507,entry,79,59,,
507,entry,80,48,,
507,entry,90,,28,
507,start,2,38,,
507,start,3,10,,
507,start,4,13,,
507,start,5,,19,
507,start,6,57,,
507,start,7,0,,
507,start,8,8,,
507,start,9,24,,
508,entry,0,17,,
508,entry,2,80,,2 4
508,entry,3,36,,
508,entry,4,7,,
508,entry,5,58,,
508,entry,6,,19,
508,entry,7,,82,
508,entry,8,6,,
508,entry,9,25,,6
508,entry,10,13,,
508,entry,13,18,,
508,entry,14,40,,
508,entry,15,3,,
508,entry,16,2,,
508,entry,17,,73,
508,entry,18,19,,1
508,entry,19,70,,3
508,entry,20,,64,
508,entry,24,26,,
508,entry,25,4,,
508,entry,26,,28,7
508,entry,27,38,,
508,entry,28,24,,
508,entry,29,47,,8
508,entry,30,49,,
508,entry,35,68,,
508,entry,36,30,,
508,entry,37,29,,5
508,entry,38,,46,
508,entry,39,0,,
508,entry,40,,55,
508,entry,46,48,,
508,entry,47,14,,
508,entry,48,5,,
508,entry,49,10,,
508,entry,50,27,,
508,entry,57,9,,
508,entry,58,,37,
508,entry,59,90,,
508,entry,60,37,,
508,entry,68,28,,
508,entry,69,8,,
508,entry,70,59,,
508,entry,79,39,,
508,entry,80,69,,
508,entry,90,15,,
508,start,2,79,,
508,start,3,35,,
508,start,4,50,,
508,start,5,16,,
508,start,6,46,,
508,start,7,60,,
508,start,8,20,,
508,start,9,57,,
509,entry,0,26,,
509,entry,2,38,,
509,entry,3,60,,
509,entry,4,,37,5
509,entry,5,18,,
509,entry,6,,46,
509,entry,7,49,,
509,entry,8,37,,
509,entry,9,30,,
509,entry,10,9,,
509,entry,13,47,,
509,entry,14,10,,
509,entry,15,6,,
509,entry,16,19,,
509,entry,17,69,,
509,entry,18,59,,
509,entry,19,36,,
509,entry,20,70,,
509,entry,24,50,,
509,entry,25,16,,
509,entry,26,68,,
509,entry,27,79,,8
509,entry,28,48,,
509,entry,29,46,,
509,entry,30,80,,7
509,entry,35,29,,
509,entry,36,,82,4
509,entry,37,3,,
509,entry,38,,19,
509,entry,39,,64,3
509,entry,40,15,,
509,entry,46,25,,
509,entry,47,13,,
509,entry,48,40,,
509,entry,49,14,,
509,entry,50,24,,
509,entry,57,35,,
509,entry,58,57,,6
509,entry,59,28,,
509,entry,60,17,,
509,entry,68,39,,
509,entry,69,90,,
509,entry,70,,55,2
509,entry,79,,73,1
509,entry,80,58,,
509,entry,90,20,,
509,start,2,27,,
509,start,3,7,,
509,start,4,4,,
509,start,5,2,,
509,start,6,8,,
509,start,7,,28,
509,start,8,5,,
509,start,9,0,,
510,entry,0,,64,
510,entry,2,46,,
510,entry,3,70,,1
510,entry,4,,46,
510,entry,5,48,,
510,entry,6,90,,7
510,entry,7,10,,
510,entry,8,13,,
510,entry,9,68,,
510,entry,10,16,,
510,entry,13,20,,
510,entry,14,35,,
510,entry,15,69,,
510,entry,16,18,,
510,entry,17,4,,
510,entry,18,49,,6
510,entry,19,47,,
510,entry,20,17,,
510,entry,24,,55,
510,entry,25,6,,
510,entry,26,,37,
510,entry,27,39,,
510,entry,28,40,,
510,entry,29,57,,
510,entry,30,27,,
510,entry,35,14,,8
510,entry,36,26,,
510,entry,37,80,,
510,entry,38,50,,3
510,entry,39,19,,
510,entry,40,,82,
510,entry,46,59,,4
510,entry,47,38,,
510,entry,48,,28,
510,entry,49,29,,
510,entry,50,9,,
510,entry,57,7,,
510,entry,58,36,,
510,entry,59,2,,
510,entry,60,5,,
510,entry,68,0,,
510,entry,69,79,,
510,entry,70,15,,
510,entry,79,3,,
510,entry,80,,19,
510,entry,90,60,,2
510,start,2,28,,5
510,start,3,58,,
510,start,4,30,,
510,start,5,,73,
510,start,6,25,,
510,start,7,37,,
510,start,8,8,,
510,start,9,24,,
511,entry,0,,55,
511,entry,2,35,,
511,entry,3,28,,6
511,entry,4,29,,
511,entry,5,58,,
511,entry,6,24,,
511,entry,7,90,,
511,entry,8,14,,
511,entry,9,26,,
511,entry,10,,46,
511,entry,13,25,,
511,entry,14,39,,
511,entry,15,50,,
511,entry,16,,37,
511,entry,17,49,,
511,entry,18,4,,
511,entry,19,36,,
511,entry,20,,82,
511,entry,24,69,,
511,entry,25,60,,
511,entry,26,6,,
511,entry,27,59,,1 7
511,entry,28,16,,
511,entry,29,10,,
511,entry,30,30,,
511,entry,35,,64,
511,entry,36,8,,
511,entry,37,38,,
511,entry,38,27,,3
511,entry,39,7,,2 4
511,entry,40,40,,
511,entry,46,18,,
511,entry,47,9,,
511,entry,48,3,,
511,entry,49,2,,5
511,entry,50,17,,
511,entry,57,48,,
511,entry,58,47,,8
511,entry,59,46,,
511,entry,60,79,,
511,entry,68,,73,
511,entry,69,68,,
511,entry,70,0,,
511,entry,79,80,,
511,entry,80,19,,
511,entry,90,13,,
511,start,2,5,,
511,start,3,,19,
511,start,4,,28,
511,start,5,15,,
511,start,6,70,,
511,start,7,37,,
511,start,8,20,,
511,start,9,57,,
512,entry,0,15,,
512,entry,2,27,,
512,entry,3,20,,
512,entry,4,14,,
512,entry,5,6,,
512,entry,6,,55,
512,entry,7,39,,
512,entry,8,17,,
512,entry,9,50,,
512,entry,10,38,,
512,entry,13,47,,
512,entry,14,26,,3 7
512,entry,15,3,,
512,entry,16,59,,
512,entry,17,49,,
512,entry,18,57,,
512,entry,19,46,,
512,entry,20,80,,
512,entry,24,79,,8
512,entry,25,36,,
512,entry,26,69,,4
512,entry,27,8,,
512,entry,28,,73,
512,entry,29,,64,
512,entry,30,13,,
512,entry,35,,28,6
512,entry,36,19,,
512,entry,37,25,,
512,entry,38,28,,5
512,entry,39,48,,
512,entry,40,,37,
512,entry,46,58,,
512,entry,47,2,,2
512,entry,48,29,,
512,entry,49,,19,
512,entry,50,30,,1
512,entry,57,35,,
512,entry,58,16,,
512,entry,59,37,,
512,entry,60,,46,
512,entry,68,70,,
512,entry,69,68,,
512,entry,70,40,,
512,entry,79,,82,
512,entry,80,90,,
512,entry,90,10,,
512,start,2,24,,
512,start,3,7,,
512,start,4,60,,
512,start,5,9,,
512,start,6,18,,
512,start,7,4,,
512,start,8,5,,
512,start,9,0,,
513,entry,0,68,,5
513,entry,2,17,,
513,entry,3,,19,
513,entry,4,,73,6
513,entry,5,46,,
513,entry,6,47,,
513,entry,7,15,,3
513,entry,8,30,,
513,entry,9,9,,
513,entry,10,60,,
513,entry,13,2,,
513,entry,14,49,,
513,entry,15,7,,
513,entry,16,70,,
513,entry,17,29,,
513,entry,18,4,,
513,entry,19,25,,2
513,entry,20,,28,
513,entry,24,,55,
513,entry,25,27,,
513,entry,26,,37,
513,entry,27,80,,
513,entry,28,14,,8
513,entry,29,20,,
513,entry,30,69,,
513,entry,35,37,,4
513,entry,36,79,,
513,entry,37,90,,
513,entry,38,,46,
513,entry,39,18,,
513,entry,40,26,,
513,entry,46,39,,
513,entry,47,40,,
513,entry,48,35,,
513,entry,49,28,,
513,entry,50,16,,
513,entry,57,,64,
513,entry,58,59,,
513,entry,59,6,,1 7
513,entry,60,38,,
513,entry,68,5,,
513,entry,69,3,,
513,entry,70,48,,
513,entry,79,13,,
513,entry,80,58,,
513,entry,90,,82,
513,start,2,36,,
513,start,3,10,,
513,start,4,19,,
513,start,5,57,,
513,start,6,50,,
513,start,7,0,,
513,start,8,8,,
513,start,9,24,,
514,entry,0,0,,
514,entry,2,79,,
514,entry,3,,73,
514,entry,4,7,,
514,entry,5,8,,
514,entry,6,46,,
514,entry,7,,46,
514,entry,8,59,,
514,entry,9,4,,
514,entry,10,10,,7
514,entry,13,17,,
514,entry,14,90,,
514,entry,15,18,,
514,entry,16,29,,5
514,entry,17,5,,
514,entry,18,36,,
514,entry,19,48,,
514,entry,20,26,,
514,entry,24,,28,
514,entry,25,69,,
514,entry,26,14,,
514,entry,27,2,,
514,entry,28,47,,8
514,entry,29,58,,
514,entry,30,80,,2 4
514,entry,35,,64,
514,entry,36,9,,
514,entry,37,28,,
514,entry,38,39,,
514,entry,39,15,,
514,entry,40,27,,
514,entry,46,6,,
514,entry,47,,82,
514,entry,48,37,,
514,entry,49,25,,6
514,entry,50,,19,
514,entry,57,,55,
514,entry,58,19,,1
514,entry,59,70,,3
514,entry,60,16,,
514,entry,68,24,,
514,entry,69,35,,
514,entry,70,38,,
514,entry,79,49,,
514,entry,80,13,,
514,entry,90,,37,
514,start,2,68,,
514,start,3,40,,
514,start,4,50,,
514,start,5,3,,
514,start,6,30,,
514,start,7,60,,
514,start,8,20,,
514,start,9,57,,
515,entry,0,60,,
515,entry,2,69,,
515,entry,3,16,,
515,entry,4,27,,
515,entry,5,8,,
515,entry,6,79,,8
515,entry,7,17,,
515,entry,8,46,,
515,entry,9,90,,
515,entry,10,4,,2
515,entry,13,47,,
515,entry,14,,46,
515,entry,15,,55,
515,entry,16,10,,
515,entry,17,26,,
515,entry,18,,64,
515,entry,19,13,,1
515,entry,20,58,,
515,entry,24,6,,
515,entry,25,50,,
515,entry,26,36,,
515,entry,27,14,,
515,entry,28,19,,7
515,entry,29,7,,
515,entry,30,20,,
515,entry,35,38,,
515,entry,36,39,,5
515,entry,37,24,,4
515,entry,38,15,,
515,entry,39,9,,
515,entry,40,30,,
515,entry,46,,73,
515,entry,47,25,,
515,entry,48,3,,
515,entry,49,48,,
515,entry,50,37,,
515,entry,57,18,,
515,entry,58,29,,
515,entry,59,,19,
515,entry,60,68,,
515,entry,68,35,,
515,entry,69,40,,
515,entry,70,,82,3
515,entry,79,57,,6
515,entry,80,59,,
515,entry,90,28,,
515,start,2,70,,
515,start,3,80,,
515,start,4,49,,
515,start,5,2,,
515,start,6,,37,
515,start,7,,28,
515,start,8,5,,
515,start,9,0,,
516,entry,0,90,,
516,entry,2,80,,
516,entry,3,29,,
516,entry,4,,46,
516,entry,5,59,,
516,entry,6,,28,
516,entry,7,,55,
516,entry,8,18,,
516,entry,9,15,,
516,entry,10,37,,
516,entry,13,39,,
516,entry,14,60,,2
516,entry,15,69,,
516,entry,16,3,,
516,entry,17,0,,
516,entry,18,6,,
516,entry,19,25,,
516,entry,20,79,,
516,entry,24,68,,
516,entry,25,,64,
516,entry,26,,73,
516,entry,27,10,,
516,entry,28,38,,
516,entry,29,16,,
516,entry,30,70,,
516,entry,35,7,,
516,entry,36,,82,
516,entry,37,20,,
516,entry,38,17,,4
516,entry,39,,19,
516,entry,40,5,,
516,entry,46,9,,
516,entry,47,46,,1
516,entry,48,48,,
516,entry,49,13,,
516,entry,50,2,,6
516,entry,57,26,,
516,entry,58,27,,
516,entry,59,35,,
516,entry,60,40,,
516,entry,68,57,,
516,entry,69,14,,8
516,entry,70,50,,3
516,entry,79,,37,7
516,entry,80,47,,
516,entry,90,36,,
516,start,2,28,,5
516,start,3,58,,
516,start,4,30,,
516,start,5,49,,
516,start,6,4,,
516,start,7,19,,
516,start,8,8,,
516,start,9,24,,
517,entry,0,68,,
517,entry,2,,46,
517,entry,3,35,,
517,entry,4,0,,
517,entry,5,60,,
517,entry,6,6,,
517,entry,7,40,,1
517,entry,8,,64,
517,entry,9,70,,
517,entry,10,37,,
517,entry,13,,55,
517,entry,14,28,,6
517,entry,15,9,,
517,entry,16,8,,
517,entry,17,58,,
517,entry,18,47,,3 8
517,entry,19,27,,2 4
517,entry,20,10,,
517,entry,24,25,,
517,entry,25,29,,
517,entry,26,18,,
517,entry,27,49,,
517,entry,28,,37,
517,entry,29,3,,5
517,entry,30,90,,
517,entry,35,39,,
517,entry,36,69,,
517,entry,37,59,,
517,entry,38,38,,
517,entry,39,,82,
517,entry,40,,19,
517,entry,46,50,,
517,entry,47,24,,
517,entry,48,48,,
517,entry,49,79,,7
517,entry,50,2,,
517,entry,57,16,,
517,entry,58,80,,
517,entry,59,26,,
517,entry,60,19,,
517,entry,68,30,,
517,entry,69,36,,
517,entry,70,4,,
517,entry,79,46,,
517,entry,80,7,,
517,entry,90,17,,
517,start,2,5,,
517,start,3,,28,
517,start,4,13,,
517,start,5,15,,
517,start,6,14,,
517,start,7,,73,
517,start,8,20,,
517,start,9,57,,
518,entry,0,26,,
518,entry,2,,46,
518,entry,3,14,,
518,entry,4,,19,
518,entry,5,37,,
518,entry,6,30,,1
518,entry,7,60,,7
518,entry,8,80,,
518,entry,9,35,,
518,entry,10,28,,5
518,entry,13,24,,
518,entry,14,15,,
518,entry,15,68,,
518,entry,16,50,,
518,entry,17,3,,
518,entry,18,,28,6
518,entry,19,,55,
518,entry,20,,64,
518,entry,24,25,,
518,entry,25,,82,
518,entry,26,40,,
518,entry,27,38,,
518,entry,28,79,,8
518,entry,29,18,,
518,entry,30,16,,
518,entry,35,48,,
518,entry,36,90,,
518,entry,37,39,,
518,entry,38,13,,3
518,entry,39,7,,4
518,entry,40,29,,
518,entry,46,27,,
518,entry,47,49,,
518,entry,48,17,,
518,entry,49,46,,
518,entry,50,,73,
518,entry,57,59,,
518,entry,58,20,,
518,entry,59,58,,
518,entry,60,8,,
518,entry,68,47,,
518,entry,69,6,,
518,entry,70,4,,
518,entry,79,9,,
518,entry,80,70,,
518,entry,90,2,,2
518,start,2,10,,
518,start,3,,37,
518,start,4,19,,
518,start,5,36,,
518,start,6,57,,
518,start,7,69,,
518,start,8,5,,
518,start,9,0,,
519,entry,0,58,,
519,entry,2,,46,1 7
519,entry,3,18,,
519,entry,4,,64,
519,entry,5,39,,
519,entry,6,38,,
519,entry,7,60,,
519,entry,8,40,,
519,entry,9,,82,
519,entry,10,47,,
519,entry,13,28,,
519,entry,14,25,,2
519,entry,15,26,,
519,entry,16,48,,
519,entry,17,14,,8
519,entry,18,50,,
519,entry,19,49,,
519,entry,20,30,,
519,entry,24,20,,
519,entry,25,36,,
519,entry,26,,19,
519,entry,27,69,,
519,entry,28,79,,
519,entry,29,59,,
519,entry,30,3,,
519,entry,35,46,,
519,entry,36,2,,
519,entry,37,80,,
519,entry,38,19,,
519,entry,39,7,,
519,entry,40,13,,
519,entry,46,29,,
519,entry,47,,55,
519,entry,48,6,,
519,entry,49,9,,
519,entry,50,,37,
519,entry,57,68,,5
519,entry,58,16,,4
519,entry,59,17,,
519,entry,60,4,,
519,entry,68,37,,6
519,entry,69,70,,
519,entry,70,90,,
519,entry,79,57,,
519,entry,80,5,,
519,entry,90,15,,3
519,start,2,,28,
519,start,3,10,,
519,start,4,,73,
519,start,5,27,,
519,start,6,35,,
519,start,7,0,,
519,start,8,8,,
519,start,9,24,,
520,entry,0,17,,
520,entry,2,39,,
520,entry,3,16,,
520,entry,4,,37,
520,entry,5,48,,
520,entry,6,,73,
520,entry,7,79,,
520,entry,8,46,,
520,entry,9,29,,5
520,entry,10,19,,1
520,entry,13,27,,
520,entry,14,68,,
520,entry,15,15,,
520,entry,16,40,,
520,entry,17,37,,
520,entry,18,10,,
520,entry,19,14,,
520,entry,20,24,,
520,entry,24,49,,
520,entry,25,25,,6
520,entry,26,3,,
520,entry,27,80,,2 4
520,entry,28,2,,
520,entry,29,9,,
520,entry,30,,46,
520,entry,35,70,,3
520,entry,36,13,,
520,entry,37,7,,
520,entry,38,47,,8
520,entry,39,26,,
520,entry,40,5,,
520,entry,46,38,,
520,entry,47,90,,
520,entry,48,,64,
520,entry,49,6,,
520,entry,50,,19,
520,entry,57,4,,
520,entry,58,59,,
520,entry,59,8,,
520,entry,60,28,,
520,entry,68,69,,
520,entry,69,18,,
520,entry,70,,82,
520,entry,79,36,,
520,entry,80,35,,
520,entry,90,,55,
520,start,2,58,,
520,start,3,30,,
520,start,4,50,,
520,start,5,,28,
520,start,6,0,,7
520,start,7,60,,
520,start,8,20,,
520,start,9,57,,
521,entry,0,13,,
521,entry,2,19,,
521,entry,3,60,,
521,entry,4,18,,
521,entry,5,50,,
521,entry,6,9,,
521,entry,7,,19,
521,entry,8,17,,
521,entry,9,,55,
521,entry,10,,37,
521,entry,13,,64,5
521,entry,14,15,,
521,entry,15,69,,
521,entry,16,3,,
521,entry,17,40,,
521,entry,18,28,,
521,entry,19,36,,2 7
521,entry,20,8,,
521,entry,24,,73,
521,entry,25,79,,4 8
521,entry,26,46,,
521,entry,27,57,,6
521,entry,28,90,,
521,entry,29,58,,
521,entry,30,38,,
521,entry,35,25,,
521,entry,36,35,,
521,entry,37,70,,
521,entry,38,,46,1
521,entry,39,20,,
521,entry,40,39,,
521,entry,46,47,,
521,entry,47,80,,
521,entry,48,16,,
521,entry,49,30,,
521,entry,50,10,,
521,entry,57,,82,
521,entry,58,68,,
521,entry,59,49,,
521,entry,60,4,,
521,entry,68,48,,
521,entry,69,59,,
521,entry,70,14,,
521,entry,79,37,,3
521,entry,80,24,,
521,entry,90,27,,
521,start,2,6,,
521,start,3,29,,
521,start,4,7,,
521,start,5,2,,
521,start,6,26,,
521,start,7,,28,
521,start,8,5,,
521,start,9,0,,
522,entry,0,39,,
522,entry,2,17,,
522,entry,3,14,,8
522,entry,4,,28,
522,entry,5,,73,
522,entry,6,10,,
522,entry,7,19,,7
522,entry,8,29,,
522,entry,9,79,,
522,entry,10,49,,
522,entry,13,16,,
522,entry,14,,37,
522,entry,15,,82,1
522,entry,16,13,,
522,entry,17,18,,
522,entry,18,38,,
522,entry,19,,64,
522,entry,20,70,,
522,entry,24,4,,
522,entry,25,,19,
522,entry,26,15,,
522,entry,27,80,,
522,entry,28,90,,
522,entry,29,7,,
522,entry,30,60,,2
522,entry,35,2,,
522,entry,36,25,,
522,entry,37,69,,
522,entry,38,47,,
522,entry,39,57,,6
522,entry,40,68,,
522,entry,46,26,,
522,entry,47,0,,4
522,entry,48,9,,
522,entry,49,40,,
522,entry,50,35,,
522,entry,57,48,,
522,entry,58,5,,
522,entry,59,50,,3
522,entry,60,,55,
522,entry,68,3,,
522,entry,69,46,,
522,entry,70,27,,
522,entry,79,36,,
522,entry,80,37,,
522,entry,90,20,,
522,start,2,28,,5
522,start,3,58,,
522,start,4,30,,
522,start,5,6,,
522,start,6,59,,
522,start,7,,46,
522,start,8,8,,
522,start,9,24,,
523,entry,0,38,,5
523,entry,2,,19,2 4
523,entry,3,27,,
523,entry,4,19,,
523,entry,5,90,,
523,entry,6,35,,
523,entry,7,47,,8
523,entry,8,49,,
523,entry,9,,37,
523,entry,10,37,,
523,entry,13,26,,
523,entry,14,68,,
523,entry,15,,82,
523,entry,16,,55,
523,entry,17,29,,
523,entry,18,6,,
523,entry,19,36,,
523,entry,20,69,,
523,entry,24,17,,
523,entry,25,9,,
523,entry,26,,46,
523,entry,27,39,,
523,entry,28,8,,
523,entry,29,79,,
523,entry,30,,64,7
523,entry,35,16,,
523,entry,36,70,,
523,entry,37,7,,
523,entry,38,18,,
523,entry,39,0,,1
523,entry,40,30,,
523,entry,46,10,,
523,entry,47,28,,6
523,entry,48,59,,
523,entry,49,4,,
523,entry,50,40,,
523,entry,57,25,,
523,entry,58,50,,
523,entry,59,80,,
523,entry,60,2,,
523,entry,68,60,,
523,entry,69,14,,
523,entry,70,,28,3
523,entry,79,24,,
523,entry,80,58,,
523,entry,90,13,,
523,start,2,5,,
523,start,3,,73,
523,start,4,48,,
523,start,5,15,,
523,start,6,46,,
523,start,7,3,,
523,start,8,20,,
523,start,9,57,,
524,entry,0,10,,
524,entry,2,38,,
524,entry,3,7,,
524,entry,4,59,,
524,entry,5,15,,
524,entry,6,49,,4
524,entry,7,,82,
524,entry,8,18,,
524,entry,9,14,,
524,entry,10,50,,
524,entry,13,46,,
524,entry,14,20,,
524,entry,15,,28,6
524,entry,16,37,,
524,entry,17,,64,
524,entry,18,28,,5
524,entry,19,48,,
524,entry,20,60,,
524,entry,24,47,,
524,entry,25,80,,
524,entry,26,58,,
524,entry,27,2,,2
524,entry,28,68,,
524,entry,29,,19,
524,entry,30,30,,1
524,entry,35,25,,3
524,entry,36,6,,
524,entry,37,35,,
524,entry,38,16,,
524,entry,39,17,,
524,entry,40,,37,
524,entry,46,4,,7
524,entry,47,,55,
524,entry,48,79,,8
524,entry,49,36,,
524,entry,50,40,,
524,entry,57,39,,
524,entry,58,19,,
524,entry,59,57,,
524,entry,60,90,,
524,entry,68,29,,
524,entry,69,,73,
524,entry,70,24,,
524,entry,79,8,,
524,entry,80,,46,
524,entry,90,3,,
524,start,2,13,,
524,start,3,26,,
524,start,4,69,,
524,start,5,27,,
524,start,6,9,,
524,start,7,70,,
524,start,8,5,,
524,start,9,0,,
525,entry,0,59,,
525,entry,2,49,,
525,entry,3,60,,
525,entry,4,28,,
525,entry,5,48,,
525,entry,6,46,,
525,entry,7,,28,
525,entry,8,3,,
525,entry,9,26,,
525,entry,10,69,,
525,entry,13,30,,
525,entry,14,,19,1 7
525,entry,15,25,,2
525,entry,16,,64,
525,entry,17,68,,5
525,entry,18,13,,4
525,entry,19,,37,
525,entry,20,80,,
525,entry,24,50,,
525,entry,25,20,,
525,entry,26,7,,
525,entry,27,35,,
525,entry,28,14,,6 8
525,entry,29,70,,
525,entry,30,79,,
525,entry,35,18,,
525,entry,36,2,,
525,entry,37,40,,
525,entry,38,39,,
525,entry,39,9,,
525,entry,40,5,,
525,entry,46,38,,
525,entry,47,16,,
525,entry,48,90,,
525,entry,49,19,,
525,entry,50,15,,3
525,entry,57,17,,
525,entry,58,,73,
525,entry,59,29,,
525,entry,60,6,,
525,entry,68,,82,
525,entry,69,37,,
525,entry,70,47,,
525,entry,79,36,,
525,entry,80,57,,
525,entry,90,58,,
525,start,2,27,,
525,start,3,10,,
525,start,4,,55,
525,start,5,4,,
525,start,6,,46,
525,start,7,0,,
525,start,8,8,,
525,start,9,24,,
526,entry,0,3,,
526,entry,2,70,,3
526,entry,3,15,,
526,entry,4,,28,
526,entry,5,17,,
526,entry,6,37,,
526,entry,7,,37,
526,entry,8,9,,
526,entry,9,5,,
526,entry,10,90,,
526,entry,13,25,,6
526,entry,14,79,,
526,entry,15,69,,
526,entry,16,47,,8
526,entry,17,26,,
526,entry,18,38,,
526,entry,19,16,,
526,entry,20,,19,
526,entry,24,0,,
526,entry,25,18,,
526,entry,26,80,,2 4
526,entry,27,59,,
526,entry,28,48,,
526,entry,29,28,,
526,entry,30,,73,
526,entry,35,2,,
526,entry,36,7,,
526,entry,37,,64,
526,entry,38,58,,
526,entry,39,,82,
526,entry,40,,55,
526,entry,46,4,,
526,entry,47,49,,
526,entry,48,68,,
526,entry,49,13,,7
526,entry,50,39,,
526,entry,57,27,,
526,entry,58,40,,
526,entry,59,30,,
526,entry,60,35,,
526,entry,68,46,,
526,entry,69,29,,5
526,entry,70,19,,1
526,entry,79,14,,
526,entry,80,24,,
526,entry,90,,46,
526,start,2,10,,
526,start,3,8,,
526,start,4,50,,
526,start,5,36,,
526,start,6,6,,
526,start,7,60,,
526,start,8,20,,
526,start,9,57,,
527,entry,0,3,,
527,entry,2,39,,7
527,entry,3,17,,
527,entry,4,40,,
527,entry,5,13,,
527,entry,6,9,,3
527,entry,7,14,,2
527,entry,8,37,,
527,entry,9,50,,
527,entry,10,49,,
527,entry,13,29,,
527,entry,14,57,,6
527,entry,15,19,,
527,entry,16,79,,8
527,entry,17,58,,
527,entry,18,36,,
527,entry,19,,64,
527,entry,20,35,,
527,entry,24,7,,
527,entry,25,48,,
527,entry,26,28,,
527,entry,27,20,,
527,entry,28,,55,
527,entry,29,59,,5
527,entry,30,27,,
527,entry,35,,19,
527,entry,36,90,,
527,entry,37,30,,
527,entry,38,6,,
527,entry,39,15,,
527,entry,40,46,,
527,entry,46,47,,1
527,entry,47,68,,
527,entry,48,16,,
527,entry,49,,73,
527,entry,50,,46,
527,entry,57,,82,
527,entry,58,10,,
527,entry,59,8,,
527,entry,60,26,,4
527,entry,68,70,,
527,entry,69,60,,
527,entry,70,25,,
527,entry,79,38,,
527,entry,80,18,,
527,entry,90,24,,
527,start,2,80,,
527,start,3,,37,
527,start,4,69,,
527,start,5,2,,
527,start,6,4,,
527,start,7,,28,
527,start,8,5,,
527,start,9,0,,
528,entry,0,47,,
528,entry,2,6,,
528,entry,3,35,,
528,entry,4,69,,
528,entry,5,5,,
528,entry,6,,19,4
528,entry,7,14,,8
528,entry,8,10,,
528,entry,9,,82,
528,entry,10,57,,
528,entry,13,,55,
528,entry,14,38,,
528,entry,15,15,,
528,entry,16,48,,
528,entry,17,,37,
528,entry,18,36,,
528,entry,19,0,,
528,entry,20,29,,
528,entry,24,13,,
528,entry,25,25,,
528,entry,26,2,,
528,entry,27,59,,7
528,entry,28,,64,
528,entry,29,79,,
528,entry,30,39,,
528,entry,35,26,,1
528,entry,36,,46,
528,entry,37,18,,
528,entry,38,7,,
528,entry,39,20,,
528,entry,40,4,,
528,entry,46,70,,
528,entry,47,,28,
528,entry,48,3,,
528,entry,49,46,,
528,entry,50,60,,2
528,entry,57,90,,
528,entry,58,9,,
528,entry,59,19,,6
528,entry,60,68,,
528,entry,68,49,,
528,entry,69,40,,
528,entry,70,17,,
528,entry,79,50,,3
528,entry,80,27,,
528,entry,90,,73,
528,start,2,28,,5
528,start,3,58,,
528,start,4,30,,
528,start,5,37,,
528,start,6,80,,
528,start,7,16,,
528,start,8,8,,
528,start,9,24,,
529,entry,0,29,,
529,entry,2,14,,
529,entry,3,50,,
529,entry,4,8,,
529,entry,5,16,,
529,entry,6,30,,
529,entry,7,79,,
529,entry,8,49,,7
529,entry,9,38,,
529,entry,10,39,,
529,entry,13,60,,
529,entry,14,18,,
529,entry,15,24,,
529,entry,16,46,,
529,entry,17,0,,
529,entry,18,,64,2 4
529,entry,19,48,,
529,entry,20,59,,
529,entry,24,26,,
529,entry,25,13,,
529,entry,26,,82,1
529,entry,27,17,,3
529,entry,28,,19,5
529,entry,29,58,,
529,entry,30,28,,6
529,entry,35,6,,
529,entry,36,,73,
529,entry,37,,28,
529,entry,38,80,,
529,entry,39,68,,
529,entry,40,25,,
529,entry,46,4,,
529,entry,47,37,,
529,entry,48,36,,
529,entry,49,19,,
529,entry,50,35,,
529,entry,57,47,,8
529,entry,58,7,,
529,entry,59,3,,
529,entry,60,,55,
529,entry,68,69,,
529,entry,69,10,,
529,entry,70,,46,
529,entry,79,70,,
529,entry,80,,37,
529,entry,90,9,,
529,start,2,5,,
529,start,3,90,,
529,start,4,2,,
529,start,5,15,,
529,start,6,40,,
529,start,7,27,,
529,start,8,20,,
529,start,9,57,,
530,entry,0,50,,7
530,entry,2,,55,
530,entry,3,2,,2
530,entry,4,60,,
530,entry,5,46,,
530,entry,6,27,,
530,entry,7,24,,
530,entry,8,49,,
530,entry,9,25,,
530,entry,10,15,,4
530,entry,13,35,,
530,entry,14,70,,
530,entry,15,16,,
530,entry,16,37,,
530,entry,17,,46,
530,entry,18,30,,1
530,entry,19,20,,
530,entry,20,36,,
530,entry,24,18,,
530,entry,25,19,,
530,entry,26,68,,
530,entry,27,48,,
530,entry,28,10,,
530,entry,29,47,,
530,entry,30,58,,
530,entry,35,3,,
530,entry,36,,82,
530,entry,37,,19,
530,entry,38,40,,
530,entry,39,,64,
530,entry,40,6,,
530,entry,46,28,,5
530,entry,47,7,,
530,entry,48,90,,
530,entry,49,8,,
530,entry,50,,37,
530,entry,57,17,,
530,entry,58,4,,
530,entry,59,38,,
530,entry,60,57,,
530,entry,68,14,,
530,entry,69,29,,
530,entry,70,,28,6
530,entry,79,39,,
530,entry,80,69,,
530,entry,90,,73,3
530,start,2,79,,8
530,start,3,13,,
530,start,4,9,,
530,start,5,26,,
530,start,6,80,,
530,start,7,59,,
530,start,8,5,,
530,start,9,0,,
531,entry,0,57,,
531,entry,2,47,,
531,entry,3,79,,
531,entry,4,2,,
531,entry,5,9,,
531,entry,6,4,,
531,entry,7,,55,
531,entry,8,60,,
531,entry,9,38,,
531,entry,10,,19,
531,entry,13,69,,
531,entry,14,,28,4
531,entry,15,19,,
531,entry,16,36,,
531,entry,17,5,,
531,entry,18,,73,
531,entry,19,48,,
531,entry,20,68,,5
531,entry,24,,37,6
531,entry,25,26,,
531,entry,26,3,,
531,entry,27,15,,3
531,entry,28,30,,
531,entry,29,58,,
531,entry,30,40,,
531,entry,35,46,,
531,entry,36,70,,
531,entry,37,35,,
531,entry,38,29,,
531,entry,39,25,,2
531,entry,40,50,,
531,entry,46,,82,
531,entry,47,27,,
531,entry,48,39,,
531,entry,49,20,,
531,entry,50,6,,
531,entry,57,37,,
531,entry,58,49,,
531,entry,59,18,,
531,entry,60,16,,
531,entry,68,59,,
531,entry,69,28,,
531,entry,70,,64,
531,entry,79,80,,1 7
531,entry,80,7,,
531,entry,90,90,,
531,start,2,17,,
531,start,3,10,,
531,start,4,,46,
531,start,5,13,,
531,start,6,14,,8
531,start,7,0,,
531,start,8,8,,
531,start,9,24,,
532,entry,0,5,,
532,entry,2,,46,
532,entry,3,19,,1
532,entry,4,6,,
532,entry,5,0,,
532,entry,6,,37,
532,entry,7,37,,
532,entry,8,,28,
532,entry,9,,64,
532,entry,10,47,,8
532,entry,13,24,,
532,entry,14,39,,
532,entry,15,26,,
532,entry,16,4,,
532,entry,17,49,,
532,entry,18,30,,
532,entry,19,7,,
532,entry,20,28,,
532,entry,24,69,,
532,entry,25,36,,
532,entry,26,15,,
532,entry,27,13,,
532,entry,28,40,,
532,entry,29,17,,7
532,entry,30,,82,
532,entry,35,18,,
532,entry,36,25,,6
532,entry,37,35,,
532,entry,38,48,,
532,entry,39,,19,
532,entry,40,10,,
532,entry,46,70,,3
532,entry,47,,55,
532,entry,48,8,,
532,entry,49,2,,
532,entry,50,90,,
532,entry,57,79,,
532,entry,58,80,,2 4
532,entry,59,27,,
532,entry,60,29,,5
532,entry,68,59,,
532,entry,69,,73,
532,entry,70,14,,
532,entry,79,3,,
532,entry,80,9,,
532,entry,90,46,,
532,start,2,16,,
532,start,3,68,,
532,start,4,50,,
532,start,5,38,,
532,start,6,58,,
532,start,7,60,,
532,start,8,20,,
532,start,9,57,,
533,entry,0,18,,
533,entry,2,25,,
533,entry,3,46,,
533,entry,4,35,,
533,entry,5,47,,
533,entry,6,,19,
533,entry,7,28,,
533,entry,8,58,,
533,entry,9,,73,
533,entry,10,19,,
533,entry,13,,64,4
533,entry,14,15,,
533,entry,15,,46,
533,entry,16,40,,
533,entry,17,90,,
533,entry,18,20,,
533,entry,19,7,,
533,entry,20,29,,
533,entry,24,17,,
533,entry,25,3,,
533,entry,26,57,,6
533,entry,27,14,,1
533,entry,28,30,,
533,entry,29,13,,
533,entry,30,27,,
533,entry,35,79,,8
533,entry,36,37,,
533,entry,37,69,,7
533,entry,38,8,,
533,entry,39,,37,
533,entry,40,10,,5
533,entry,46,68,,
533,entry,47,16,,
533,entry,48,,55,
533,entry,49,4,,
533,entry,50,26,,
533,entry,57,48,,
533,entry,58,6,,3
533,entry,59,70,,
533,entry,60,36,,
533,entry,68,60,,
533,entry,69,49,,
533,entry,70,80,,
533,entry,79,9,,2
533,entry,80,39,,
533,entry,90,38,,
533,start,2,59,,
533,start,3,24,,
533,start,4,50,,
533,start,5,2,,
533,start,6,,82,
533,start,7,,28,
533,start,8,5,,
533,start,9,0,,
534,entry,0,35,,
534,entry,2,14,,8
534,entry,3,4,,4
534,entry,4,18,,
534,entry,5,59,,
534,entry,6,36,,
534,entry,7,5,,
534,entry,8,68,,
534,entry,9,6,,
534,entry,10,0,,
534,entry,13,48,,
534,entry,14,3,,
534,entry,15,,28,
534,entry,16,25,,
534,entry,17,15,,
534,entry,18,27,,
534,entry,19,16,,
534,entry,20,10,,
534,entry,24,,37,
534,entry,25,,19,
534,entry,26,26,,
534,entry,27,29,,6
534,entry,28,37,,
534,entry,29,57,,
534,entry,30,20,,
534,entry,35,69,,7
534,entry,36,13,,
534,entry,37,40,,
534,entry,38,,82,
534,entry,39,,73,
534,entry,40,46,,
534,entry,46,19,,
534,entry,47,50,,3
534,entry,48,9,,
534,entry,49,7,,
534,entry,50,,64,1
534,entry,57,70,,
534,entry,58,,46,
534,entry,59,80,,
534,entry,60,39,,
534,entry,68,79,,
534,entry,69,2,,
534,entry,70,49,,
534,entry,79,60,,2
534,entry,80,90,,
534,entry,90,,55,
534,start,2,28,,5
534,start,3,58,,
534,start,4,30,,
534,start,5,47,,
534,start,6,38,,
534,start,7,17,,
534,start,8,8,,
534,start,9,24,,
535,entry,0,9,,
535,entry,2,49,,
535,entry,3,17,,
535,entry,4,58,,
535,entry,5,16,,
535,entry,6,28,,6
535,entry,7,50,,
535,entry,8,70,,
535,entry,9,7,,
535,entry,10,68,,2 4
535,entry,13,40,,
535,entry,14,,82,
535,entry,15,,73,
535,entry,16,25,,
535,entry,17,60,,
535,entry,18,24,,
535,entry,19,79,,
535,entry,20,46,,5
535,entry,24,19,,
535,entry,25,38,,
535,entry,26,35,,
535,entry,27,4,,
535,entry,28,27,,
535,entry,29,0,,
535,entry,30,,37,
535,entry,35,48,,
535,entry,36,,55,
535,entry,37,29,,
535,entry,38,6,,
535,entry,39,90,,
535,entry,40,14,,
535,entry,46,,46,
535,entry,47,39,,
535,entry,48,8,,
535,entry,49,37,,
535,entry,50,2,,
535,entry,57,13,,
535,entry,58,18,,
535,entry,59,47,,1 8
535,entry,60,,28,
535,entry,68,80,,
535,entry,69,10,,
535,entry,70,3,,7
535,entry,79,26,,
535,entry,80,30,,
535,entry,90,59,,3
535,start,2,5,,
535,start,3,36,,
535,start,4,,64,
535,start,5,15,,
535,start,6,,19,
535,start,7,69,,
535,start,8,20,,
535,start,9,57,,
536,entry,0,68,,
536,entry,2,50,,
536,entry,3,70,,
536,entry,4,59,,
536,entry,5,69,,
536,entry,6,48,,
536,entry,7,40,,
536,entry,8,29,,
536,entry,9,9,,
536,entry,10,2,,2
536,entry,13,80,,
536,entry,14,16,,
536,entry,15,79,,8
536,entry,16,,19,
536,entry,17,90,,
536,entry,18,38,,
536,entry,19,,28,6
536,entry,20,35,,
536,entry,24,,37,
536,entry,25,10,,
536,entry,26,,73,
536,entry,27,7,,
536,entry,28,4,,
536,entry,29,26,,
536,entry,30,,55,
536,entry,35,28,,5
536,entry,36,8,,
536,entry,37,,64,7
536,entry,38,14,,
536,entry,39,19,,3
536,entry,40,17,,
536,entry,46,18,,
536,entry,47,15,,
536,entry,48,24,,
536,entry,49,3,,
536,entry,50,27,,4
536,entry,57,25,,
536,entry,58,30,,1
536,entry,59,20,,
536,entry,60,49,,
536,entry,68,46,,
536,entry,69,47,,
536,entry,70,58,,
536,entry,79,57,,
536,entry,80,6,,
536,entry,90,,82,
536,start,2,36,,
536,start,3,37,,
536,start,4,13,,
536,start,5,39,,
536,start,6,60,,
536,start,7,,46,
536,start,8,5,,
536,start,9,0,,
537,entry,0,7,,
537,entry,2,,64,
537,entry,3,4,,
537,entry,4,,28,
537,entry,5,,82,6
537,entry,6,26,,
537,entry,7,13,,
537,entry,8,,55,
537,entry,9,28,,
537,entry,10,9,,
537,entry,13,79,,
537,entry,14,27,,
537,entry,15,36,,
537,entry,16,38,,
537,entry,17,48,,
537,entry,18,46,,
537,entry,19,16,,1 7
537,entry,20,19,,
537,entry,24,68,,5
537,entry,25,6,,
537,entry,26,58,,
537,entry,27,57,,
537,entry,28,5,,
537,entry,29,49,,
537,entry,30,40,,
537,entry,35,2,,
537,entry,36,37,,
537,entry,37,70,,
537,entry,38,15,,3
537,entry,39,59,,
537,entry,40,50,,
537,entry,46,47,,4
537,entry,47,69,,
537,entry,48,39,,
537,entry,49,30,,
537,entry,50,60,,
537,entry,57,80,,
537,entry,58,90,,
537,entry,59,14,,8
537,entry,60,3,,
537,entry,68,,19,
537,entry,69,,46,
537,entry,70,25,,2
537,entry,79,35,,
537,entry,80,20,,
537,entry,90,18,,
537,start,2,17,,
537,start,3,10,,
537,start,4,29,,
537,start,5,,73,
537,start,6,,37,
537,start,7,0,,
537,start,8,8,,
537,start,9,24,,
538,entry,0,37,,
538,entry,2,27,,
538,entry,3,79,,
538,entry,4,9,,
538,entry,5,30,,
538,entry,6,,46,
538,entry,7,49,,
538,entry,8,2,,
538,entry,9,35,,
538,entry,10,36,,
538,entry,13,0,,
538,entry,14,59,,
538,entry,15,40,,
538,entry,16,5,,
538,entry,17,58,,
538,entry,18,15,,
538,entry,19,46,,
538,entry,20,7,,
538,entry,24,69,,
538,entry,25,29,,5
538,entry,26,,64,
538,entry,27,39,,
538,entry,28,25,,6
538,entry,29,,73,
538,entry,30,10,,
538,entry,35,14,,
538,entry,36,28,,
538,entry,37,,55,
538,entry,38,70,,3
538,entry,39,90,,
538,entry,40,47,,8
538,entry,46,,82,
538,entry,47,19,,1
538,entry,48,26,,7
538,entry,49,,37,
538,entry,50,38,,
538,entry,57,24,,
538,entry,58,3,,
538,entry,59,4,,
538,entry,60,48,,
538,entry,68,13,,
538,entry,69,16,,
538,entry,70,6,,
538,entry,79,,19,
538,entry,80,68,,
538,entry,90,80,,2 4
538,start,2,,28,
538,start,3,18,,
538,start,4,50,,
538,start,5,17,,
538,start,6,8,,
538,start,7,60,,
538,start,8,20,,
538,start,9,57,,
539,entry,0,80,,
539,entry,2,70,,
539,entry,3,25,,
539,entry,4,39,,
539,entry,5,3,,
539,entry,6,57,,6
539,entry,7,10,,1
539,entry,8,30,,
539,entry,9,7,,
539,entry,10,49,,
539,entry,13,18,,
539,entry,14,9,,
539,entry,15,4,,
539,entry,16,59,,
539,entry,17,,73,
539,entry,18,6,,
539,entry,19,17,,
539,entry,20,14,,5
539,entry,24,19,,4
539,entry,25,35,,
539,entry,26,69,,
539,entry,27,37,,
539,entry,28,16,,
539,entry,29,79,,8
539,entry,30,36,,
539,entry,35,8,,
539,entry,36,68,,
539,entry,37,48,,
539,entry,38,47,,3
539,entry,39,26,,
539,entry,40,46,,
539,entry,46,,82,
539,entry,47,,19,
539,entry,48,,46,
539,entry,49,,37,7
539,entry,50,,64,
539,entry,57,40,,
539,entry,58,28,,
539,entry,59,60,,2
539,entry,60,13,,
539,entry,68,90,,
539,entry,69,58,,
539,entry,70,38,,
539,entry,79,20,,
539,entry,80,,55,
539,entry,90,29,,
539,start,2,15,,
539,start,3,27,,
539,start,4,24,,
539,start,5,2,,
539,start,6,50,,
539,start,7,,28,
539,start,8,5,,
539,start,9,0,,
540,entry,0,,46,
540,entry,2,14,,8
540,entry,3,60,,2
540,entry,4,20,,
540,entry,5,13,,
540,entry,6,10,,1
540,entry,7,38,,
540,entry,8,47,,
540,entry,9,90,,
540,entry,10,16,,
540,entry,13,68,,
540,entry,14,46,,
540,entry,15,,37,
540,entry,16,15,,
540,entry,17,,28,
540,entry,18,,82,7
540,entry,19,36,,
540,entry,20,17,,
540,entry,24,57,,
540,entry,25,,55,
540,entry,26,25,,
540,entry,27,29,,
540,entry,28,18,,
540,entry,29,70,,
540,entry,30,80,,
540,entry,35,6,,
540,entry,36,26,,
540,entry,37,39,,
540,entry,38,59,,
540,entry,39,5,,
540,entry,40,79,,
540,entry,46,3,,
540,entry,47,49,,
540,entry,48,7,,
540,entry,49,69,,
540,entry,50,,19,
540,entry,57,0,,
540,entry,58,9,,4
540,entry,59,27,,
540,entry,60,2,,
540,entry,68,48,,
540,entry,69,,73,
540,entry,70,37,,6
540,entry,79,19,,
540,entry,80,40,,
540,entry,90,50,,3
540,start,2,28,,5
540,start,3,58,,
540,start,4,30,,
540,start,5,35,,
540,start,6,,64,
540,start,7,4,,
540,start,8,8,,
540,start,9,24,,
541,entry,0,37,,
541,entry,2,59,,1
541,entry,3,13,,
541,entry,4,,19,
541,entry,5,16,,
541,entry,6,36,,2 4
541,entry,7,14,,
541,entry,8,,55,
541,entry,9,60,,
541,entry,10,58,,7
541,entry,13,49,,
541,entry,14,17,,
541,entry,15,26,,
541,entry,16,10,,5
541,entry,17,19,,
541,entry,18,,46,
541,entry,19,38,,
541,entry,20,30,,
541,entry,24,27,,
541,entry,25,,82,
541,entry,26,,73,
541,entry,27,2,,
541,entry,28,48,,
541,entry,29,29,,
541,entry,30,24,,
541,entry,35,,64,3
541,entry,36,46,,
541,entry,37,9,,
541,entry,38,69,,
541,entry,39,39,,
541,entry,40,,28,
541,entry,46,4,,
541,entry,47,47,,8
541,entry,48,79,,
541,entry,49,68,,
541,entry,50,6,,
541,entry,57,3,,
541,entry,58,70,,
541,entry,59,28,,6
541,entry,60,8,,
541,entry,68,80,,
541,entry,69,25,,
541,entry,70,18,,
541,entry,79,35,,
541,entry,80,40,,
541,entry,90,50,,
541,start,2,5,,
541,start,3,0,,
541,start,4,90,,
541,start,5,15,,
541,start,6,,37,
541,start,7,7,,
541,start,8,20,,
541,start,9,57,,
542,entry,0,13,,
542,entry,2,80,,
542,entry,3,38,,
542,entry,4,47,,
542,entry,5,4,,
542,entry,6,58,,
542,entry,7,2,,2
542,entry,8,19,,
542,entry,9,,19,
542,entry,10,30,,1
542,entry,13,70,,
542,entry,14,7,,
542,entry,15,27,,3
542,entry,16,6,,
542,entry,17,35,,
542,entry,18,16,,
542,entry,19,57,,
542,entry,20,24,,
542,entry,24,37,,
542,entry,25,46,,
542,entry,26,25,,
542,entry,27,,55,
542,entry,28,60,,
542,entry,29,,73,
542,entry,30,40,,
542,entry,35,20,,
542,entry,36,17,,
542,entry,37,10,,
542,entry,38,69,,
542,entry,39,8,,
542,entry,40,90,,
542,entry,46,,28,6
542,entry,47,36,,4
542,entry,48,79,,8
542,entry,49,18,,
542,entry,50,3,,
542,entry,57,9,,
542,entry,58,49,,
542,entry,59,29,,
542,entry,60,26,,
542,entry,68,68,,
542,entry,69,39,,
542,entry,70,,46,7
542,entry,79,28,,5
542,entry,80,15,,
542,entry,90,48,,
542,start,2,14,,
542,start,3,,64,
542,start,4,50,,
542,start,5,,82,
542,start,6,59,,
542,start,7,,37,
542,start,8,5,,
542,start,9,0,,
543,entry,0,,46,6
543,entry,2,,37,4
543,entry,3,37,,
543,entry,4,50,,
543,entry,5,27,,
543,entry,6,15,,3
543,entry,7,59,,
543,entry,8,20,,
543,entry,9,49,,
543,entry,10,19,,
543,entry,13,13,,
543,entry,14,60,,
543,entry,15,4,,
543,entry,16,16,,
543,entry,17,69,,
543,entry,18,18,,
543,entry,19,47,,
543,entry,20,,19,
543,entry,24,17,,
543,entry,25,70,,
543,entry,26,57,,
543,entry,27,80,,
543,entry,28,28,,
543,entry,29,26,,
543,entry,30,,82,
543,entry,35,40,,
543,entry,36,,73,
543,entry,37,90,,
543,entry,38,2,,1 7
543,entry,39,36,,
543,entry,40,9,,
543,entry,46,,28,
543,entry,47,29,,
543,entry,48,35,,
543,entry,49,46,,
543,entry,50,3,,
543,entry,57,5,,
543,entry,58,,55,
543,entry,59,,64,
543,entry,60,68,,5
543,entry,68,30,,
543,entry,69,7,,
543,entry,70,48,,
543,entry,79,25,,2
543,entry,80,58,,
543,entry,90,39,,
543,start,2,79,,
543,start,3,10,,
543,start,4,6,,
543,start,5,14,,8
543,start,6,38,,
543,start,7,0,,
543,start,8,8,,
543,start,9,24,,
544,entry,0,29,,5
544,entry,2,6,,
544,entry,3,,82,
544,entry,4,5,,
544,entry,5,17,,
544,entry,6,36,,
544,entry,7,4,,
544,entry,8,7,,
544,entry,9,38,,
544,entry,10,14,,
544,entry,13,79,,
544,entry,14,,73,
544,entry,15,19,,1
544,entry,16,46,,
544,entry,17,16,,
544,entry,18,47,,8
544,entry,19,13,,
544,entry,20,9,,
544,entry,24,28,,
544,entry,25,24,,
544,entry,26,40,,
544,entry,27,15,,
544,entry,28,59,,
544,entry,29,,64,
544,entry,30,58,,
544,entry,35,,46,
544,entry,36,27,,7
544,entry,37,25,,6
544,entry,38,,37,
544,entry,39,,55,
544,entry,40,68,,
544,entry,46,39,,
544,entry,47,70,,3
544,entry,48,2,,
544,entry,49,0,,
544,entry,50,49,,
544,entry,57,69,,
544,entry,58,,28,
544,entry,59,10,,
544,entry,60,35,,
544,entry,68,3,,
544,entry,69,30,,
544,entry,70,8,,
544,entry,79,80,,2 4
544,entry,80,18,,
544,entry,90,37,,
544,start,2,26,,
544,start,3,,19,
544,start,4,50,,
544,start,5,48,,
544,start,6,90,,
544,start,7,60,,
544,start,8,20,,
544,start,9,57,,
545,entry,0,6,,
545,entry,2,,55,
545,entry,3,49,,
545,entry,4,,64,
545,entry,5,,46,5
545,entry,6,25,,
545,entry,7,24,,
545,entry,8,40,,
545,entry,9,36,,
545,entry,10,46,,
545,entry,13,8,,
545,entry,14,38,,
545,entry,15,14,,7
545,entry,16,18,,
545,entry,17,35,,
545,entry,18,57,,6
545,entry,19,28,,
545,entry,20,7,,
545,entry,24,50,,
545,entry,25,15,,
545,entry,26,9,,
545,entry,27,37,,
545,entry,28,79,,8
545,entry,29,90,,
545,entry,30,,82,2
545,entry,35,,73,
545,entry,36,19,,
545,entry,37,59,,
545,entry,38,10,,
545,entry,39,16,,1
545,entry,40,58,,
545,entry,46,69,,
545,entry,47,29,,
545,entry,48,,37,
545,entry,49,27,,
545,entry,50,20,,
545,entry,57,39,,4
545,entry,58,4,,
545,entry,59,13,,
545,entry,60,30,,
545,entry,68,3,,
545,entry,69,48,,
545,entry,70,60,,
545,entry,79,,19,
545,entry,80,70,,
545,entry,90,80,,3
545,start,2,17,,
545,start,3,68,,
545,start,4,26,,
545,start,5,2,,
545,start,6,47,,
545,start,7,,28,
545,start,8,5,,
545,start,9,0,,
546,entry,0,46,,
546,entry,2,20,,
546,entry,3,70,,
546,entry,4,9,,
546,entry,5,37,,
546,entry,6,,46,
546,entry,7,4,,6
546,entry,8,90,,
546,entry,9,2,,
546,entry,10,,64,
546,entry,13,29,,
546,entry,14,19,,4
546,entry,15,,55,7
546,entry,16,57,,
546,entry,17,40,,
546,entry,18,3,,
546,entry,19,,28,
546,entry,20,7,,
546,entry,24,48,,
546,entry,25,18,,
546,entry,26,,37,
546,entry,27,50,,3
546,entry,28,13,,
546,entry,29,38,,
546,entry,30,6,,1
546,entry,35,47,,
546,entry,36,35,,
546,entry,37,15,,
546,entry,38,5,,
546,entry,39,,73,
546,entry,40,16,,
546,entry,46,10,,
546,entry,47,36,,
546,entry,48,79,,
546,entry,49,0,,
546,entry,50,17,,
546,entry,57,14,,8
546,entry,58,25,,
546,entry,59,60,,2
546,entry,60,27,,
546,entry,68,26,,
546,entry,69,68,,
546,entry,70,39,,
546,entry,79,80,,
546,entry,80,49,,
546,entry,90,59,,
546,start,2,28,,5
546,start,3,58,,
546,start,4,30,,
546,start,5,,19,
546,start,6,,82,
546,start,7,69,,
546,start,8,8,,
546,start,9,24,,
547,entry,0,90,,
547,entry,2,24,,
547,entry,3,48,,
547,entry,4,70,,
547,entry,5,0,,
547,entry,6,9,,
547,entry,7,,73,7
547,entry,8,,19,
547,entry,9,38,,
547,entry,10,6,,
547,entry,13,58,,
547,entry,14,80,,1
547,entry,15,46,,
547,entry,16,17,,
547,entry,17,13,,
547,entry,18,2,,
547,entry,19,28,,6
547,entry,20,8,,
547,entry,24,7,,
547,entry,25,,64,
547,entry,26,27,,
547,entry,27,4,,2 4
547,entry,28,,28,
547,entry,29,25,,
547,entry,30,18,,
547,entry,35,,37,
547,entry,36,37,,
547,entry,37,69,,5
547,entry,38,3,,
547,entry,39,35,,
547,entry,40,68,,
547,entry,46,26,,3
547,entry,47,30,,
547,entry,48,19,,
547,entry,49,,55,
547,entry,50,50,,
547,entry,57,49,,
547,entry,58,10,,
547,entry,59,,46,
547,entry,60,60,,
547,entry,68,47,,8
547,entry,69,16,,
547,entry,70,40,,
547,entry,79,14,,
547,entry,80,29,,
547,entry,90,39,,
547,start,2,5,,
547,start,3,59,,
547,start,4,79,,
547,start,5,15,,
547,start,6,,82,
547,start,7,36,,
547,start,8,20,,
547,start,9,57,,
548,entry,0,47,,
548,entry,2,20,,
548,entry,3,3,,3
548,entry,4,36,,
548,entry,5,,82,
548,entry,6,2,,2
548,entry,7,16,,
548,entry,8,7,,
548,entry,9,90,,
548,entry,10,15,,
548,entry,13,39,,
548,entry,14,,28,6
548,entry,15,58,,
548,entry,16,35,,
548,entry,17,50,,
548,entry,18,17,,
548,entry,19,49,,
548,entry,20,,46,
548,entry,24,,37,
548,entry,25,6,,
548,entry,26,,55,
548,entry,27,8,,
548,entry,28,27,,
548,entry,29,59,,
548,entry,30,38,,
548,entry,35,26,,
548,entry,36,19,,
548,entry,37,18,,
548,entry,38,37,,
548,entry,39,69,,
548,entry,40,60,,
548,entry,46,29,,4
548,entry,47,57,,
548,entry,48,,64,
548,entry,49,79,,8
548,entry,50,70,,
548,entry,57,24,,7
548,entry,58,28,,5
548,entry,59,48,,
548,entry,60,80,,
548,entry,68,9,,
548,entry,69,,19,
548,entry,70,30,,1
548,entry,79,25,,
548,entry,80,14,,
548,entry,90,40,,
548,start,2,4,,
548,start,3,46,,
548,start,4,10,,
548,start,5,68,,
548,start,6,,73,
548,start,7,13,,
548,start,8,5,,
548,start,9,0,,
549,entry,0,,28,
549,entry,2,15,,3
549,entry,3,36,,
549,entry,4,47,,
549,entry,5,79,,
549,entry,6,25,,2
549,entry,7,58,,
549,entry,8,,55,
549,entry,9,19,,
549,entry,10,14,,8
549,entry,13,5,,
549,entry,14,57,,
549,entry,15,3,,
549,entry,16,20,,
549,entry,17,90,,
549,entry,18,29,,
549,entry,19,48,,
549,entry,20,,46,
549,entry,24,,73,
549,entry,25,30,,
549,entry,26,18,,
549,entry,27,,19,
549,entry,28,68,,5
549,entry,29,39,,
549,entry,30,6,,
549,entry,35,37,,
549,entry,36,28,,
549,entry,37,40,,
549,entry,38,17,,
549,entry,39,49,,4
549,entry,40,38,,
549,entry,46,9,,1 7
549,entry,47,50,,
549,entry,48,27,,
549,entry,49,80,,6
549,entry,50,59,,
549,entry,57,60,,
549,entry,58,46,,
549,entry,59,26,,
549,entry,60,70,,
549,entry,68,,64,
549,entry,69,,82,
549,entry,70,13,,
549,entry,79,35,,
549,entry,80,,37,
549,entry,90,4,,
549,start,2,7,,
549,start,3,10,,
549,start,4,2,,
549,start,5,69,,
549,start,6,16,,
549,start,7,0,,
549,start,8,8,,
549,start,9,24,,
550,entry,0,48,,
550,entry,2,,82,
550,entry,3,13,,
550,entry,4,24,,
550,entry,5,90,,
550,entry,6,70,,3
550,entry,7,47,,8
550,entry,8,,19,
550,entry,9,6,,
550,entry,10,,64,
550,entry,13,28,,
550,entry,14,,46,
550,entry,15,39,,
550,entry,16,38,,
550,entry,17,,73,
550,entry,18,80,,2 4
550,entry,19,,28,
550,entry,20,29,,5
550,entry,24,5,,
550,entry,25,10,,
550,entry,26,79,,
550,entry,27,49,,
550,entry,28,18,,
550,entry,29,,37,
550,entry,30,14,,
550,entry,35,19,,1
550,entry,36,0,,
550,entry,37,59,,
550,entry,38,3,,
550,entry,39,58,,
550,entry,40,9,,
550,entry,46,2,,7
550,entry,47,15,,
550,entry,48,46,,
550,entry,49,8,,
550,entry,50,30,,
550,entry,57,25,,6
550,entry,58,68,,
550,entry,59,36,,
550,entry,60,40,,
550,entry,68,37,,
550,entry,69,35,,
550,entry,70,16,,
550,entry,79,,55,
550,entry,80,26,,
550,entry,90,7,,
550,start,2,69,,
550,start,3,27,,
550,start,4,50,,
550,start,5,4,,
550,start,6,17,,
550,start,7,60,,
550,start,8,20,,
550,start,9,57,,
551,entry,0,35,,
551,entry,2,39,,
551,entry,3,,73,
551,entry,4,,64,
551,entry,5,48,,
551,entry,6,28,,
551,entry,7,20,,
551,entry,8,16,,
551,entry,9,49,,5
551,entry,10,37,,
551,entry,13,3,,
551,entry,14,7,,
551,entry,15,,19,
551,entry,16,90,,
551,entry,17,30,,
551,entry,18,47,,
551,entry,19,8,,
551,entry,20,36,,
551,entry,24,15,,
551,entry,25,40,,
551,entry,26,4,,1
551,entry,27,,82,
551,entry,28,,37,
551,entry,29,,55,
551,entry,30,24,,
551,entry,35,57,,6
551,entry,36,27,,
551,entry,37,9,,
551,entry,38,79,,8
551,entry,39,6,,
551,entry,40,,46,4
551,entry,46,29,,7
551,entry,47,19,,3
551,entry,48,80,,
551,entry,49,70,,
551,entry,50,25,,
551,entry,57,69,,
551,entry,58,10,,2
551,entry,59,38,,
551,entry,60,18,,
551,entry,68,58,,
551,entry,69,68,,
551,entry,70,50,,
551,entry,79,26,,
551,entry,80,60,,
551,entry,90,46,,
551,start,2,17,,
551,start,3,13,,
551,start,4,59,,
551,start,5,2,,
551,start,6,14,,
551,start,7,,28,
551,start,8,5,,
551,start,9,0,,
552,entry,0,10,,
552,entry,2,36,,
552,entry,3,50,,3
552,entry,4,0,,
552,entry,5,35,,
552,entry,6,60,,2
552,entry,7,2,,
552,entry,8,70,,
552,entry,9,16,,
552,entry,10,20,,
552,entry,13,,82,
552,entry,14,6,,6
552,entry,15,,73,
552,entry,16,68,,
552,entry,17,4,,
552,entry,18,5,,1
552,entry,19,17,,4
552,entry,20,29,,
552,entry,24,40,,
552,entry,25,79,,
552,entry,26,3,,
552,entry,27,14,,8
552,entry,28,46,,
552,entry,29,48,,
552,entry,30,,55,
552,entry,35,9,,
552,entry,36,13,,
552,entry,37,15,,
552,entry,38,,64,
552,entry,39,57,,
552,entry,40,27,,
552,entry,46,,46,
552,entry,47,25,,
552,entry,48,7,,
552,entry,49,80,,
552,entry,50,39,,
552,entry,57,38,,
552,entry,58,90,,
552,entry,59,49,,
552,entry,60,47,,
552,entry,68,,19,
552,entry,69,59,,
552,entry,70,37,,7
552,entry,79,69,,
552,entry,80,18,,
552,entry,90,19,,
552,start,2,28,,5
552,start,3,58,,
552,start,4,30,,
552,start,5,,37,
552,start,6,26,,
552,start,7,,28,
552,start,8,8,,
552,start,9,24,,
553,entry,0,36,,7
553,entry,2,48,,
553,entry,3,79,,
553,entry,4,49,,
553,entry,5,,55,
553,entry,6,39,,
553,entry,7,18,,
553,entry,8,13,,
553,entry,9,26,,
553,entry,10,30,,
553,entry,13,19,,
553,entry,14,59,,
553,entry,15,,46,
553,entry,16,46,,
553,entry,17,27,,
553,entry,18,7,,
553,entry,19,,19,3
553,entry,20,0,,
553,entry,24,69,,
553,entry,25,,64,
553,entry,26,28,,6
553,entry,27,50,,
553,entry,28,17,,
553,entry,29,38,,
553,entry,30,10,,2 4
553,entry,35,68,,
553,entry,36,25,,
553,entry,37,60,,
553,entry,38,24,,
553,entry,39,,28,
553,entry,40,47,,5 8
553,entry,46,35,,
553,entry,47,90,,
553,entry,48,58,,
553,entry,49,3,,
553,entry,50,40,,
553,entry,57,29,,
553,entry,58,6,,
553,entry,59,,82,
553,entry,60,70,,
553,entry,68,8,,
553,entry,69,80,,
553,entry,70,,37,
553,entry,79,14,,1
553,entry,80,4,,
553,entry,90,16,,
553,start,2,5,,
553,start,3,37,,
553,start,4,,73,
553,start,5,15,,
553,start,6,9,,
553,start,7,2,,
553,start,8,20,,
553,start,9,57,,
554,entry,0,90,,
554,entry,2,40,,
554,entry,3,30,,1
554,entry,4,24,,
554,entry,5,47,,
554,entry,6,,28,6
554,entry,7,17,,4 7
554,entry,8,3,,
554,entry,9,70,,
554,entry,10,25,,
554,entry,13,7,,
554,entry,14,,46,
554,entry,15,18,,
554,entry,16,46,,
554,entry,17,69,,
554,entry,18,,37,
554,entry,19,80,,
554,entry,20,19,,
554,entry,24,26,,
554,entry,25,,73,
554,entry,26,57,,3
554,entry,27,58,,
554,entry,28,8,,
554,entry,29,13,,
554,entry,30,29,,
554,entry,35,38,,
554,entry,36,15,,
554,entry,37,6,,
554,entry,38,2,,2
554,entry,39,28,,5
554,entry,40,39,,
554,entry,46,20,,
554,entry,47,49,,
554,entry,48,35,,
554,entry,49,79,,8
554,entry,50,48,,
554,entry,57,9,,
554,entry,58,,55,
554,entry,59,16,,
554,entry,60,,19,
554,entry,68,27,,
554,entry,69,14,,
554,entry,70,10,,
554,entry,79,68,,
554,entry,80,50,,
554,entry,90,60,,
554,start,2,,64,
554,start,3,,82,
554,start,4,4,,
554,start,5,59,,
554,start,6,37,,
554,start,7,36,,
554,start,8,5,,
554,start,9,0,,
555,entry,0,38,,
555,entry,2,13,,
555,entry,3,,46,
555,entry,4,9,,
555,entry,5,5,,
555,entry,6,80,,
555,entry,7,18,,
555,entry,8,69,,
555,entry,9,29,,
555,entry,10,48,,
555,entry,13,70,,
555,entry,14,,73,
555,entry,15,15,,3
555,entry,16,90,,
555,entry,17,28,,
555,entry,18,79,,
555,entry,19,,37,
555,entry,20,60,,
555,entry,24,39,,
555,entry,25,27,,
555,entry,26,,19,
555,entry,27,3,,1 7
555,entry,28,37,,
555,entry,29,68,,5
555,entry,30,49,,
555,entry,35,,82,
555,entry,36,2,,
555,entry,37,,64,
555,entry,38,47,,
555,entry,39,36,,
555,entry,40,4,,
555,entry,46,6,,
555,entry,47,7,,
555,entry,48,57,,
555,entry,49,46,,
555,entry,50,14,,4 8
555,entry,57,30,,
555,entry,58,25,,2
555,entry,59,16,,
555,entry,60,,55,6
555,entry,68,20,,
555,entry,69,40,,
555,entry,70,58,,
555,entry,79,59,,
555,entry,80,,28,
555,entry,90,19,,
555,start,2,50,,
555,start,3,10,,
555,start,4,17,,
555,start,5,35,,
555,start,6,26,,
555,start,7,0,,
555,start,8,8,,
555,start,9,24,,
556,entry,0,2,,
556,entry,2,,19,
556,entry,3,70,,3
556,entry,4,10,,
556,entry,5,3,,
556,entry,6,80,,2 4
556,entry,7,69,,
556,entry,8,49,,
556,entry,9,28,,
556,entry,10,58,,
556,entry,13,30,,
556,entry,14,15,,
556,entry,15,13,,
556,entry,16,,55,
556,entry,17,35,,
556,entry,18,59,,
556,entry,19,,82,
556,entry,20,38,,
556,entry,24,25,,6
556,entry,25,,37,7
556,entry,26,16,,
556,entry,27,47,,8
556,entry,28,37,,
556,entry,29,40,,
556,entry,30,39,,
556,entry,35,0,,
556,entry,36,27,,
556,entry,37,6,,
556,entry,38,7,,
556,entry,39,,64,
556,entry,40,,73,
556,entry,46,79,,
556,entry,47,8,,
556,entry,48,17,,
556,entry,49,29,,5
556,entry,50,19,,1
556,entry,57,48,,
556,entry,58,4,,
556,entry,59,14,,
556,entry,60,24,,
556,entry,68,36,,
556,entry,69,9,,
556,entry,70,,46,
556,entry,79,68,,
556,entry,80,5,,
556,entry,90,26,,
556,start,2,90,,
556,start,3,,28,
556,start,4,50,,
556,start,5,46,,
556,start,6,18,,
556,start,7,60,,
556,start,8,20,,
556,start,9,57,,
557,entry,0,15,,
557,entry,2,19,,
557,entry,3,38,,
557,entry,4,80,,
557,entry,5,27,,
557,entry,6,,82,
557,entry,7,60,,
557,entry,8,48,,
557,entry,9,69,,
557,entry,10,,73,
557,entry,13,,64,
557,entry,14,13,,7
557,entry,15,39,,
557,entry,16,9,,4
557,entry,17,3,,
557,entry,18,,19,
557,entry,19,79,,3 8
557,entry,20,8,,
557,entry,24,37,,
557,entry,25,4,,5
557,entry,26,25,,
557,entry,27,,37,
557,entry,28,40,,
557,entry,29,24,,
557,entry,30,,46,
557,entry,35,70,,
557,entry,36,18,,
557,entry,37,35,,
557,entry,38,57,,6
557,entry,39,28,,
557,entry,40,68,,
557,entry,46,47,,
557,entry,47,46,,
557,entry,48,49,,
557,entry,49,90,,
557,entry,50,16,,2
557,entry,57,29,,
557,entry,58,59,,
557,entry,59,,55,1
557,entry,60,58,,
557,entry,68,50,,
557,entry,69,36,,
557,entry,70,20,,
557,entry,79,10,,
557,entry,80,30,,
557,entry,90,7,,
557,start,2,26,,
557,start,3,17,,
557,start,4,14,,
557,start,5,2,,
557,start,6,6,,
557,start,7,,28,
557,start,8,5,,
557,start,9,0,,
558,entry,0,40,,
558,entry,2,,37,6
558,entry,3,14,,8
558,entry,4,3,,
558,entry,5,68,,
558,entry,6,2,,
558,entry,7,0,,
558,entry,8,19,,
558,entry,9,20,,
558,entry,10,50,,3
558,entry,13,6,,
558,entry,14,26,,
558,entry,15,69,,
558,entry,16,,82,
558,entry,17,10,,
558,entry,18,7,,
558,entry,19,35,,7
558,entry,20,4,,
558,entry,24,79,,
558,entry,25,80,,
558,entry,26,9,,
558,entry,27,29,,
558,entry,28,,55,
558,entry,29,18,,
558,entry,30,36,,
558,entry,35,,28,
558,entry,36,46,,
558,entry,37,39,,
558,entry,38,38,,
558,entry,39,37,,
558,entry,40,16,,
558,entry,46,60,,2
558,entry,47,49,,
558,entry,48,57,,
558,entry,49,5,,
558,entry,50,17,,
558,entry,57,,19,
558,entry,58,,73,1
558,entry,59,15,,4
558,entry,60,47,,
558,entry,68,27,,
558,entry,69,48,,
558,entry,70,13,,
558,entry,79,25,,
558,entry,80,,46,
558,entry,90,,64,
558,start,2,28,,5
558,start,3,58,,
558,start,4,30,,
558,start,5,90,,
558,start,6,70,,
558,start,7,59,,
558,start,8,8,,
558,start,9,24,,
559,entry,0,49,,
559,entry,2,70,,
559,entry,3,79,,2 4
559,entry,4,,64,
559,entry,5,13,,
559,entry,6,,46,
559,entry,7,39,,
559,entry,8,8,,
559,entry,9,59,,
559,entry,10,40,,
559,entry,13,27,,5
559,entry,14,7,,
559,entry,15,,37,
559,entry,16,14,,
559,entry,17,26,,
559,entry,18,18,,
559,entry,19,69,,1
559,entry,20,0,,
559,entry,24,4,,
559,entry,25,19,,
559,entry,26,,82,
559,entry,27,28,,6
559,entry,28,68,,
559,entry,29,,28,
559,entry,30,36,,
559,entry,35,,73,
559,entry,36,9,,
559,entry,37,25,,
559,entry,38,50,,
559,entry,39,48,,
559,entry,40,46,,
559,entry,46,3,,
559,entry,47,35,,
559,entry,48,60,,
559,entry,49,58,,
559,entry,50,10,,3
559,entry,57,,55,
559,entry,58,80,,
559,entry,59,24,,
559,entry,60,47,,8
559,entry,68,29,,
559,entry,69,38,,
559,entry,70,,19,
559,entry,79,6,,
559,entry,80,2,,
559,entry,90,16,,7
559,start,2,5,,
559,start,3,17,,
559,start,4,37,,
559,start,5,15,,
559,start,6,30,,
559,start,7,90,,
559,start,8,20,,
559,start,9,57,,
560,entry,0,14,,
560,entry,2,28,,5
560,entry,3,50,,
560,entry,4,70,,
560,entry,5,69,,
560,entry,6,40,,
560,entry,7,38,,
560,entry,8,19,,
560,entry,9,,46,
560,entry,10,16,,
560,entry,13,57,,
560,entry,14,80,,
560,entry,15,48,,
560,entry,16,90,,
560,entry,17,37,,
560,entry,18,59,,3
560,entry,19,26,,4
560,entry,20,27,,
560,entry,24,13,,
560,entry,25,,19,
560,entry,26,46,,
560,entry,27,68,,
560,entry,28,36,,
560,entry,29,4,,
560,entry,30,18,,
560,entry,35,60,,
560,entry,36,,64,
560,entry,37,,82,
560,entry,38,20,,
560,entry,39,58,,
560,entry,40,24,,
560,entry,46,7,,
560,entry,47,30,,1
560,entry,48,47,,
560,entry,49,6,,
560,entry,50,,73,
560,entry,57,39,,
560,entry,58,25,,
560,entry,59,79,,8
560,entry,60,15,,
560,entry,68,49,,7
560,entry,69,3,,
560,entry,70,2,,2
560,entry,79,,28,6
560,entry,80,35,,
560,entry,90,,55,
560,start,2,29,,
560,start,3,10,,
560,start,4,17,,
560,start,5,,37,
560,start,6,8,,
560,start,7,9,,
560,start,8,5,,
560,start,9,0,,
561,entry,0,80,,
561,entry,2,27,,
561,entry,3,48,,
561,entry,4,90,,
561,entry,5,57,,
561,entry,6,3,,
561,entry,7,4,,1 7
561,entry,8,9,,
561,entry,9,68,,5
561,entry,10,,19,
561,entry,13,58,,
561,entry,14,6,,
561,entry,15,29,,
561,entry,16,13,,
561,entry,17,14,,8
561,entry,18,19,,
561,entry,19,,64,
561,entry,20,35,,
561,entry,24,70,,
561,entry,25,39,,
561,entry,26,40,,
561,entry,27,38,,
561,entry,28,26,,
561,entry,29,7,,
561,entry,30,,55,4
561,entry,35,36,,
561,entry,36,5,,
561,entry,37,30,,
561,entry,38,25,,2
561,entry,39,50,,
561,entry,40,17,,6
561,entry,46,15,,3
561,entry,47,2,,
561,entry,48,20,,
561,entry,49,60,,
561,entry,50,37,,
561,entry,57,,28,
561,entry,58,18,,
561,entry,59,79,,
561,entry,60,,37,
561,entry,68,28,,
561,entry,69,,73,
561,entry,70,49,,
561,entry,79,,82,
561,entry,80,59,,
561,entry,90,,46,
561,start,2,69,,
561,start,3,10,,
561,start,4,47,,
561,start,5,16,,
561,start,6,46,,
561,start,7,0,,
561,start,8,8,,
561,start,9,24,,
562,entry,0,49,,
562,entry,2,68,,
562,entry,3,48,,
562,entry,4,29,,5
562,entry,5,28,,
562,entry,6,19,,1
562,entry,7,2,,
562,entry,8,3,,
562,entry,9,,55,
562,entry,10,30,,
562,entry,13,58,,
562,entry,14,14,,
562,entry,15,,82,
562,entry,16,24,,
562,entry,17,,28,
562,entry,18,10,,
562,entry,19,80,,2 4
562,entry,20,40,,
562,entry,24,9,,
562,entry,25,,37,
562,entry,26,,46,
562,entry,27,38,,
562,entry,28,90,,
562,entry,29,17,,
562,entry,30,16,,
562,entry,35,4,,7
562,entry,36,5,,
562,entry,37,35,,
562,entry,38,15,,
562,entry,39,26,,
562,entry,40,46,,
562,entry,46,36,,
562,entry,47,39,,
562,entry,48,25,,6
562,entry,49,37,,
562,entry,50,79,,
562,entry,57,27,,
562,entry,58,70,,3
562,entry,59,0,,
562,entry,60,7,,
562,entry,68,13,,
562,entry,69,8,,
562,entry,70,59,,
562,entry,79,18,,
562,entry,80,69,,
562,entry,90,47,,8
562,start,2,,19,
562,start,3,6,,
562,start,4,50,,
562,start,5,,64,
562,start,6,,73,
562,start,7,60,,
562,start,8,20,,
562,start,9,57,,
563,entry,0,6,,
563,entry,2,36,,1
563,entry,3,28,,
563,entry,4,79,,8
563,entry,5,58,,
563,entry,6,,46,
563,entry,7,14,,
563,entry,8,18,,
563,entry,9,3,,
563,entry,10,9,,
563,entry,13,90,,
563,entry,14,10,,3
563,entry,15,20,,
563,entry,16,26,,
563,entry,17,,73,
563,entry,18,7,,7
563,entry,19,17,,
563,entry,20,48,,
563,entry,24,68,,
563,entry,25,30,,
563,entry,26,,82,
563,entry,27,38,,
563,entry,28,15,,
563,entry,29,35,,
563,entry,30,,19,
563,entry,35,69,,
563,entry,36,8,,
563,entry,37,47,,
563,entry,38,13,,
563,entry,39,16,,
563,entry,40,40,,
563,entry,46,,64,2
563,entry,47,70,,
563,entry,48,27,,5
563,entry,49,80,,
563,entry,50,57,,6
563,entry,57,24,,
563,entry,58,39,,
563,entry,59,50,,
563,entry,60,,37,
563,entry,68,49,,
563,entry,69,60,,4
563,entry,70,4,,
563,entry,79,25,,
563,entry,80,19,,
563,entry,90,29,,
563,start,2,,55,
563,start,3,59,,
563,start,4,37,,
563,start,5,2,,
563,start,6,46,,
563,start,7,,28,
563,start,8,5,,
563,start,9,0,,
564,entry,0,38,,
564,entry,2,39,,
564,entry,3,,64,
564,entry,4,48,,
564,entry,5,18,,
564,entry,6,57,,
564,entry,7,50,,3
564,entry,8,47,,
564,entry,9,,28,
564,entry,10,2,,1
564,entry,13,7,,
564,entry,14,15,,
564,entry,15,90,,
564,entry,16,19,,
564,entry,17,26,,
564,entry,18,25,,
564,entry,19,3,,
564,entry,20,69,,
564,entry,24,,37,
564,entry,25,70,,
564,entry,26,46,,
564,entry,27,36,,
564,entry,28,79,,
564,entry,29,20,,
564,entry,30,80,,
564,entry,35,5,,4
564,entry,36,10,,
564,entry,37,49,,
564,entry,38,,82,
564,entry,39,60,,2
564,entry,40,0,,
564,entry,46,29,,7
564,entry,47,59,,
564,entry,48,9,,
564,entry,49,68,,
564,entry,50,4,,
564,entry,57,,19,
564,entry,58,,73,6
564,entry,59,,55,
564,entry,60,14,,8
564,entry,68,40,,
564,entry,69,6,,
564,entry,70,,46,
564,entry,79,37,,
564,entry,80,17,,
564,entry,90,27,,
564,start,2,28,,5
564,start,3,58,,
564,start,4,30,,
564,start,5,16,,
564,start,6,13,,
564,start,7,35,,
564,start,8,8,,
564,start,9,24,,
565,entry,0,14,,
565,entry,2,80,,
565,entry,3,0,,
565,entry,4,,55,
565,entry,5,49,,
565,entry,6,50,,
565,entry,7,24,,
565,entry,8,37,,
565,entry,9,59,,
565,entry,10,13,,
565,entry,13,70,,
565,entry,14,,46,
565,entry,15,28,,6
565,entry,16,60,,
565,entry,17,3,,
565,entry,18,4,,
565,entry,19,26,,
565,entry,20,19,,
565,entry,24,68,,7
565,entry,25,25,,
565,entry,26,58,,
565,entry,27,6,,
565,entry,28,69,,
565,entry,29,36,,
565,entry,30,,28,
565,entry,35,35,,
565,entry,36,29,,
565,entry,37,8,,
565,entry,38,79,,1
565,entry,39,,82,
565,entry,40,,73,
565,entry,46,39,,
565,entry,47,18,,
565,entry,48,47,,8
565,entry,49,9,,
565,entry,50,38,,
565,entry,57,,64,
565,entry,58,30,,
565,entry,59,7,,3
565,entry,60,,37,
565,entry,68,40,,
565,entry,69,2,,
565,entry,70,46,,2 4
565,entry,79,27,,
565,entry,80,90,,5
565,entry,90,48,,
565,start,2,5,,
565,start,3,10,,
565,start,4,,19,
565,start,5,15,,
565,start,6,16,,
565,start,7,17,,
565,start,8,20,,
565,start,9,57,,
566,entry,0,,19,
566,entry,2,48,,
566,entry,3,8,,
566,entry,4,90,,
566,entry,5,7,,
566,entry,6,24,,
566,entry,7,,28,6
566,entry,8,79,,8
566,entry,9,36,,
566,entry,10,,46,
566,entry,13,18,,
566,entry,14,57,,
566,entry,15,30,,1
566,entry,16,4,,
566,entry,17,27,,
566,entry,18,10,,4
566,entry,19,59,,
566,entry,20,19,,
566,entry,24,,73,
566,entry,25,68,,
566,entry,26,38,,
566,entry,27,,37,3
566,entry,28,60,,
566,entry,29,69,,
566,entry,30,29,,
566,entry,35,40,,
566,entry,36,46,,
566,entry,37,49,,
566,entry,38,58,,
566,entry,39,15,,
566,entry,40,3,,
566,entry,46,,64,
566,entry,47,20,,
566,entry,48,6,,
566,entry,49,14,,
566,entry,50,9,,
566,entry,57,47,,
566,entry,58,80,,
566,entry,59,2,,2
566,entry,60,,82,7
566,entry,68,13,,
566,entry,69,35,,
566,entry,70,28,,5
566,entry,79,,55,
566,entry,80,70,,
566,entry,90,16,,
566,start,2,37,,
566,start,3,39,,
566,start,4,26,,
566,start,5,50,,
566,start,6,25,,
566,start,7,17,,
566,start,8,5,,
566,start,9,0,,
567,entry,0,14,,8
567,entry,2,4,,
567,entry,3,47,,
567,entry,4,17,,
567,entry,5,57,,
567,entry,6,69,,
567,entry,7,2,,
567,entry,8,,55,
567,entry,9,20,,
567,entry,10,36,,
567,entry,13,68,,5
567,entry,14,3,,
567,entry,15,,73,4
567,entry,16,80,,
567,entry,17,,28,
567,entry,18,6,,
567,entry,19,18,,
567,entry,20,46,,
567,entry,24,13,,
567,entry,25,19,,6
567,entry,26,90,,
567,entry,27,60,,
567,entry,28,16,,
567,entry,29,28,,
567,entry,30,48,,
567,entry,35,,19,
567,entry,36,7,,
567,entry,37,37,,
567,entry,38,26,,
567,entry,39,27,,1 7
567,entry,40,58,,
567,entry,46,38,,
567,entry,47,,82,
567,entry,48,5,,
567,entry,49,,46,
567,entry,50,29,,
567,entry,57,70,,
567,entry,58,15,,3
567,entry,59,79,,
567,entry,60,39,,
567,entry,68,59,,
567,entry,69,30,,
567,entry,70,40,,
567,entry,79,35,,
567,entry,80,50,,
567,entry,90,25,,2
567,start,2,,64,
567,start,3,10,,
567,start,4,49,,
567,start,5,9,,
567,start,6,,37,
567,start,7,0,,
567,start,8,8,,
567,start,9,24,,
568,entry,0,27,,
568,entry,2,47,,8
568,entry,3,59,,
568,entry,4,25,,6
568,entry,5,40,,
568,entry,6,2,,
568,entry,7,8,,
568,entry,8,6,,
568,entry,9,4,,
568,entry,10,39,,
568,entry,13,69,,
568,entry,14,70,,3
568,entry,15,58,,
568,entry,16,26,,
568,entry,17,18,,
568,entry,18,35,,
568,entry,19,16,,
568,entry,20,17,,
568,entry,24,,37,
568,entry,25,68,,
568,entry,26,48,,
568,entry,27,79,,
568,entry,28,,55,
568,entry,29,29,,5
568,entry,30,19,,1
568,entry,35,15,,
568,entry,36,90,,7
568,entry,37,37,,
568,entry,38,,19,
568,entry,39,14,,
568,entry,40,24,,
568,entry,46,30,,
568,entry,47,80,,2 4
568,entry,48,3,,
568,entry,49,9,,
568,entry,50,,46,
568,entry,57,7,,
568,entry,58,38,,
568,entry,59,,73,
568,entry,60,5,,
568,entry,68,,64,
568,entry,69,36,,
568,entry,70,,28,
568,entry,79,46,,
568,entry,80,28,,
568,entry,90,,82,
568,start,2,49,,
568,start,3,10,,
568,start,4,50,,
568,start,5,13,,
568,start,6,0,,
568,start,7,60,,
568,start,8,20,,
568,start,9,57,,
569,entry,0,40,,
569,entry,2,,19,
569,entry,3,46,,
569,entry,4,90,,
569,entry,5,26,,
569,entry,6,8,,2
569,entry,7,,82,
569,entry,8,13,,5
569,entry,9,9,,
569,entry,10,57,,6
569,entry,13,48,,
569,entry,14,15,,1
569,entry,15,36,,3
569,entry,16,58,,
569,entry,17,50,,
569,entry,18,69,,
569,entry,19,37,,
569,entry,20,29,,
569,entry,24,17,,
569,entry,25,4,,
569,entry,26,20,,
569,entry,27,60,,
569,entry,28,79,,8
569,entry,29,68,,4
569,entry,30,39,,
569,entry,35,28,,
569,entry,36,30,,
569,entry,37,70,,7
569,entry,38,10,,
569,entry,39,25,,
569,entry,40,49,,
569,entry,46,,46,
569,entry,47,14,,
569,entry,48,16,,
569,entry,49,18,,
569,entry,50,59,,
569,entry,57,47,,
569,entry,58,38,,
569,entry,59,,55,
569,entry,60,3,,
569,entry,68,24,,
569,entry,69,6,,
569,entry,70,80,,
569,entry,79,19,,
569,entry,80,35,,
569,entry,90,27,,
569,start,2,7,,
569,start,3,,64,
569,start,4,,37,
569,start,5,2,,
569,start,6,,73,
569,start,7,,28,
569,start,8,5,,
569,start,9,0,,
570,entry,0,48,,
570,entry,2,38,,4
570,entry,3,49,,
570,entry,4,47,,
570,entry,5,59,,
570,entry,6,50,,3
570,entry,7,80,,
570,entry,8,9,,
570,entry,9,37,,
570,entry,10,69,,
570,entry,13,,82,
570,entry,14,,73,7
570,entry,15,17,,
570,entry,16,90,,
570,entry,17,79,,
570,entry,18,60,,2
570,entry,19,,28,
570,entry,20,2,,
570,entry,24,18,,
570,entry,25,57,,
570,entry,26,36,,
570,entry,27,,19,
570,entry,28,68,,
570,entry,29,3,,
570,entry,30,29,,
570,entry,35,19,,
570,entry,36,5,,
570,entry,37,70,,
570,entry,38,4,,
570,entry,39,13,,
570,entry,40,39,,
570,entry,46,15,,
570,entry,47,27,,6
570,entry,48,14,,8
570,entry,49,35,,
570,entry,50,0,,
570,entry,57,40,,
570,entry,58,6,,
570,entry,59,,55,
570,entry,60,10,,
570,entry,68,16,,
570,entry,69,46,,
570,entry,70,20,,1
570,entry,79,,64,
570,entry,80,25,,
570,entry,90,26,,
570,start,2,28,,5
570,start,3,58,,
570,start,4,30,,
570,start,5,,46,
570,start,6,7,,
570,start,7,,37,
570,start,8,8,,
570,start,9,24,,
571,entry,0,60,,
571,entry,2,50,,
571,entry,3,18,,
571,entry,4,68,,
571,entry,5,,37,
571,entry,6,3,,
571,entry,7,30,,
571,entry,8,17,,
571,entry,9,80,,
571,entry,10,70,,
571,entry,13,59,,
571,entry,14,6,,
571,entry,15,14,,
571,entry,16,13,,
571,entry,17,40,,
571,entry,18,27,,
571,entry,19,10,,
571,entry,20,29,,
571,entry,24,8,,
571,entry,25,49,,
571,entry,26,36,,
571,entry,27,,19,
571,entry,28,26,,
571,entry,29,,82,
571,entry,30,39,,
571,entry,35,24,,
571,entry,36,79,,
571,entry,37,7,,
571,entry,38,90,,2 4
571,entry,39,9,,
571,entry,40,,64,
571,entry,46,0,,1
571,entry,47,2,,3
571,entry,48,,73,5
571,entry,49,4,,
571,entry,50,28,,6
571,entry,57,48,,
571,entry,58,37,,
571,entry,59,16,,
571,entry,60,25,,
571,entry,68,69,,
571,entry,69,19,,
571,entry,70,35,,
571,entry,79,58,,
571,entry,80,,55,
571,entry,90,,46,
571,start,2,5,,
571,start,3,47,,8
571,start,4,38,,
571,start,5,15,,
571,start,6,46,,7
571,start,7,,28,
571,start,8,20,,
571,start,9,57,,
572,entry,0,,73,
572,entry,2,57,,
572,entry,3,,37,
572,entry,4,49,,
572,entry,5,68,,
572,entry,6,20,,
572,entry,7,8,,
572,entry,8,35,,
572,entry,9,24,,
572,entry,10,48,,
572,entry,13,60,,
572,entry,14,40,,
572,entry,15,,82,
572,entry,16,47,,
572,entry,17,18,,
572,entry,18,,55,
572,entry,19,16,,
572,entry,20,,19,
572,entry,24,90,,
572,entry,25,9,,
572,entry,26,46,,
572,entry,27,,28,6
572,entry,28,70,,
572,entry,29,37,,
572,entry,30,,64,
572,entry,35,30,,1
572,entry,36,26,,
572,entry,37,29,,
572,entry,38,80,,4
572,entry,39,15,,
572,entry,40,7,,
572,entry,46,38,,
572,entry,47,,46,3
572,entry,48,14,,
572,entry,49,25,,
572,entry,50,17,,
572,entry,57,13,,
572,entry,58,58,,
572,entry,59,69,,
572,entry,60,79,,8
572,entry,68,6,,
572,entry,69,36,,
572,entry,70,10,,
572,entry,79,2,,2
572,entry,80,3,,
572,entry,90,28,,5
572,start,2,39,,
572,start,3,50,,
572,start,4,27,,
572,start,5,4,,
572,start,6,59,,7
572,start,7,19,,
572,start,8,5,,
572,start,9,0,,
573,entry,0,13,,
573,entry,2,3,,
573,entry,3,15,,3
573,entry,4,27,,
573,entry,5,30,,
573,entry,6,18,,
573,entry,7,50,,
573,entry,8,68,,5
573,entry,9,,82,
573,entry,10,35,,
573,entry,13,80,,
573,entry,14,,64,
573,entry,15,6,,
573,entry,16,28,,
573,entry,17,60,,
573,entry,18,79,,
573,entry,19,9,,4
573,entry,20,58,,
573,entry,24,5,,
573,entry,25,16,,
573,entry,26,47,,1 7
573,entry,27,14,,8
573,entry,28,90,,
573,entry,29,39,,6
573,entry,30,19,,
573,entry,35,17,,
573,entry,36,,19,
573,entry,37,,46,
573,entry,38,7,,
573,entry,39,46,,
573,entry,40,70,,
573,entry,46,2,,
573,entry,47,25,,2
573,entry,48,57,,
573,entry,49,37,,
573,entry,50,,28,
573,entry,57,20,,
573,entry,58,59,,
573,entry,59,,37,
573,entry,60,26,,
573,entry,68,40,,
573,entry,69,4,,
573,entry,70,36,,
573,entry,79,,73,
573,entry,80,48,,
573,entry,90,49,,
573,start,2,38,,
573,start,3,10,,
573,start,4,69,,
573,start,5,29,,
573,start,6,,55,
573,start,7,0,,
573,start,8,8,,
573,start,9,24,,
574,entry,0,2,,
574,entry,2,80,,2 4
574,entry,3,0,,
574,entry,4,,19,
574,entry,5,26,,
574,entry,6,,73,
574,entry,7,,82,
574,entry,8,6,,
574,entry,9,25,,6
574,entry,10,68,,
574,entry,13,18,,
574,entry,14,40,,
574,entry,15,58,,
574,entry,16,38,,
574,entry,17,,37,
574,entry,18,19,,1
574,entry,19,70,,3
574,entry,20,90,,
574,entry,24,79,,
574,entry,25,59,,
574,entry,26,48,,7
574,entry,27,4,,
574,entry,28,24,,
574,entry,29,13,,
574,entry,30,46,,
574,entry,35,36,,
574,entry,36,30,,
574,entry,37,29,,5
574,entry,38,,46,
574,entry,39,27,,
574,entry,40,,55,
574,entry,46,16,,
574,entry,47,14,,
574,entry,48,5,,
574,entry,49,37,,
574,entry,50,,28,
574,entry,57,9,,
574,entry,58,49,,
574,entry,59,47,,8
574,entry,60,3,,
574,entry,68,28,,
574,entry,69,8,,
574,entry,70,,64,
574,entry,79,39,,
574,entry,80,7,,
574,entry,90,15,,
574,start,2,17,,
574,start,3,35,,
574,start,4,50,,
574,start,5,69,,
574,start,6,10,,
574,start,7,60,,
574,start,8,20,,
574,start,9,57,,
575,entry,0,4,,
575,entry,2,38,,
575,entry,3,69,,
575,entry,4,60,,5
575,entry,5,18,,
575,entry,6,,37,
575,entry,7,9,,
575,entry,8,,64,
575,entry,9,30,,
575,entry,10,27,,
575,entry,13,47,,
575,entry,14,49,,
575,entry,15,6,,
575,entry,16,37,,
575,entry,17,29,,
575,entry,18,19,,
575,entry,19,14,,
575,entry,20,79,,8
575,entry,24,59,,
575,entry,25,16,,
575,entry,26,7,,
575,entry,27,39,,
575,entry,28,48,,
575,entry,29,24,,
575,entry,30,10,,7
575,entry,35,68,,
575,entry,36,17,,4
575,entry,37,3,,
575,entry,38,,19,
575,entry,39,,46,3
575,entry,40,15,,
575,entry,46,25,,
575,entry,47,50,,
575,entry,48,40,,
575,entry,49,80,,
575,entry,50,13,,
575,entry,57,35,,
575,entry,58,57,,6
575,entry,59,28,,
575,entry,60,36,,
575,entry,68,,82,
575,entry,69,90,,
575,entry,70,,55,2
575,entry,79,,73,1
575,entry,80,58,,
575,entry,90,20,,
575,start,2,46,,
575,start,3,26,,
575,start,4,70,,
575,start,5,2,,
575,start,6,8,,
575,start,7,,28,
575,start,8,5,,
575,start,9,0,,
576,entry,0,,64,
576,entry,2,46,,
576,entry,3,70,,1
576,entry,4,69,,
576,entry,5,48,,
576,entry,6,57,,7
576,entry,7,10,,
576,entry,8,29,,
576,entry,9,68,,
576,entry,10,2,,
576,entry,13,20,,
576,entry,14,80,,
576,entry,15,37,,
576,entry,16,18,,
576,entry,17,49,,
576,entry,18,17,,6
576,entry,19,,37,
576,entry,20,,28,
576,entry,24,90,,
576,entry,25,,19,
576,entry,26,39,,
576,entry,27,16,,
576,entry,28,40,,
576,entry,29,4,,
576,entry,30,3,,
576,entry,35,59,,
576,entry,36,26,,
576,entry,37,47,,
576,entry,38,50,,3
576,entry,39,,55,
576,entry,40,,46,
576,entry,46,27,,4
576,entry,47,38,,
576,entry,48,9,,
576,entry,49,6,,
576,entry,50,35,,
576,entry,57,7,,
576,entry,58,36,,
576,entry,59,,82,
576,entry,60,5,,
576,entry,68,0,,
576,entry,69,79,,
576,entry,70,15,,
576,entry,79,19,,
576,entry,80,,73,
576,entry,90,60,,2
576,start,2,28,,5
576,start,3,58,,
576,start,4,30,,
576,start,5,14,,8
576,start,6,25,,
576,start,7,13,,
576,start,8,8,,
576,start,9,24,,
577,entry,0,,55,
577,entry,2,35,,
577,entry,3,28,,6
577,entry,4,29,,
577,entry,5,0,,
577,entry,6,24,,
577,entry,7,,37,
577,entry,8,14,,
577,entry,9,27,,
577,entry,10,,46,
577,entry,13,25,,
577,entry,14,39,,
577,entry,15,50,,
577,entry,16,,64,
577,entry,17,90,,
577,entry,18,7,,
577,entry,19,37,,
577,entry,20,,82,
577,entry,24,2,,
577,entry,25,60,,
577,entry,26,6,,
577,entry,27,,19,1 7
577,entry,28,17,,
577,entry,29,13,,
577,entry,30,30,,
577,entry,35,,73,
577,entry,36,8,,
577,entry,37,69,,
577,entry,38,58,,3
577,entry,39,38,,2 4
577,entry,40,40,,
577,entry,46,18,,
577,entry,47,9,,
577,entry,48,36,,
577,entry,49,16,,5
577,entry,50,48,,
577,entry,57,79,,
577,entry,58,49,,
577,entry,59,47,,8
577,entry,60,,28,
577,entry,68,59,,
577,entry,69,10,,
577,entry,70,3,,
577,entry,79,80,,
577,entry,80,19,,
577,entry,90,46,,
577,start,2,5,,
577,start,3,4,,
577,start,4,26,,
577,start,5,15,,
577,start,6,70,,
577,start,7,68,,
577,start,8,20,,
577,start,9,57,,
578,entry,0,15,,
578,entry,2,68,,
578,entry,3,20,,
578,entry,4,,46,
578,entry,5,6,,
578,entry,6,,55,
578,entry,7,59,,
578,entry,8,37,,
578,entry,9,70,,
578,entry,10,38,,
578,entry,13,47,,
578,entry,14,46,,3 7
578,entry,15,3,,
578,entry,16,79,,8
578,entry,17,69,,
578,entry,18,57,,
578,entry,19,7,,
578,entry,20,,37,
578,entry,24,50,,
578,entry,25,,64,
578,entry,26,10,,4
578,entry,27,8,,
578,entry,28,,73,
578,entry,29,17,,
578,entry,30,4,,
578,entry,35,,28,6
578,entry,36,39,,
578,entry,37,25,,
578,entry,38,28,,5
578,entry,39,48,,
578,entry,40,14,,
578,entry,46,58,,
578,entry,47,2,,2
578,entry,48,49,,
578,entry,49,,19,
578,entry,50,30,,1
578,entry,57,35,,
578,entry,58,16,,
578,entry,59,,82,
578,entry,60,36,,
578,entry,68,13,,
578,entry,69,9,,
578,entry,70,40,,
578,entry,79,19,,
578,entry,80,90,,
578,entry,90,60,,
578,start,2,26,,
578,start,3,27,,
578,start,4,80,,
578,start,5,29,,
578,start,6,18,,
578,start,7,24,,
578,start,8,5,,
578,start,9,0,,
579,entry,0,68,,5
579,entry,2,13,,
579,entry,3,9,,
579,entry,4,35,,6
579,entry,5,46,,
579,entry,6,14,,8
579,entry,7,15,,3
579,entry,8,30,,
579,entry,9,6,,
579,entry,10,60,,
579,entry,13,19,,
579,entry,14,37,,
579,entry,15,7,,
579,entry,16,70,,
579,entry,17,17,,
579,entry,18,69,,
579,entry,19,25,,2
579,entry,20,29,,
579,entry,24,2,,
579,entry,25,,37,
579,entry,26,59,,
579,entry,27,,73,
579,entry,28,80,,
579,entry,29,20,,
579,entry,30,57,,
579,entry,35,4,,4
579,entry,36,79,,
579,entry,37,,82,
579,entry,38,90,,
579,entry,39,18,,
579,entry,40,26,,
579,entry,46,27,,
579,entry,47,40,,
579,entry,48,,19,
579,entry,49,28,,
579,entry,50,3,,
579,entry,57,,64,
579,entry,58,47,,
579,entry,59,,28,1 7
579,entry,60,38,,
579,entry,68,5,,
579,entry,69,39,,
579,entry,70,48,,
579,entry,79,49,,
579,entry,80,58,,
579,entry,90,,55,
579,start,2,36,,
579,start,3,10,,
579,start,4,16,,
579,start,5,,46,
579,start,6,50,,
579,start,7,0,,
579,start,8,8,,
579,start,9,24,,
580,entry,0,59,,
580,entry,2,49,,
580,entry,3,27,,
580,entry,4,36,,
580,entry,5,8,,
580,entry,6,16,,
580,entry,7,,46,
580,entry,8,58,,
580,entry,9,3,,
580,entry,10,69,,7
580,entry,13,46,,
580,entry,14,79,,
580,entry,15,18,,
580,entry,16,29,,5
580,entry,17,5,,
580,entry,18,4,,
580,entry,19,47,,8
580,entry,20,,37,
580,entry,24,90,,
580,entry,25,68,,
580,entry,26,14,,
580,entry,27,10,,
580,entry,28,17,,
580,entry,29,,73,
580,entry,30,80,,2 4
580,entry,35,26,,
580,entry,36,9,,
580,entry,37,28,,
580,entry,38,39,,
580,entry,39,15,,
580,entry,40,,64,
580,entry,46,6,,
580,entry,47,,82,
580,entry,48,7,,
580,entry,49,25,,6
580,entry,50,0,,
580,entry,57,,55,
580,entry,58,19,,1
580,entry,59,70,,3
580,entry,60,13,,
580,entry,68,24,,
580,entry,69,35,,
580,entry,70,37,,
580,entry,79,48,,
580,entry,80,2,,
580,entry,90,,28,
580,start,2,38,,
580,start,3,40,,
580,start,4,50,,
580,start,5,,19,
580,start,6,30,,
580,start,7,60,,
580,start,8,20,,
580,start,9,57,,
581,entry,0,50,,
581,entry,2,59,,
581,entry,3,16,,
581,entry,4,17,,
581,entry,5,8,,
581,entry,6,69,,
581,entry,7,7,,
581,entry,8,36,,
581,entry,9,90,,
581,entry,10,,37,2
581,entry,13,47,,
581,entry,14,24,,
581,entry,15,,55,
581,entry,16,79,,8
581,entry,17,,46,
581,entry,18,46,,
581,entry,19,80,,1
581,entry,20,58,,
581,entry,24,6,,
581,entry,25,10,,
581,entry,26,26,,
581,entry,27,4,,
581,entry,28,9,,7
581,entry,29,,64,
581,entry,30,20,,
581,entry,35,38,,
581,entry,36,29,,5
581,entry,37,14,,4
581,entry,38,15,,
581,entry,39,,82,
581,entry,40,30,,
581,entry,46,,73,
581,entry,47,25,,
581,entry,48,3,,
581,entry,49,48,,
581,entry,50,27,,
581,entry,57,18,,
581,entry,58,19,,
581,entry,59,,19,
581,entry,60,37,,
581,entry,68,35,,
581,entry,69,40,,
581,entry,70,68,,3
581,entry,79,57,,6
581,entry,80,49,,
581,entry,90,28,,
581,start,2,60,,
581,start,3,70,,
581,start,4,39,,
581,start,5,2,,
581,start,6,13,,
581,start,7,,28,
581,start,8,5,,
581,start,9,0,,
582,entry,0,,73,
582,entry,2,57,,
582,entry,3,16,,
582,entry,4,80,,
582,entry,5,37,,
582,entry,6,19,,
582,entry,7,,19,
582,entry,8,18,,
582,entry,9,15,,
582,entry,10,,37,
582,entry,13,17,,
582,entry,14,60,,2
582,entry,15,47,,
582,entry,16,29,,
582,entry,17,0,,
582,entry,18,2,,
582,entry,19,25,,
582,entry,20,79,,
582,entry,24,68,,
582,entry,25,,64,
582,entry,26,,46,
582,entry,27,10,,
582,entry,28,38,,
582,entry,29,,28,
582,entry,30,70,,
582,entry,35,7,,
582,entry,36,35,,
582,entry,37,20,,
582,entry,38,3,,4
582,entry,39,,82,
582,entry,40,5,,
582,entry,46,,55,
582,entry,47,46,,1
582,entry,48,48,,
582,entry,49,39,,
582,entry,50,9,,6
582,entry,57,26,,
582,entry,58,13,,
582,entry,59,90,,
582,entry,60,40,,
582,entry,68,14,,8
582,entry,69,69,,
582,entry,70,50,,3
582,entry,79,49,,7
582,entry,80,4,,
582,entry,90,36,,
582,start,2,28,,5
582,start,3,58,,
582,start,4,30,,
582,start,5,27,,
582,start,6,59,,
582,start,7,6,,
582,start,8,8,,
582,start,9,24,,
583,entry,0,26,,
583,entry,2,,46,
583,entry,3,35,,
583,entry,4,17,,
583,entry,5,60,,
583,entry,6,6,,
583,entry,7,40,,1
583,entry,8,10,,
583,entry,9,70,,
583,entry,10,,28,
583,entry,13,,55,
583,entry,14,28,,6
583,entry,15,9,,
583,entry,16,8,,
583,entry,17,16,,
583,entry,18,3,,3
583,entry,19,2,,2 4
583,entry,20,27,,
583,entry,24,25,,
583,entry,25,29,,
583,entry,26,18,,
583,entry,27,36,,
583,entry,28,68,,
583,entry,29,48,,5
583,entry,30,37,,
583,entry,35,39,,
583,entry,36,,64,
583,entry,37,46,,
583,entry,38,,37,
583,entry,39,,82,
583,entry,40,47,,8
583,entry,46,50,,
583,entry,47,24,,
583,entry,48,4,,
583,entry,49,7,,7
583,entry,50,,73,
583,entry,57,59,,
583,entry,58,80,,
583,entry,59,69,,
583,entry,60,19,,
583,entry,68,30,,
583,entry,69,79,,
583,entry,70,49,,
583,entry,79,0,,
583,entry,80,90,,
583,entry,90,,19,
583,start,2,5,,
583,start,3,38,,
583,start,4,58,,
583,start,5,15,,
583,start,6,14,,
583,start,7,13,,
583,start,8,20,,
583,start,9,57,,
584,entry,0,59,,
584,entry,2,49,,
584,entry,3,29,,
584,entry,4,,19,
584,entry,5,80,,
584,entry,6,30,,1
584,entry,7,27,,7
584,entry,8,68,,
584,entry,9,35,,
584,entry,10,28,,5
584,entry,13,39,,
584,entry,14,15,,
584,entry,15,13,,
584,entry,16,17,,
584,entry,17,3,,
584,entry,18,,28,6
584,entry,19,,55,
584,entry,20,10,,
584,entry,24,25,,
584,entry,25,,37,
584,entry,26,40,,
584,entry,27,38,,
584,entry,28,,64,
584,entry,29,18,,
584,entry,30,16,,
584,entry,35,48,,
584,entry,36,90,,
584,entry,37,,46,
584,entry,38,,82,3
584,entry,39,50,,4
584,entry,40,24,,
584,entry,46,70,,
584,entry,47,26,,
584,entry,48,60,,
584,entry,49,79,,8
584,entry,50,,73,
584,entry,57,36,,
584,entry,58,20,,
584,entry,59,58,,
584,entry,60,8,,
584,entry,68,47,,
584,entry,69,6,,
584,entry,70,19,,
584,entry,79,4,,
584,entry,80,37,,
584,entry,90,2,,2
584,start,2,7,,
584,start,3,9,,
584,start,4,14,,
584,start,5,69,,
584,start,6,57,,
584,start,7,46,,
584,start,8,5,,
584,start,9,0,,
585,entry,0,58,,
585,entry,2,17,,1 7
585,entry,3,18,,
585,entry,4,,64,
585,entry,5,90,,
585,entry,6,38,,
585,entry,7,60,,
585,entry,8,40,,
585,entry,9,49,,
585,entry,10,19,,
585,entry,13,28,,
585,entry,14,25,,2
585,entry,15,26,,
585,entry,16,48,,
585,entry,17,16,,
585,entry,18,50,,
585,entry,19,,19,
585,entry,20,30,,
585,entry,24,20,,
585,entry,25,36,,
585,entry,26,,37,
585,entry,27,,28,
585,entry,28,79,,
585,entry,29,2,,
585,entry,30,,46,
585,entry,35,46,,
585,entry,36,4,,
585,entry,37,3,,
585,entry,38,69,,
585,entry,39,7,,
585,entry,40,35,,
585,entry,46,80,,
585,entry,47,37,,
585,entry,48,47,,
585,entry,49,59,,
585,entry,50,,55,
585,entry,57,68,,5
585,entry,58,57,,4
585,entry,59,,73,
585,entry,60,6,,
585,entry,68,9,,6
585,entry,69,70,,
585,entry,70,13,,
585,entry,79,29,,
585,entry,80,5,,
585,entry,90,15,,3
585,start,2,14,,8
585,start,3,10,,
585,start,4,39,,
585,start,5,,82,
585,start,6,27,,
585,start,7,0,,
585,start,8,8,,
585,start,9,24,,
586,entry,0,,37,
586,entry,2,39,,
586,entry,3,90,,
586,entry,4,0,,
586,entry,5,,64,
586,entry,6,36,,
586,entry,7,,73,
586,entry,8,,28,
586,entry,9,29,,5
586,entry,10,19,,1
586,entry,13,4,,
586,entry,14,17,,
586,entry,15,15,,
586,entry,16,40,,
586,entry,17,16,,
586,entry,18,48,,
586,entry,19,14,,
586,entry,20,24,,
586,entry,24,27,,
586,entry,25,25,,6
586,entry,26,69,,
586,entry,27,80,,2 4
586,entry,28,49,,
586,entry,29,9,,
586,entry,30,,46,
586,entry,35,70,,3
586,entry,36,79,,
586,entry,37,13,,
586,entry,38,26,,
586,entry,39,,19,
586,entry,40,5,,
586,entry,46,46,,
586,entry,47,58,,
586,entry,48,3,,
586,entry,49,6,,
586,entry,50,68,,
586,entry,57,10,,
586,entry,58,37,,
586,entry,59,8,,
586,entry,60,28,,
586,entry,68,47,,8
586,entry,69,18,,
586,entry,70,,82,
586,entry,79,2,,
586,entry,80,35,,
586,entry,90,,55,
586,start,2,7,,
586,start,3,30,,
586,start,4,50,,
586,start,5,59,,
586,start,6,38,,7
586,start,7,60,,
586,start,8,20,,
586,start,9,57,,
587,entry,0,36,,
587,entry,2,10,,
587,entry,3,24,,
587,entry,4,18,,
587,entry,5,14,,
587,entry,6,79,,8
587,entry,7,,19,
587,entry,8,29,,
587,entry,9,,55,
587,entry,10,46,,
587,entry,13,9,,5
587,entry,14,15,,
587,entry,15,13,,
587,entry,16,3,,
587,entry,17,40,,
587,entry,18,28,,
587,entry,19,68,,2 7
587,entry,20,8,,
587,entry,24,,73,
587,entry,25,,37,4
587,entry,26,,82,
587,entry,27,57,,6
587,entry,28,90,,
587,entry,29,58,,
587,entry,30,38,,
587,entry,35,25,,
587,entry,36,35,,
587,entry,37,,46,
587,entry,38,27,,1
587,entry,39,20,,
587,entry,40,60,,
587,entry,46,47,,
587,entry,47,26,,
587,entry,48,16,,
587,entry,49,30,,
587,entry,50,4,,
587,entry,57,69,,
587,entry,58,59,,
587,entry,59,70,,
587,entry,60,,64,
587,entry,68,48,,
587,entry,69,80,,
587,entry,70,7,,
587,entry,79,49,,3
587,entry,80,17,,
587,entry,90,39,,
587,start,2,6,,
587,start,3,50,,
587,start,4,19,,
587,start,5,2,,
587,start,6,37,,
587,start,7,,28,
587,start,8,5,,
587,start,9,0,,
588,entry,0,4,,
588,entry,2,59,,
588,entry,3,,82,
588,entry,4,27,,
588,entry,5,2,,
588,entry,6,10,,
588,entry,7,13,,7
588,entry,8,,37,
588,entry,9,79,,
588,entry,10,14,,8
588,entry,13,49,,
588,entry,14,57,,
588,entry,15,,28,1
588,entry,16,47,,
588,entry,17,18,,
588,entry,18,38,,
588,entry,19,,64,
588,entry,20,70,,
588,entry,24,,73,
588,entry,25,16,,
588,entry,26,15,,
588,entry,27,,55,
588,entry,28,6,,
588,entry,29,7,,
588,entry,30,60,,2
588,entry,35,17,,
588,entry,36,25,,
588,entry,37,35,,
588,entry,38,90,,
588,entry,39,,19,6
588,entry,40,68,,
588,entry,46,26,,
588,entry,47,0,,4
588,entry,48,3,,
588,entry,49,40,,
588,entry,50,19,,
588,entry,57,48,,
588,entry,58,5,,
588,entry,59,50,,3
588,entry,60,29,,
588,entry,68,37,,
588,entry,69,46,,
588,entry,70,69,,
588,entry,79,36,,
588,entry,80,80,,
588,entry,90,20,,
588,start,2,28,,5
588,start,3,58,,
588,start,4,30,,
588,start,5,39,,
588,start,6,,46,
588,start,7,9,,
588,start,8,8,,
588,start,9,24,,
589,entry,0,49,,5
589,entry,2,13,,2 4
589,entry,3,38,,
589,entry,4,19,,
589,entry,5,3,,
589,entry,6,35,,
589,entry,7,58,,
589,entry,8,0,,
589,entry,9,36,,
589,entry,10,48,,
589,entry,13,7,,
589,entry,14,79,,
589,entry,15,,82,
589,entry,16,,55,
589,entry,17,29,,
589,entry,18,6,,
589,entry,19,17,,
589,entry,20,90,,
589,entry,24,,73,
589,entry,25,9,,
589,entry,26,,46,
589,entry,27,39,,
589,entry,28,8,,
589,entry,29,,19,
589,entry,30,37,,7
589,entry,35,,64,
589,entry,36,70,,
589,entry,37,47,,8
589,entry,38,18,,
589,entry,39,2,,1
589,entry,40,30,,
589,entry,46,,28,
589,entry,47,28,,6
589,entry,48,10,,
589,entry,49,46,,
589,entry,50,40,,
589,entry,57,25,,
589,entry,58,50,,
589,entry,59,80,,
589,entry,60,,37,
589,entry,68,60,,
589,entry,69,14,,
589,entry,70,4,,3
589,entry,79,24,,
589,entry,80,69,,
589,entry,90,26,,
589,start,2,5,,
589,start,3,68,,
589,start,4,59,,
589,start,5,15,,
589,start,6,27,,
589,start,7,16,,
589,start,8,20,,
589,start,9,57,,
590,entry,0,26,,
590,entry,2,38,,
590,entry,3,59,,
590,entry,4,14,,
590,entry,5,15,,
590,entry,6,4,,4
590,entry,7,60,,
590,entry,8,18,,
590,entry,9,68,,
590,entry,10,36,,
590,entry,13,39,,
590,entry,14,20,,
590,entry,15,,28,6
590,entry,16,10,,
590,entry,17,49,,
590,entry,18,28,,5
590,entry,19,48,,
590,entry,20,46,,
590,entry,24,47,,
590,entry,25,7,,
590,entry,26,58,,
590,entry,27,2,,2
590,entry,28,50,,
590,entry,29,,19,
590,entry,30,30,,1
590,entry,35,25,,3
590,entry,36,6,,
590,entry,37,35,,
590,entry,38,16,,
590,entry,39,69,,
590,entry,40,27,,
590,entry,46,37,,7
590,entry,47,,55,
590,entry,48,,46,
590,entry,49,29,,
590,entry,50,40,,
590,entry,57,,37,
590,entry,58,80,,
590,entry,59,57,,
590,entry,60,90,,
590,entry,68,13,,
590,entry,69,,73,
590,entry,70,,82,
590,entry,79,8,,
590,entry,80,9,,
590,entry,90,3,,
590,start,2,17,,
590,start,3,19,,
590,start,4,24,,
590,start,5,79,,8
590,start,6,70,,
590,start,7,,64,
590,start,8,5,,
590,start,9,0,,
591,entry,0,,82,
591,entry,2,,73,
591,entry,3,60,,
591,entry,4,28,,
591,entry,5,48,,
591,entry,6,46,,
591,entry,7,59,,
591,entry,8,69,,
591,entry,9,26,,
591,entry,10,9,,
591,entry,13,30,,
591,entry,14,39,,1 7
591,entry,15,25,,2
591,entry,16,,64,
591,entry,17,68,,5
591,entry,18,80,,4
591,entry,19,90,,
591,entry,20,19,,
591,entry,24,50,,
591,entry,25,20,,
591,entry,26,7,,
591,entry,27,3,,
591,entry,28,2,,6
591,entry,29,70,,
591,entry,30,79,,
591,entry,35,18,,
591,entry,36,49,,
591,entry,37,40,,
591,entry,38,57,,
591,entry,39,27,,
591,entry,40,5,,
591,entry,46,38,,
591,entry,47,4,,
591,entry,48,29,,
591,entry,49,37,,
591,entry,50,15,,3
591,entry,57,14,,8
591,entry,58,16,,
591,entry,59,47,,
591,entry,60,,37,
591,entry,68,17,,
591,entry,69,35,,
591,entry,70,,55,
591,entry,79,36,,
591,entry,80,6,,
591,entry,90,58,,
591,start,2,,46,
591,start,3,10,,
591,start,4,13,,
591,start,5,,19,
591,start,6,,28,
591,start,7,0,,
591,start,8,8,,
591,start,9,24,,
592,entry,0,2,,
592,entry,2,70,,3
592,entry,3,15,,
592,entry,4,,19,
592,entry,5,,64,
592,entry,6,17,,
592,entry,7,3,,
592,entry,8,9,,
592,entry,9,5,,
592,entry,10,0,,
592,entry,13,25,,6
592,entry,14,59,,
592,entry,15,49,,
592,entry,16,27,,
592,entry,17,4,,
592,entry,18,47,,8
592,entry,19,,37,
592,entry,20,10,,
592,entry,24,69,,
592,entry,25,18,,
592,entry,26,80,,2 4
592,entry,27,68,,
592,entry,28,,73,
592,entry,29,28,,
592,entry,30,37,,
592,entry,35,90,,
592,entry,36,46,,
592,entry,37,36,,
592,entry,38,38,,
592,entry,39,,82,
592,entry,40,,55,
592,entry,46,13,,
592,entry,47,58,,
592,entry,48,48,,
592,entry,49,,28,7
592,entry,50,39,,
592,entry,57,7,,
592,entry,58,40,,
592,entry,59,30,,
592,entry,60,35,,
592,entry,68,26,,
592,entry,69,29,,5
592,entry,70,19,,1
592,entry,79,14,,
592,entry,80,24,,
592,entry,90,,46,
592,start,2,79,,
592,start,3,8,,
592,start,4,50,,
592,start,5,16,,
592,start,6,6,,
592,start,7,60,,
592,start,8,20,,
592,start,9,57,,
593,entry,0,3,,
593,entry,2,80,,7
593,entry,3,49,,
593,entry,4,40,,
593,entry,5,,64,
593,entry,6,50,,3
593,entry,7,27,,2
593,entry,8,69,,
593,entry,9,,46,
593,entry,10,13,,
593,entry,13,70,,
593,entry,14,57,,6
593,entry,15,60,,
593,entry,16,14,,
593,entry,17,58,,
593,entry,18,9,,
593,entry,19,29,,
593,entry,20,35,,
593,entry,24,39,,
593,entry,25,48,,
593,entry,26,28,,
593,entry,27,20,,
593,entry,28,,55,
593,entry,29,,37,5
593,entry,30,59,,
593,entry,35,,19,
593,entry,36,90,,
593,entry,37,30,,
593,entry,38,6,,
593,entry,39,15,,
593,entry,40,19,,
593,entry,46,47,,1
593,entry,47,79,,8
593,entry,48,16,,
593,entry,49,,73,
593,entry,50,68,,
593,entry,57,10,,
593,entry,58,24,,
593,entry,59,8,,
593,entry,60,,82,4
593,entry,68,36,,
593,entry,69,26,,
593,entry,70,25,,
593,entry,79,38,,
593,entry,80,18,,
593,entry,90,37,,
593,start,2,46,,
593,start,3,7,,
593,start,4,4,,
593,start,5,2,,
593,start,6,17,,
593,start,7,,28,
593,start,8,5,,
593,start,9,0,,
594,entry,0,,82,
594,entry,2,27,,
594,entry,3,16,,
594,entry,4,,19,
594,entry,5,5,,
594,entry,6,3,,4
594,entry,7,,55,
594,entry,8,10,,
594,entry,9,29,,
594,entry,10,9,,
594,entry,13,17,,
594,entry,14,38,,
594,entry,15,15,,
594,entry,16,48,,
594,entry,17,,46,
594,entry,18,36,,
594,entry,19,0,,
594,entry,20,59,,
594,entry,24,14,,8
594,entry,25,25,,
594,entry,26,13,,
594,entry,27,90,,7
594,entry,28,,64,
594,entry,29,79,,
594,entry,30,69,,
594,entry,35,26,,1
594,entry,36,6,,
594,entry,37,18,,
594,entry,38,7,,
594,entry,39,20,,
594,entry,40,35,,
594,entry,46,70,,
594,entry,47,,37,
594,entry,48,4,,
594,entry,49,46,,
594,entry,50,60,,2
594,entry,57,,28,
594,entry,58,39,,
594,entry,59,49,,6
594,entry,60,68,,
594,entry,68,80,,
594,entry,69,40,,
594,entry,70,47,,
594,entry,79,50,,3
594,entry,80,57,,
594,entry,90,19,,
594,start,2,28,,5
594,start,3,58,,
594,start,4,30,,
594,start,5,,73,
594,start,6,2,,
594,start,7,37,,
594,start,8,8,,
594,start,9,24,,
595,entry,0,29,,
595,entry,2,14,,
595,entry,3,50,,
595,entry,4,8,,
595,entry,5,26,,
595,entry,6,30,,
595,entry,7,0,,
595,entry,8,59,,7
595,entry,9,48,,
595,entry,10,39,,
595,entry,13,60,,
595,entry,14,18,,
595,entry,15,24,,
595,entry,16,,64,
595,entry,17,10,,
595,entry,18,7,,2 4
595,entry,19,58,,
595,entry,20,69,,
595,entry,24,36,,
595,entry,25,,37,
595,entry,26,,82,1
595,entry,27,27,,3
595,entry,28,2,,5
595,entry,29,68,,
595,entry,30,28,,6
595,entry,35,6,,
595,entry,36,38,,
595,entry,37,3,,
595,entry,38,80,,
595,entry,39,49,,
595,entry,40,25,,
595,entry,46,16,,
595,entry,47,47,,8
595,entry,48,46,,
595,entry,49,19,,
595,entry,50,35,,
595,entry,57,,73,
595,entry,58,17,,
595,entry,59,13,,
595,entry,60,,55,
595,entry,68,79,,
595,entry,69,90,,
595,entry,70,,46,
595,entry,79,70,,
595,entry,80,4,,
595,entry,90,9,,
595,start,2,5,,
595,start,3,,19,
595,start,4,,28,
595,start,5,15,,
595,start,6,40,,
595,start,7,37,,
595,start,8,20,,
595,start,9,57,,
596,entry,0,26,,7
596,entry,2,,55,
596,entry,3,2,,2
596,entry,4,36,,
596,entry,5,29,,
596,entry,6,69,,
596,entry,7,68,,
596,entry,8,,37,
596,entry,9,25,,
596,entry,10,15,,4
596,entry,13,35,,
596,entry,14,46,,
596,entry,15,16,,
596,entry,16,79,,8
596,entry,17,,82,
596,entry,18,30,,1
596,entry,19,20,,
596,entry,20,19,,
596,entry,24,18,,
596,entry,25,70,,
596,entry,26,10,,
596,entry,27,48,,
596,entry,28,,46,
596,entry,29,47,,
596,entry,30,58,,
596,entry,35,3,,
596,entry,36,50,,
596,entry,37,,19,
596,entry,38,40,,
596,entry,39,39,,
596,entry,40,6,,
596,entry,46,28,,5
596,entry,47,49,,
596,entry,48,90,,
596,entry,49,8,,
596,entry,50,17,,
596,entry,57,59,,
596,entry,58,27,,
596,entry,59,38,,
596,entry,60,57,,
596,entry,68,37,,
596,entry,69,80,,
596,entry,70,,28,6
596,entry,79,13,,
596,entry,80,14,,
596,entry,90,,73,3
596,start,2,24,,
596,start,3,7,,
596,start,4,60,,
596,start,5,9,,
596,start,6,,64,
596,start,7,4,,
596,start,8,5,,
596,start,9,0,,
597,entry,0,2,,
597,entry,2,,19,
597,entry,3,79,,
597,entry,4,27,,
597,entry,5,13,,
597,entry,6,,82,
597,entry,7,39,,
597,entry,8,60,,
597,entry,9,38,,
597,entry,10,17,,
597,entry,13,,55,
597,entry,14,37,,4
597,entry,15,,37,
597,entry,16,36,,
597,entry,17,5,,
597,entry,18,,28,
597,entry,19,48,,
597,entry,20,68,,5
597,entry,24,,73,6
597,entry,25,26,,
597,entry,26,47,,
597,entry,27,15,,3
597,entry,28,30,,
597,entry,29,58,,
597,entry,30,40,,
597,entry,35,46,,
597,entry,36,70,,
597,entry,37,29,,
597,entry,38,4,,
597,entry,39,25,,2
597,entry,40,50,,
597,entry,46,3,,
597,entry,47,80,,
597,entry,48,14,,8
597,entry,49,20,,
597,entry,50,49,,
597,entry,57,90,,
597,entry,58,,46,
597,entry,59,18,,
597,entry,60,59,,
597,entry,68,35,,
597,entry,69,28,,
597,entry,70,,64,
597,entry,79,6,,1 7
597,entry,80,7,,
597,entry,90,16,,
597,start,2,69,,
597,start,3,10,,
597,start,4,19,,
597,start,5,57,,
597,start,6,9,,
597,start,7,0,,
597,start,8,8,,
597,start,9,24,,
598,entry,0,5,,
598,entry,2,,46,
598,entry,3,19,,1
598,entry,4,6,,
598,entry,5,,64,
598,entry,6,48,,
598,entry,7,,19,
598,entry,8,47,,8
598,entry,9,79,,
598,entry,10,2,,
598,entry,13,24,,
598,entry,14,39,,
598,entry,15,49,,
598,entry,16,58,,
598,entry,17,16,,
598,entry,18,30,,
598,entry,19,0,,
598,entry,20,28,,
598,entry,24,36,,
598,entry,25,59,,
598,entry,26,15,,
598,entry,27,38,,
598,entry,28,40,,
598,entry,29,10,,7
598,entry,30,,82,
598,entry,35,18,,
598,entry,36,25,,6
598,entry,37,35,,
598,entry,38,13,,
598,entry,39,27,,
598,entry,40,7,,
598,entry,46,70,,3
598,entry,47,,55,
598,entry,48,8,,
598,entry,49,37,,
598,entry,50,17,,
598,entry,57,46,,
598,entry,58,80,,2 4
598,entry,59,90,,
598,entry,60,29,,5
598,entry,68,26,,
598,entry,69,,28,
598,entry,70,14,,
598,entry,79,,73,
598,entry,80,9,,
598,entry,90,69,,
598,start,2,68,,
598,start,3,4,,
598,start,4,50,,
598,start,5,3,,
598,start,6,,37,
598,start,7,60,,
598,start,8,20,,
598,start,9,57,,
599,entry,0,18,,
599,entry,2,25,,
599,entry,3,14,,
599,entry,4,35,,
599,entry,5,47,,
599,entry,6,,19,
599,entry,7,28,,
599,entry,8,58,,
599,entry,9,,73,
599,entry,10,27,,
599,entry,13,24,,4
599,entry,14,15,,
599,entry,15,13,,
599,entry,16,40,,
599,entry,17,90,,
599,entry,18,20,,
599,entry,19,,46,
599,entry,20,37,,
599,entry,24,26,,
599,entry,25,3,,
599,entry,26,57,,6
599,entry,27,70,,1
599,entry,28,30,,
599,entry,29,10,,
599,entry,30,36,,
599,entry,35,29,,
599,entry,36,46,,
599,entry,37,19,,7
599,entry,38,8,,
599,entry,39,50,,
599,entry,40,39,,5
599,entry,46,,64,
599,entry,47,16,,
599,entry,48,,55,
599,entry,49,60,,
599,entry,50,,37,
599,entry,57,48,,
599,entry,58,6,,3
599,entry,59,69,,
599,entry,60,4,,
599,entry,68,59,,
599,entry,69,,82,
599,entry,70,79,,8
599,entry,79,17,,2
599,entry,80,68,,
599,entry,90,38,,
599,start,2,9,,
599,start,3,80,,
599,start,4,49,,
599,start,5,2,,
599,start,6,7,,
599,start,7,,28,
599,start,8,5,,
599,start,9,0,,
600,entry,0,57,,
600,entry,2,37,,
600,entry,3,27,,4
600,entry,4,18,,
600,entry,5,13,,
600,entry,6,36,,
600,entry,7,5,,
600,entry,8,68,,
600,entry,9,,82,
600,entry,10,0,,
600,entry,13,48,,
600,entry,14,6,,
600,entry,15,,55,
600,entry,16,25,,
600,entry,17,15,,
600,entry,18,29,,
600,entry,19,9,,
600,entry,20,10,,
600,entry,24,17,,
600,entry,25,,46,
600,entry,26,26,,
600,entry,27,2,,6
600,entry,28,39,,
600,entry,29,59,,
600,entry,30,20,,
600,entry,35,,37,7
600,entry,36,16,,
600,entry,37,40,,
600,entry,38,80,,
600,entry,39,69,,
600,entry,40,46,,
600,entry,46,,19,
600,entry,47,50,,3
600,entry,48,90,,
600,entry,49,7,,
600,entry,50,,64,1
600,entry,57,70,,
600,entry,58,47,,
600,entry,59,4,,
600,entry,60,,28,
600,entry,68,79,,
600,entry,69,35,,
600,entry,70,3,,
600,entry,79,60,,2
600,entry,80,14,,8
600,entry,90,,73,
600,start,2,28,,5
600,start,3,58,,
600,start,4,30,,
600,start,5,49,,
600,start,6,38,,
600,start,7,19,,
600,start,8,8,,
600,start,9,24,,
601,entry,0,9,,
601,entry,2,37,,
601,entry,3,4,,
601,entry,4,17,,
601,entry,5,,19,
601,entry,6,28,,6
601,entry,7,50,,
601,entry,8,70,,
601,entry,9,,37,
601,entry,10,27,,2 4
601,entry,13,40,,
601,entry,14,,82,
601,entry,15,46,,
601,entry,16,25,,
601,entry,17,60,,
601,entry,18,24,,
601,entry,19,38,,
601,entry,20,3,,5
601,entry,24,19,,
601,entry,25,,64,
601,entry,26,35,,
601,entry,27,90,,
601,entry,28,16,,
601,entry,29,48,,
601,entry,30,10,,
601,entry,35,7,,
601,entry,36,,55,
601,entry,37,29,,
601,entry,38,6,,
601,entry,39,68,,
601,entry,40,14,,
601,entry,46,,46,
601,entry,47,39,,
601,entry,48,8,,
601,entry,49,26,,
601,entry,50,59,,
601,entry,57,0,,
601,entry,58,18,,
601,entry,59,36,,1
601,entry,60,69,,
601,entry,68,80,,
601,entry,69,58,,
601,entry,70,79,,7
601,entry,79,2,,
601,entry,80,30,,
601,entry,90,47,,3 8
601,start,2,5,,
601,start,3,,28,
601,start,4,13,,
601,start,5,15,,
601,start,6,49,,
601,start,7,,73,
601,start,8,20,,
601,start,9,57,,
602,entry,0,4,,
602,entry,2,37,,
602,entry,3,,82,
602,entry,4,,64,
602,entry,5,7,,
602,entry,6,48,,
602,entry,7,40,,
602,entry,8,26,,
602,entry,9,24,,
602,entry,10,2,,2
602,entry,13,9,,
602,entry,14,16,,
602,entry,15,17,,
602,entry,16,,19,
602,entry,17,90,,
602,entry,18,38,,
602,entry,19,,28,6
602,entry,20,35,,
602,entry,24,29,,
602,entry,25,27,,
602,entry,26,,73,
602,entry,27,70,,
602,entry,28,39,,
602,entry,29,79,,8
602,entry,30,,55,
602,entry,35,28,,5
602,entry,36,8,,
602,entry,37,60,,7
602,entry,38,49,,
602,entry,39,,46,3
602,entry,40,80,,
602,entry,46,18,,
602,entry,47,15,,
602,entry,48,59,,
602,entry,49,3,,
602,entry,50,13,,4
602,entry,57,25,,
602,entry,58,30,,1
602,entry,59,20,,
602,entry,60,46,,
602,entry,68,50,,
602,entry,69,47,,
602,entry,70,58,,
602,entry,79,57,,
602,entry,80,6,,
602,entry,90,14,,
602,start,2,10,,
602,start,3,,37,
602,start,4,19,,
602,start,5,36,,
602,start,6,68,,
602,start,7,69,,
602,start,8,5,,
602,start,9,0,,
603,entry,0,7,,
603,entry,2,,64,
603,entry,3,,28,
603,entry,4,80,,
603,entry,5,37,,6
603,entry,6,26,,
603,entry,7,,19,
603,entry,8,4,,
603,entry,9,28,,
603,entry,10,47,,
603,entry,13,79,,
603,entry,14,,55,
603,entry,15,36,,
603,entry,16,38,,
603,entry,17,48,,
603,entry,18,46,,
603,entry,19,,46,1 7
603,entry,20,57,,
603,entry,24,68,,5
603,entry,25,14,,8
603,entry,26,58,,
603,entry,27,17,,
603,entry,28,5,,
603,entry,29,9,,
603,entry,30,40,,
603,entry,35,69,,
603,entry,36,6,,
603,entry,37,70,,
603,entry,38,15,,3
603,entry,39,19,,
603,entry,40,50,,
603,entry,46,16,,4
603,entry,47,29,,
603,entry,48,,82,
603,entry,49,30,,
603,entry,50,60,,
603,entry,57,39,,
603,entry,58,49,,
603,entry,59,3,,
603,entry,60,90,,
603,entry,68,59,,
603,entry,69,13,,
603,entry,70,25,,2
603,entry,79,,37,
603,entry,80,20,,
603,entry,90,18,,
603,start,2,35,,
603,start,3,10,,
603,start,4,,73,
603,start,5,27,,
603,start,6,2,,
603,start,7,0,,
603,start,8,8,,
603,start,9,24,,
604,entry,0,13,,
604,entry,2,3,,
604,entry,3,27,,
604,entry,4,9,,
604,entry,5,30,,
604,entry,6,,46,
604,entry,7,,64,
604,entry,8,48,,
604,entry,9,35,,
604,entry,10,10,,
604,entry,13,37,,
604,entry,14,7,,
604,entry,15,40,,
604,entry,16,5,,
604,entry,17,36,,
604,entry,18,15,,
604,entry,19,90,,
604,entry,20,2,,
604,entry,24,17,,
604,entry,25,29,,5
604,entry,26,,19,
604,entry,27,39,,
604,entry,28,25,,6
604,entry,29,4,,
604,entry,30,47,,8
604,entry,35,14,,
604,entry,36,28,,
604,entry,37,,55,
604,entry,38,70,,3
604,entry,39,,73,
604,entry,40,,37,
604,entry,46,,82,
604,entry,47,19,,1
604,entry,48,0,,7
604,entry,49,59,,
604,entry,50,16,,
604,entry,57,24,,
604,entry,58,68,,
604,entry,59,69,,
604,entry,60,26,,
604,entry,68,49,,
604,entry,69,79,,
604,entry,70,6,,
604,entry,79,38,,
604,entry,80,46,,
604,entry,90,80,,2 4
604,start,2,58,,
604,start,3,18,,
604,start,4,50,,
604,start,5,,28,
604,start,6,8,,
604,start,7,60,,
604,start,8,20,,
604,start,9,57,,
605,entry,0,,46,
605,entry,2,24,,
605,entry,3,25,,
605,entry,4,50,,
605,entry,5,3,,
605,entry,6,57,,6
605,entry,7,,37,1
605,entry,8,30,,
605,entry,9,9,,
605,entry,10,60,,
605,entry,13,18,,
605,entry,14,69,,
605,entry,15,46,,
605,entry,16,70,,
605,entry,17,,73,
605,entry,18,6,,
605,entry,19,19,,
605,entry,20,,64,5
605,entry,24,79,,4 8
605,entry,25,35,,
605,entry,26,80,,
605,entry,27,39,,
605,entry,28,16,,
605,entry,29,13,,
605,entry,30,37,,
605,entry,35,8,,
605,entry,36,49,,
605,entry,37,48,,
605,entry,38,47,,3
605,entry,39,27,,
605,entry,40,68,,
605,entry,46,59,,
605,entry,47,,19,
605,entry,48,17,,
605,entry,49,36,,7
605,entry,50,,82,
605,entry,57,40,,
605,entry,58,28,,
605,entry,59,14,,2
605,entry,60,26,,
605,entry,68,90,,
605,entry,69,58,,
605,entry,70,38,,
605,entry,79,20,,
605,entry,80,,55,
605,entry,90,10,,
605,start,2,15,,
605,start,3,29,,
605,start,4,7,,
605,start,5,2,,
605,start,6,4,,
605,start,7,,28,
605,start,8,5,,
605,start,9,0,,
606,entry,0,,55,
606,entry,2,35,,
606,entry,3,60,,2
606,entry,4,20,,
606,entry,5,4,,
606,entry,6,10,,1
606,entry,7,38,,
606,entry,8,,73,
606,entry,9,2,,
606,entry,10,27,,
606,entry,13,68,,
606,entry,14,46,,
606,entry,15,14,,8
606,entry,16,15,,
606,entry,17,13,,
606,entry,18,19,,7
606,entry,19,36,,
606,entry,20,37,,
606,entry,24,,82,
606,entry,25,16,,
606,entry,26,25,,
606,entry,27,49,,
606,entry,28,18,,
606,entry,29,70,,
606,entry,30,,19,
606,entry,35,17,,
606,entry,36,26,,
606,entry,37,59,,
606,entry,38,80,,
606,entry,39,5,,
606,entry,40,79,,
606,entry,46,,37,
606,entry,47,69,,
606,entry,48,7,,
606,entry,49,90,,
606,entry,50,,28,
606,entry,57,0,,
606,entry,58,29,,4
606,entry,59,47,,
606,entry,60,3,,
606,entry,68,48,,
606,entry,69,9,,
606,entry,70,57,,6
606,entry,79,39,,
606,entry,80,40,,
606,entry,90,50,,3
606,start,2,28,,5
606,start,3,58,,
606,start,4,30,,
606,start,5,6,,
606,start,6,,64,
606,start,7,,46,
606,start,8,8,,
606,start,9,24,,
607,entry,0,4,,
607,entry,2,27,,1
607,entry,3,69,,
607,entry,4,58,,
607,entry,5,10,,
607,entry,6,,19,2 4
607,entry,7,14,,
607,entry,8,,55,
607,entry,9,60,,
607,entry,10,,64,7
607,entry,13,17,,
607,entry,14,13,,
607,entry,15,90,,
607,entry,16,38,,5
607,entry,17,19,,
607,entry,18,,46,
607,entry,19,36,,
607,entry,20,30,,
607,entry,24,,37,
607,entry,25,,82,
607,entry,26,26,,
607,entry,27,68,,
607,entry,28,46,,
607,entry,29,29,,
607,entry,30,24,,
607,entry,35,,28,3
607,entry,36,2,,
607,entry,37,9,,
607,entry,38,37,,
607,entry,39,39,,
607,entry,40,49,,
607,entry,46,0,,
607,entry,47,16,,
607,entry,48,47,,8
607,entry,49,7,,
607,entry,50,6,,
607,entry,57,59,,
607,entry,58,70,,
607,entry,59,28,,6
607,entry,60,8,,
607,entry,68,80,,
607,entry,69,25,,
607,entry,70,18,,
607,entry,79,35,,
607,entry,80,40,,
607,entry,90,50,,
607,start,2,5,,
607,start,3,,73,
607,start,4,48,,
607,start,5,15,,
607,start,6,79,,
607,start,7,3,,
607,start,8,20,,
607,start,9,57,,
608,entry,0,60,,
608,entry,2,50,,
608,entry,3,38,,
608,entry,4,47,,
608,entry,5,80,,
608,entry,6,58,,
608,entry,7,2,,2
608,entry,8,68,,
608,entry,9,,19,
608,entry,10,30,,1
608,entry,13,10,,
608,entry,14,36,,
608,entry,15,,64,3
608,entry,16,6,,
608,entry,17,35,,
608,entry,18,16,,
608,entry,19,57,,
608,entry,20,,37,
608,entry,24,7,,
608,entry,25,,46,
608,entry,26,25,,
608,entry,27,,55,
608,entry,28,79,,8
608,entry,29,,73,
608,entry,30,40,,
608,entry,35,20,,
608,entry,36,46,,
608,entry,37,59,,
608,entry,38,39,,
608,entry,39,8,,
608,entry,40,90,,
608,entry,46,,28,6
608,entry,47,24,,4
608,entry,48,49,,
608,entry,49,18,,
608,entry,50,3,,
608,entry,57,37,,
608,entry,58,19,,
608,entry,59,,82,
608,entry,60,14,,
608,entry,68,17,,
608,entry,69,9,,
608,entry,70,4,,7
608,entry,79,28,,5
608,entry,80,15,,
608,entry,90,48,,
608,start,2,13,,
608,start,3,26,,
608,start,4,69,,
608,start,5,27,,
608,start,6,29,,
608,start,7,70,,
608,start,8,5,,
608,start,9,0,,
609,entry,0,14,,6 8
609,entry,2,13,,4
609,entry,3,27,,
609,entry,4,50,,
609,entry,5,17,,
609,entry,6,15,,3
609,entry,7,49,,
609,entry,8,20,,
609,entry,9,39,,
609,entry,10,9,,
609,entry,13,3,,
609,entry,14,60,,
609,entry,15,,37,
609,entry,16,6,,
609,entry,17,59,,
609,entry,18,18,,
609,entry,19,37,,
609,entry,20,90,,
609,entry,24,16,,
609,entry,25,70,,
609,entry,26,47,,
609,entry,27,69,,
609,entry,28,28,,
609,entry,29,26,,
609,entry,30,,73,
609,entry,35,40,,
609,entry,36,57,,
609,entry,37,80,,
609,entry,38,,19,1 7
609,entry,39,36,,
609,entry,40,,82,
609,entry,46,2,,
609,entry,47,19,,
609,entry,48,,46,
609,entry,49,46,,
609,entry,50,,28,
609,entry,57,5,,
609,entry,58,35,,
609,entry,59,,64,
609,entry,60,68,,5
609,entry,68,30,,
609,entry,69,7,,
609,entry,70,48,,
609,entry,79,25,,2
609,entry,80,58,,
609,entry,90,29,,
609,start,2,79,,
609,start,3,10,,
609,start,4,,55,
609,start,5,4,,
609,start,6,38,,
609,start,7,0,,
609,start,8,8,,
609,start,9,24,,
610,entry,0,29,,5
610,entry,2,6,,
610,entry,3,,82,
610,entry,4,5,,
610,entry,5,3,,
610,entry,6,90,,
610,entry,7,79,,
610,entry,8,,28,
610,entry,9,26,,
610,entry,10,14,,
610,entry,13,37,,
610,entry,14,16,,
610,entry,15,19,,1
610,entry,16,,19,
610,entry,17,0,,
610,entry,18,4,,
610,entry,19,59,,
610,entry,20,9,,
610,entry,24,28,,
610,entry,25,24,,
610,entry,26,40,,
610,entry,27,15,,
610,entry,28,17,,
610,entry,29,2,,
610,entry,30,46,,
610,entry,35,,46,
610,entry,36,13,,7
610,entry,37,25,,6
610,entry,38,69,,
610,entry,39,,55,
610,entry,40,,64,
610,entry,46,39,,
610,entry,47,70,,3
610,entry,48,58,,
610,entry,49,47,,8
610,entry,50,7,,
610,entry,57,27,,
610,entry,58,68,,
610,entry,59,,73,
610,entry,60,35,,
610,entry,68,49,,
610,entry,69,30,,
610,entry,70,8,,
610,entry,79,80,,2 4
610,entry,80,18,,
610,entry,90,,37,
610,start,2,10,,
610,start,3,48,,
610,start,4,50,,
610,start,5,36,,
610,start,6,38,,
610,start,7,60,,
610,start,8,20,,
610,start,9,57,,
611,entry,0,6,,
611,entry,2,,55,
611,entry,3,36,,
611,entry,4,50,,
611,entry,5,59,,5
611,entry,6,25,,
611,entry,7,49,,
611,entry,8,40,,
611,entry,9,79,,8
611,entry,10,10,,
611,entry,13,8,,
611,entry,14,38,,
611,entry,15,39,,7
611,entry,16,18,,
611,entry,17,35,,
611,entry,18,57,,6
611,entry,19,28,,
611,entry,20,60,,
611,entry,24,27,,
611,entry,25,15,,
611,entry,26,14,,
611,entry,27,13,,
611,entry,28,7,,
611,entry,29,90,,
611,entry,30,4,,2
611,entry,35,,73,
611,entry,36,24,,
611,entry,37,46,,
611,entry,38,17,,
611,entry,39,16,,1
611,entry,40,58,,
611,entry,46,,64,
611,entry,47,,46,
611,entry,48,19,,
611,entry,49,80,,
611,entry,50,20,,
611,entry,57,26,,4
611,entry,58,29,,
611,entry,59,9,,
611,entry,60,30,,
611,entry,68,3,,
611,entry,69,48,,
611,entry,70,37,,
611,entry,79,,19,
611,entry,80,68,,
611,entry,90,,82,3
611,start,2,70,,
611,start,3,,37,
611,start,4,69,,
611,start,5,2,,
611,start,6,47,,
611,start,7,,28,
611,start,8,5,,
611,start,9,0,,
612,entry,0,46,,
612,entry,2,20,,
612,entry,3,70,,
612,entry,4,4,,
612,entry,5,2,,
612,entry,6,39,,
612,entry,7,19,,6
612,entry,8,27,,
612,entry,9,47,,
612,entry,10,,64,
612,entry,13,,46,
612,entry,14,14,,4 8
612,entry,15,59,,7
612,entry,16,3,,
612,entry,17,40,,
612,entry,18,,73,
612,entry,19,57,,
612,entry,20,7,,
612,entry,24,48,,
612,entry,25,18,,
612,entry,26,9,,
612,entry,27,50,,3
612,entry,28,,82,
612,entry,29,38,,
612,entry,30,69,,1
612,entry,35,,28,
612,entry,36,49,,
612,entry,37,15,,
612,entry,38,5,,
612,entry,39,13,,
612,entry,40,80,,
612,entry,46,10,,
612,entry,47,36,,
612,entry,48,79,,
612,entry,49,0,,
612,entry,50,90,,
612,entry,57,29,,
612,entry,58,25,,
612,entry,59,60,,2
612,entry,60,,19,
612,entry,68,26,,
612,entry,69,68,,
612,entry,70,35,,
612,entry,79,17,,
612,entry,80,,55,
612,entry,90,6,,
612,start,2,28,,5
612,start,3,58,,
612,start,4,30,,
612,start,5,37,,
612,start,6,,37,
612,start,7,16,,
612,start,8,8,,
612,start,9,24,,
613,entry,0,13,,
613,entry,2,24,,
613,entry,3,69,,
613,entry,4,70,,
613,entry,5,,28,
613,entry,6,9,,
613,entry,7,49,,7
613,entry,8,,37,
613,entry,9,59,,
613,entry,10,6,,
613,entry,13,79,,
613,entry,14,80,,1
613,entry,15,37,,
613,entry,16,38,,
613,entry,17,36,,
613,entry,18,4,,
613,entry,19,28,,6
613,entry,20,8,,
613,entry,24,,73,
613,entry,25,47,,8
613,entry,26,48,,
613,entry,27,,64,2 4
613,entry,28,16,,
613,entry,29,25,,
613,entry,30,18,,
613,entry,35,46,,
613,entry,36,58,,
613,entry,37,,19,5
613,entry,38,26,,
613,entry,39,35,,
613,entry,40,0,,
613,entry,46,17,,3
613,entry,47,30,,
613,entry,48,19,,
613,entry,49,,55,
613,entry,50,50,,
613,entry,57,10,,
613,entry,58,3,,
613,entry,59,,46,
613,entry,60,60,,
613,entry,68,68,,
613,entry,69,7,,
613,entry,70,40,,
613,entry,79,14,,
613,entry,80,29,,
613,entry,90,39,,
613,start,2,5,,
613,start,3,90,,
613,start,4,2,,
613,start,5,15,,
613,start,6,,82,
613,start,7,27,,
613,start,8,20,,
613,start,9,57,,
614,entry,0,47,,
614,entry,2,20,,
614,entry,3,3,,3
614,entry,4,80,,
614,entry,5,36,,
614,entry,6,2,,2
614,entry,7,16,,
614,entry,8,4,,
614,entry,9,90,,
614,entry,10,15,,
614,entry,13,17,,
614,entry,14,,28,6
614,entry,15,58,,
614,entry,16,35,,
614,entry,17,19,,
614,entry,18,14,,
614,entry,19,27,,
614,entry,20,60,,
614,entry,24,69,,
614,entry,25,6,,
614,entry,26,,55,
614,entry,27,8,,
614,entry,28,24,,
614,entry,29,37,,
614,entry,30,38,,
614,entry,35,70,,
614,entry,36,,64,
614,entry,37,18,,
614,entry,38,,46,
614,entry,39,68,,
614,entry,40,29,,
614,entry,46,7,,4
614,entry,47,57,,
614,entry,48,,37,
614,entry,49,,82,
614,entry,50,39,,
614,entry,57,50,,7
614,entry,58,28,,5
614,entry,59,48,,
614,entry,60,49,,
614,entry,68,46,,
614,entry,69,,19,
614,entry,70,30,,1
614,entry,79,25,,
614,entry,80,10,,
614,entry,90,40,,
614,start,2,79,,8
614,start,3,13,,
614,start,4,9,,
614,start,5,26,,
614,start,6,,73,
614,start,7,59,,
614,start,8,5,,
614,start,9,0,,
615,entry,0,35,,
615,entry,2,15,,3
615,entry,3,36,,
615,entry,4,39,,
615,entry,5,79,,
615,entry,6,25,,2
615,entry,7,58,,
615,entry,8,57,,
615,entry,9,90,,
615,entry,10,27,,
615,entry,13,5,,
615,entry,14,49,,
615,entry,15,,55,
615,entry,16,20,,
615,entry,17,4,,
615,entry,18,,19,
615,entry,19,48,,
615,entry,20,37,,
615,entry,24,59,,
615,entry,25,30,,
615,entry,26,18,,
615,entry,27,14,,8
615,entry,28,68,,5
615,entry,29,2,,
615,entry,30,,73,
615,entry,35,29,,
615,entry,36,28,,
615,entry,37,40,,
615,entry,38,9,,
615,entry,39,,28,4
615,entry,40,38,,
615,entry,46,80,,1 7
615,entry,47,50,,
615,entry,48,19,,
615,entry,49,,37,6
615,entry,50,3,,
615,entry,57,60,,
615,entry,58,46,,
615,entry,59,26,,
615,entry,60,70,,
615,entry,68,,64,
615,entry,69,69,,
615,entry,70,6,,
615,entry,79,47,,
615,entry,80,16,,
615,entry,90,17,,
615,start,2,7,,
615,start,3,10,,
615,start,4,,46,
615,start,5,13,,
615,start,6,,82,
615,start,7,0,,
615,start,8,8,,
615,start,9,24,,
616,entry,0,,28,
616,entry,2,,82,
616,entry,3,47,,8
616,entry,4,24,,
616,entry,5,,64,
616,entry,6,70,,3
616,entry,7,90,,
616,entry,8,7,,
616,entry,9,6,,
616,entry,10,59,,
616,entry,13,28,,
616,entry,14,,46,
616,entry,15,39,,
616,entry,16,2,,
616,entry,17,,19,
616,entry,18,80,,2 4
616,entry,19,27,,
616,entry,20,29,,5
616,entry,24,5,,
616,entry,25,46,,
616,entry,26,26,,
616,entry,27,,37,
616,entry,28,18,,
616,entry,29,,73,
616,entry,30,14,,
616,entry,35,19,,1
616,entry,36,36,,
616,entry,37,4,,
616,entry,38,37,,
616,entry,39,3,,
616,entry,40,9,,
616,entry,46,17,,7
616,entry,47,15,,
616,entry,48,49,,
616,entry,49,8,,
616,entry,50,30,,
616,entry,57,25,,6
616,entry,58,13,,
616,entry,59,68,,
616,entry,60,40,,
616,entry,68,10,,
616,entry,69,35,,
616,entry,70,48,,
616,entry,79,,55,
616,entry,80,58,,
616,entry,90,69,,
616,start,2,16,,
616,start,3,0,,
616,start,4,50,,
616,start,5,38,,
616,start,6,79,,
616,start,7,60,,
616,start,8,20,,
616,start,9,57,,
617,entry,0,35,,
617,entry,2,79,,8
617,entry,3,,73,
617,entry,4,37,,
617,entry,5,48,,
617,entry,6,28,,
617,entry,7,20,,
617,entry,8,16,,
617,entry,9,10,,5
617,entry,10,19,,
617,entry,13,3,,
617,entry,14,68,,
617,entry,15,,19,
617,entry,16,90,,
617,entry,17,30,,
617,entry,18,47,,
617,entry,19,8,,
617,entry,20,17,,
617,entry,24,15,,
617,entry,25,40,,
617,entry,26,26,,1
617,entry,27,39,,
617,entry,28,,46,
617,entry,29,,55,
617,entry,30,46,,
617,entry,35,57,,6
617,entry,36,9,,
617,entry,37,49,,
617,entry,38,70,,
617,entry,39,6,,
617,entry,40,,64,4
617,entry,46,69,,7
617,entry,47,59,,3
617,entry,48,14,,
617,entry,49,4,,
617,entry,50,25,,
617,entry,57,60,,
617,entry,58,80,,2
617,entry,59,38,,
617,entry,60,18,,
617,entry,68,58,,
617,entry,69,29,,
617,entry,70,13,,
617,entry,79,7,,
617,entry,80,,37,
617,entry,90,27,,
617,start,2,,82,
617,start,3,24,,
617,start,4,50,,
617,start,5,2,,
617,start,6,36,,
617,start,7,,28,
617,start,8,5,,
617,start,9,0,,
618,entry,0,10,,
618,entry,2,36,,
618,entry,3,50,,3
618,entry,4,0,,
618,entry,5,9,,
618,entry,6,60,,2
618,entry,7,16,,
618,entry,8,70,,
618,entry,9,39,,
618,entry,10,20,,
618,entry,13,2,,
618,entry,14,29,,6
618,entry,15,,19,
618,entry,16,68,,
618,entry,17,57,,
618,entry,18,5,,1
618,entry,19,49,,4
618,entry,20,13,,
618,entry,24,40,,
618,entry,25,79,,
618,entry,26,27,,
618,entry,27,,73,
618,entry,28,46,,
618,entry,29,48,,
618,entry,30,19,,
618,entry,35,,28,
618,entry,36,37,,
618,entry,37,15,,
618,entry,38,,64,
618,entry,39,90,,
618,entry,40,59,,
618,entry,46,,82,
618,entry,47,25,,
618,entry,48,7,,
618,entry,49,35,,
618,entry,50,,37,
618,entry,57,38,,
618,entry,58,,55,
618,entry,59,4,,
618,entry,60,80,,
618,entry,68,6,,
618,entry,69,14,,8
618,entry,70,69,,7
618,entry,79,,46,
618,entry,80,18,,
618,entry,90,3,,
618,start,2,28,,5
618,start,3,58,,
618,start,4,30,,
618,start,5,47,,
618,start,6,26,,
618,start,7,17,,
618,start,8,8,,
618,start,9,24,,
619,entry,0,3,,7
619,entry,2,17,,
619,entry,3,48,,
619,entry,4,47,,8
619,entry,5,,55,
619,entry,6,39,,
619,entry,7,18,,
619,entry,8,10,,
619,entry,9,,28,
619,entry,10,30,,
619,entry,13,19,,
619,entry,14,,73,
619,entry,15,,46,
619,entry,16,13,,
619,entry,17,26,,
619,entry,18,4,,
619,entry,19,59,,3
619,entry,20,58,,
619,entry,24,38,,
619,entry,25,,37,
619,entry,26,28,,6
619,entry,27,50,,
619,entry,28,16,,
619,entry,29,7,,
619,entry,30,68,,2 4
619,entry,35,37,,
619,entry,36,25,,
619,entry,37,60,,
619,entry,38,24,,
619,entry,39,79,,
619,entry,40,46,,5
619,entry,46,35,,
619,entry,47,49,,
619,entry,48,27,,
619,entry,49,0,,
619,entry,50,40,,
619,entry,57,29,,
619,entry,58,6,,
619,entry,59,,82,
619,entry,60,70,,
619,entry,68,8,,
619,entry,69,80,,
619,entry,70,90,,
619,entry,79,14,,1
619,entry,80,,19,
619,entry,90,2,,
619,start,2,5,,
619,start,3,36,,
619,start,4,,64,
619,start,5,15,,
619,start,6,9,,
619,start,7,69,,
619,start,8,20,,
619,start,9,57,,
620,entry,0,90,,
620,entry,2,40,,
620,entry,3,30,,1
620,entry,4,4,,
620,entry,5,47,,
620,entry,6,,28,6
620,entry,7,,64,4 7
620,entry,8,3,,
620,entry,9,50,,
620,entry,10,25,,
620,entry,13,46,,
620,entry,14,14,,
620,entry,15,18,,
620,entry,16,26,,
620,entry,17,49,,
620,entry,18,80,,
620,entry,19,60,,
620,entry,20,,82,
620,entry,24,24,,
620,entry,25,,73,
620,entry,26,57,,3
620,entry,27,58,,
620,entry,28,8,,
620,entry,29,70,,
620,entry,30,9,,
620,entry,35,38,,
620,entry,36,15,,
620,entry,37,6,,
620,entry,38,2,,2
620,entry,39,28,,5
620,entry,40,19,,
620,entry,46,20,,
620,entry,47,29,,
620,entry,48,35,,
620,entry,49,59,,
620,entry,50,48,,
620,entry,57,68,,
620,entry,58,,55,
620,entry,59,16,,
620,entry,60,,19,
620,entry,68,7,,
620,entry,69,,37,
620,entry,70,69,,
620,entry,79,27,,
620,entry,80,79,,8
620,entry,90,10,,
620,start,2,36,,
620,start,3,37,,
620,start,4,13,,
620,start,5,39,,
620,start,6,17,,
620,start,7,,46,
620,start,8,5,,
620,start,9,0,,
621,entry,0,38,,
621,entry,2,17,,
621,entry,3,57,,
621,entry,4,,19,
621,entry,5,5,,
621,entry,6,14,,8
621,entry,7,18,,
621,entry,8,4,,
621,entry,9,,28,
621,entry,10,48,,
621,entry,13,70,,
621,entry,14,80,,
621,entry,15,15,,3
621,entry,16,,46,
621,entry,17,28,,
621,entry,18,79,,
621,entry,19,27,,
621,entry,20,60,,
621,entry,24,3,,
621,entry,25,39,,
621,entry,26,35,,
621,entry,27,16,,1 7
621,entry,28,49,,
621,entry,29,68,,5
621,entry,30,13,,
621,entry,35,90,,
621,entry,36,,55,
621,entry,37,,64,
621,entry,38,59,,
621,entry,39,36,,
621,entry,40,37,,
621,entry,46,9,,
621,entry,47,7,,
621,entry,48,69,,
621,entry,49,46,,
621,entry,50,47,,4
621,entry,57,30,,
621,entry,58,25,,2
621,entry,59,19,,
621,entry,60,,82,6
621,entry,68,20,,
621,entry,69,40,,
621,entry,70,58,,
621,entry,79,,37,
621,entry,80,6,,
621,entry,90,2,,
621,start,2,50,,
621,start,3,10,,
621,start,4,29,,
621,start,5,,73,
621,start,6,26,,
621,start,7,0,,
621,start,8,8,,
621,start,9,24,,
622,entry,0,13,,
622,entry,2,3,,
622,entry,3,70,,3
622,entry,4,2,,
622,entry,5,4,,
622,entry,6,80,,2 4
622,entry,7,10,,
622,entry,8,79,,
622,entry,9,28,,
622,entry,10,59,,
622,entry,13,30,,
622,entry,14,15,,
622,entry,15,16,,
622,entry,16,,55,
622,entry,17,35,,
622,entry,18,0,,
622,entry,19,,82,
622,entry,20,68,,
622,entry,24,25,,6
622,entry,25,26,,7
622,entry,26,46,,
622,entry,27,48,,
622,entry,28,38,,
622,entry,29,40,,
622,entry,30,39,,
622,entry,35,,19,
622,entry,36,,73,
622,entry,37,6,,
622,entry,38,37,,
622,entry,39,27,,
622,entry,40,58,,
622,entry,46,90,,
622,entry,47,8,,
622,entry,48,47,,8
622,entry,49,29,,5
622,entry,50,19,,1
622,entry,57,49,,
622,entry,58,36,,
622,entry,59,14,,
622,entry,60,24,,
622,entry,68,7,,
622,entry,69,9,,
622,entry,70,,46,
622,entry,79,69,,
622,entry,80,5,,
622,entry,90,,64,
622,start,2,,28,
622,start,3,,37,
622,start,4,50,,
622,start,5,17,,
622,start,6,18,,
622,start,7,60,,
622,start,8,20,,
622,start,9,57,,
623,entry,0,15,,
623,entry,2,29,,
623,entry,3,38,,
623,entry,4,13,,
623,entry,5,37,,
623,entry,6,9,,
623,entry,7,70,,
623,entry,8,48,,
623,entry,9,79,,8
623,entry,10,,73,
623,entry,13,7,,
623,entry,14,,37,7
623,entry,15,49,,
623,entry,16,19,,4
623,entry,17,3,,
623,entry,18,,19,
623,entry,19,10,,3
623,entry,20,8,,
623,entry,24,68,,
623,entry,25,14,,5
623,entry,26,25,,
623,entry,27,4,,
623,entry,28,40,,
623,entry,29,,46,
623,entry,30,26,,
623,entry,35,80,,
623,entry,36,18,,
623,entry,37,35,,
623,entry,38,57,,6
623,entry,39,28,,
623,entry,40,,82,
623,entry,46,47,,
623,entry,47,,64,
623,entry,48,59,,
623,entry,49,90,,
623,entry,50,16,,2
623,entry,57,39,,
623,entry,58,69,,
623,entry,59,,55,1
623,entry,60,58,,
623,entry,68,60,,
623,entry,69,46,,
623,entry,70,20,,
623,entry,79,50,,
623,entry,80,30,,
623,entry,90,17,,
623,start,2,36,,
623,start,3,27,,
623,start,4,24,,
623,start,5,2,,
623,start,6,6,,
623,start,7,,28,
623,start,8,5,,
623,start,9,0,,
624,entry,0,40,,
624,entry,2,37,,6
624,entry,3,57,,
624,entry,4,17,,
624,entry,5,68,,
624,entry,6,6,,
624,entry,7,0,,
624,entry,8,,28,
624,entry,9,20,,
624,entry,10,50,,3
624,entry,13,19,,
624,entry,14,26,,
624,entry,15,14,,8
624,entry,16,,19,
624,entry,17,10,,
624,entry,18,7,,
624,entry,19,,82,7
624,entry,20,47,,
624,entry,24,79,,
624,entry,25,,46,
624,entry,26,2,,
624,entry,27,3,,
624,entry,28,9,,
624,entry,29,18,,
624,entry,30,36,,
624,entry,35,16,,
624,entry,36,46,,
624,entry,37,13,,
624,entry,38,38,,
624,entry,39,59,,
624,entry,40,29,,
624,entry,46,60,,2
624,entry,47,,37,
624,entry,48,80,,
624,entry,49,5,,
624,entry,50,39,,
624,entry,57,,55,
624,entry,58,90,,1
624,entry,59,15,,4
624,entry,60,69,,
624,entry,68,49,,
624,entry,69,48,,
624,entry,70,27,,
624,entry,79,25,,
624,entry,80,,73,
624,entry,90,,64,
624,start,2,28,,5
624,start,3,58,,
624,start,4,30,,
624,start,5,35,,
624,start,6,70,,
624,start,7,4,,
624,start,8,8,,
624,start,9,24,,
625,entry,0,4,,
625,entry,2,70,,
625,entry,3,36,,2 4
625,entry,4,69,,
625,entry,5,,73,
625,entry,6,,46,
625,entry,7,39,,
625,entry,8,8,,
625,entry,9,16,,
625,entry,10,40,,
625,entry,13,10,,5
625,entry,14,79,,
625,entry,15,38,,
625,entry,16,14,,
625,entry,17,68,,
625,entry,18,18,,
625,entry,19,26,,1
625,entry,20,46,,
625,entry,24,48,,
625,entry,25,19,,
625,entry,26,,82,
625,entry,27,28,,6
625,entry,28,,37,
625,entry,29,37,,
625,entry,30,49,,
625,entry,35,2,,
625,entry,36,9,,
625,entry,37,25,,
625,entry,38,50,,
625,entry,39,3,,
625,entry,40,59,,
625,entry,46,47,,8
625,entry,47,35,,
625,entry,48,60,,
625,entry,49,13,,
625,entry,50,,64,3
625,entry,57,,55,
625,entry,58,80,,
625,entry,59,24,,
625,entry,60,,19,
625,entry,68,29,,
625,entry,69,,28,
625,entry,70,17,,
625,entry,79,6,,
625,entry,80,27,,
625,entry,90,58,,7
625,start,2,5,,
625,start,3,0,,
625,start,4,90,,
625,start,5,15,,
625,start,6,30,,
625,start,7,7,,
625,start,8,20,,
625,start,9,57,,
626,entry,0,19,,
626,entry,2,28,,5
626,entry,3,7,,
626,entry,4,27,,
626,entry,5,36,,
626,entry,6,40,,
626,entry,7,38,,
626,entry,8,4,,
626,entry,9,39,,
626,entry,10,16,,
626,entry,13,57,,
626,entry,14,37,,
626,entry,15,48,,
626,entry,16,90,,
626,entry,17,70,,
626,entry,18,26,,3
626,entry,19,49,,4
626,entry,20,60,,
626,entry,24,68,,
626,entry,25,,19,
626,entry,26,69,,
626,entry,27,80,,
626,entry,28,59,,
626,entry,29,9,,
626,entry,30,18,,
626,entry,35,17,,
626,entry,36,79,,8
626,entry,37,13,,
626,entry,38,20,,
626,entry,39,58,,
626,entry,40,29,,
626,entry,46,10,,
626,entry,47,30,,1
626,entry,48,47,,
626,entry,49,6,,
626,entry,50,,73,
626,entry,57,24,,
626,entry,58,25,,
626,entry,59,46,,
626,entry,60,15,,
626,entry,68,,46,7
626,entry,69,3,,
626,entry,70,2,,2
626,entry,79,,28,6
626,entry,80,35,,
626,entry,90,,55,
626,start,2,14,,
626,start,3,,64,
626,start,4,50,,
626,start,5,,82,
626,start,6,8,,
626,start,7,,37,
626,start,8,5,,
626,start,9,0,,
627,entry,0,29,,
627,entry,2,35,,
627,entry,3,48,,
627,entry,4,39,,
627,entry,5,16,,
627,entry,6,80,,
627,entry,7,2,,1 7
627,entry,8,37,,
627,entry,9,68,,5
627,entry,10,49,,
627,entry,13,58,,
627,entry,14,4,,
627,entry,15,57,,
627,entry,16,90,,
627,entry,17,,28,
627,entry,18,47,,
627,entry,19,,64,
627,entry,20,13,,
627,entry,24,70,,
627,entry,25,,73,
627,entry,26,40,,
627,entry,27,38,,
627,entry,28,26,,
627,entry,29,7,,
627,entry,30,,37,4
627,entry,35,36,,
627,entry,36,5,,
627,entry,37,30,,
627,entry,38,25,,2
627,entry,39,50,,
627,entry,40,,46,6
627,entry,46,15,,3
627,entry,47,59,,
627,entry,48,20,,
627,entry,49,60,,
627,entry,50,,55,
627,entry,57,69,,
627,entry,58,18,,
627,entry,59,79,,
627,entry,60,,19,
627,entry,68,28,,
627,entry,69,17,,
627,entry,70,,82,
627,entry,79,27,,
627,entry,80,9,,
627,entry,90,3,,
627,start,2,19,,
627,start,3,10,,
627,start,4,6,,
627,start,5,14,,8
627,start,6,46,,
627,start,7,0,,
627,start,8,8,,
627,start,9,24,,
628,entry,0,2,,
628,entry,2,,19,
628,entry,3,10,,
628,entry,4,29,,5
628,entry,5,28,,
628,entry,6,19,,1
628,entry,7,36,,
628,entry,8,,64,
628,entry,9,,55,
628,entry,10,30,,
628,entry,13,90,,
628,entry,14,14,,
628,entry,15,,82,
628,entry,16,24,,
628,entry,17,46,,
628,entry,18,4,,
628,entry,19,80,,2 4
628,entry,20,40,,
628,entry,24,9,,
628,entry,25,17,,
628,entry,26,,46,
628,entry,27,0,,
628,entry,28,16,,
628,entry,29,68,,
628,entry,30,37,,
628,entry,35,27,,7
628,entry,36,5,,
628,entry,37,35,,
628,entry,38,15,,
628,entry,39,47,,8
628,entry,40,38,,
628,entry,46,,73,
628,entry,47,39,,
628,entry,48,25,,6
628,entry,49,59,,
628,entry,50,13,,
628,entry,57,49,,
628,entry,58,70,,3
628,entry,59,,37,
628,entry,60,58,,
628,entry,68,7,,
628,entry,69,8,,
628,entry,70,,28,
628,entry,79,18,,
628,entry,80,3,,
628,entry,90,69,,
628,start,2,26,,
628,start,3,6,,
628,start,4,50,,
628,start,5,48,,
628,start,6,79,,
628,start,7,60,,
628,start,8,20,,
628,start,9,57,,
629,entry,0,6,,
629,entry,2,13,,1
629,entry,3,28,,
629,entry,4,9,,
629,entry,5,58,,
629,entry,6,70,,
629,entry,7,50,,
629,entry,8,18,,
629,entry,9,3,,
629,entry,10,,64,
629,entry,13,90,,
629,entry,14,19,,3
629,entry,15,20,,
629,entry,16,80,,
629,entry,17,,73,
629,entry,18,14,,7
629,entry,19,24,,
629,entry,20,48,,
629,entry,24,36,,
629,entry,25,30,,
629,entry,26,46,,
629,entry,27,38,,
629,entry,28,15,,
629,entry,29,35,,
629,entry,30,,19,
629,entry,35,,82,
629,entry,36,8,,
629,entry,37,47,,
629,entry,38,69,,
629,entry,39,16,,
629,entry,40,40,,
629,entry,46,4,,2
629,entry,47,49,,
629,entry,48,,46,5
629,entry,49,59,,
629,entry,50,57,,6
629,entry,57,60,,
629,entry,58,27,,
629,entry,59,29,,
629,entry,60,79,,8
629,entry,68,37,,
629,entry,69,39,,4
629,entry,70,10,,
629,entry,79,25,,
629,entry,80,7,,
629,entry,90,17,,
629,start,2,,55,
629,start,3,68,,
629,start,4,26,,
629,start,5,2,,
629,start,6,,37,
629,start,7,,28,
629,start,8,5,,
629,start,9,0,,
630,entry,0,38,,
630,entry,2,6,,
630,entry,3,,64,
630,entry,4,48,,
630,entry,5,18,,
630,entry,6,,37,
630,entry,7,50,,3
630,entry,8,13,,
630,entry,9,,82,
630,entry,10,,73,1
630,entry,13,7,,
630,entry,14,15,,
630,entry,15,47,,
630,entry,16,35,,
630,entry,17,26,,
630,entry,18,25,,
630,entry,19,9,,
630,entry,20,27,,
630,entry,24,29,,
630,entry,25,70,,
630,entry,26,46,,
630,entry,27,36,,
630,entry,28,79,,
630,entry,29,20,,
630,entry,30,37,,
630,entry,35,5,,4
630,entry,36,10,,
630,entry,37,16,,
630,entry,38,14,,8
630,entry,39,60,,2
630,entry,40,0,,
630,entry,46,,55,7
630,entry,47,17,,
630,entry,48,,46,
630,entry,49,68,,
630,entry,50,39,,
630,entry,57,57,,
630,entry,58,4,,6
630,entry,59,80,,
630,entry,60,49,,
630,entry,68,40,,
630,entry,69,90,,
630,entry,70,59,,
630,entry,79,3,,
630,entry,80,2,,
630,entry,90,,28,
630,start,2,28,,5
630,start,3,58,,
630,start,4,30,,
630,start,5,,19,
630,start,6,19,,
630,start,7,69,,
630,start,8,8,,
630,start,9,24,,
631,entry,0,14,,
631,entry,2,80,,
631,entry,3,49,,
631,entry,4,,55,
631,entry,5,38,,
631,entry,6,50,,
631,entry,7,24,,
631,entry,8,,64,
631,entry,9,48,,
631,entry,10,,19,
631,entry,13,70,,
631,entry,14,,46,
631,entry,15,28,,6
631,entry,16,60,,
631,entry,17,90,,
631,entry,18,,28,
631,entry,19,13,,
631,entry,20,19,,
631,entry,24,,73,7
631,entry,25,25,,
631,entry,26,47,,8
631,entry,27,6,,
631,entry,28,58,,
631,entry,29,,37,
631,entry,30,10,,
631,entry,35,35,,
631,entry,36,29,,
631,entry,37,8,,
631,entry,38,68,,1
631,entry,39,,82,
631,entry,40,17,,
631,entry,46,39,,
631,entry,47,18,,
631,entry,48,7,,
631,entry,49,9,,
631,entry,50,27,,
631,entry,57,16,,
631,entry,58,30,,
631,entry,59,26,,3
631,entry,60,2,,
631,entry,68,40,,
631,entry,69,0,,
631,entry,70,4,,2 4
631,entry,79,46,,
631,entry,80,69,,5
631,entry,90,37,,
631,start,2,5,,
631,start,3,59,,
631,start,4,79,,
631,start,5,15,,
631,start,6,3,,
631,start,7,36,,
631,start,8,20,,
631,start,9,57,,
632,entry,0,,19,
632,entry,2,48,,
632,entry,3,8,,
632,entry,4,90,,
632,entry,5,80,,
632,entry,6,69,,
632,entry,7,,28,6
632,entry,8,27,,
632,entry,9,50,,
632,entry,10,79,,8
632,entry,13,18,,
632,entry,14,57,,
632,entry,15,30,,1
632,entry,16,49,,
632,entry,17,,37,
632,entry,18,37,,4
632,entry,19,7,,
632,entry,20,26,,
632,entry,24,,73,
632,entry,25,14,,
632,entry,26,38,,
632,entry,27,39,,3
632,entry,28,,82,
632,entry,29,17,,
632,entry,30,36,,
632,entry,35,40,,
632,entry,36,60,,
632,entry,37,,64,
632,entry,38,58,,
632,entry,39,15,,
632,entry,40,3,,
632,entry,46,70,,
632,entry,47,20,,
632,entry,48,6,,
632,entry,49,59,,
632,entry,50,,46,
632,entry,57,47,,
632,entry,58,19,,
632,entry,59,2,,2
632,entry,60,24,,7
632,entry,68,29,,
632,entry,69,35,,
632,entry,70,28,,5
632,entry,79,,55,
632,entry,80,9,,
632,entry,90,16,,
632,start,2,4,,
632,start,3,46,,
632,start,4,10,,
632,start,5,68,,
632,start,6,25,,
632,start,7,13,,
632,start,8,5,,
632,start,9,0,,
633,entry,0,17,,
633,entry,2,16,,
633,entry,3,29,,
633,entry,4,,82,
633,entry,5,39,,
633,entry,6,3,,
633,entry,7,14,,8
633,entry,8,47,,
633,entry,9,20,,
633,entry,10,36,,
633,entry,13,68,,5
633,entry,14,35,,
633,entry,15,49,,4
633,entry,16,13,,
633,entry,17,,46,
633,entry,18,57,,
633,entry,19,18,,
633,entry,20,46,,
633,entry,24,,55,
633,entry,25,80,,6
633,entry,26,,37,
633,entry,27,60,,
633,entry,28,,73,
633,entry,29,28,,
633,entry,30,48,,
633,entry,35,4,,
633,entry,36,7,,
633,entry,37,19,,
633,entry,38,26,,
633,entry,39,9,,1 7
633,entry,40,58,,
633,entry,46,38,,
633,entry,47,59,,
633,entry,48,5,,
633,entry,49,27,,
633,entry,50,90,,
633,entry,57,70,,
633,entry,58,15,,3
633,entry,59,79,,
633,entry,60,,19,
633,entry,68,,28,
633,entry,69,30,,
633,entry,70,40,,
633,entry,79,37,,
633,entry,80,50,,
633,entry,90,25,,2
633,start,2,,64,
633,start,3,10,,
633,start,4,2,,
633,start,5,69,,
633,start,6,6,,
633,start,7,0,,
633,start,8,8,,
633,start,9,24,,
634,entry,0,47,,8
634,entry,2,38,,
634,entry,3,79,,
634,entry,4,25,,6
634,entry,5,40,,
634,entry,6,3,,
634,entry,7,8,,
634,entry,8,6,,
634,entry,9,26,,
634,entry,10,39,,
634,entry,13,0,,
634,entry,14,70,,3
634,entry,15,49,,
634,entry,16,46,,
634,entry,17,18,,
634,entry,18,35,,
634,entry,19,36,,
634,entry,20,37,,
634,entry,24,16,,
634,entry,25,59,,
634,entry,26,68,,
634,entry,27,10,,
634,entry,28,,55,
634,entry,29,29,,5
634,entry,30,19,,1
634,entry,35,15,,
634,entry,36,2,,7
634,entry,37,,73,
634,entry,38,,28,
634,entry,39,14,,
634,entry,40,24,,
634,entry,46,30,,
634,entry,47,80,,2 4
634,entry,48,,37,
634,entry,49,9,,
634,entry,50,,46,
634,entry,57,27,,
634,entry,58,58,,
634,entry,59,48,,
634,entry,60,5,,
634,entry,68,17,,
634,entry,69,,64,
634,entry,70,13,,
634,entry,79,7,,
634,entry,80,28,,
634,entry,90,,82,
634,start,2,69,,
634,start,3,,19,
634,start,4,50,,
634,start,5,4,,
634,start,6,90,,
634,start,7,60,,
634,start,8,20,,
634,start,9,57,,
635,entry,0,40,,
635,entry,2,,19,
635,entry,3,80,,
635,entry,4,90,,
635,entry,5,60,,
635,entry,6,8,,2
635,entry,7,26,,
635,entry,8,49,,5
635,entry,9,36,,
635,entry,10,57,,6
635,entry,13,48,,
635,entry,14,15,,1
635,entry,15,70,,3
635,entry,16,58,,
635,entry,17,9,,
635,entry,18,37,,
635,entry,19,24,,
635,entry,20,,64,
635,entry,24,4,,
635,entry,25,69,,
635,entry,26,20,,
635,entry,27,19,,
635,entry,28,68,,
635,entry,29,,46,4
635,entry,30,7,,
635,entry,35,28,,
635,entry,36,30,,
635,entry,37,29,,7
635,entry,38,,82,
635,entry,39,25,,
635,entry,40,17,,
635,entry,46,50,,
635,entry,47,79,,8
635,entry,48,16,,
635,entry,49,18,,
635,entry,50,27,,
635,entry,57,47,,
635,entry,58,38,,
635,entry,59,,55,
635,entry,60,3,,
635,entry,68,10,,
635,entry,69,6,,
635,entry,70,39,,
635,entry,79,46,,
635,entry,80,35,,
635,entry,90,14,,
635,start,2,,37,
635,start,3,13,,
635,start,4,59,,
635,start,5,2,,
635,start,6,,73,
635,start,7,,28,
635,start,8,5,,
635,start,9,0,,
636,entry,0,48,,
636,entry,2,38,,4
636,entry,3,19,,
636,entry,4,17,,
636,entry,5,29,,
636,entry,6,50,,3
636,entry,7,49,,
636,entry,8,57,,
636,entry,9,16,,
636,entry,10,39,,
636,entry,13,47,,
636,entry,14,37,,7
636,entry,15,,55,
636,entry,16,59,,
636,entry,17,79,,
636,entry,18,60,,2
636,entry,19,90,,
636,entry,20,80,,
636,entry,24,18,,
636,entry,25,27,,
636,entry,26,36,,
636,entry,27,69,,
636,entry,28,68,,
636,entry,29,,19,
636,entry,30,,82,
636,entry,35,,73,
636,entry,36,5,,
636,entry,37,70,,
636,entry,38,3,,
636,entry,39,2,,
636,entry,40,9,,
636,entry,46,15,,
636,entry,47,6,,6
636,entry,48,13,,
636,entry,49,4,,
636,entry,50,0,,
636,entry,57,40,,
636,entry,58,,46,
636,entry,59,14,,8
636,entry,60,10,,
636,entry,68,35,,
636,entry,69,46,,
636,entry,70,20,,1
636,entry,79,,64,
636,entry,80,25,,
636,entry,90,26,,
636,start,2,28,,5
636,start,3,58,,
636,start,4,30,,
636,start,5,,37,
636,start,6,7,,
636,start,7,,28,
636,start,8,8,,
636,start,9,24,,
637,entry,0,60,,
637,entry,2,50,,
637,entry,3,18,,
637,entry,4,58,,
637,entry,5,13,,
637,entry,6,,28,
637,entry,7,30,,
637,entry,8,7,,
637,entry,9,80,,
637,entry,10,70,,
637,entry,13,49,,
637,entry,14,6,,
637,entry,15,14,,
637,entry,16,3,,
637,entry,17,40,,
637,entry,18,17,,
637,entry,19,0,,
637,entry,20,29,,
637,entry,24,8,,
637,entry,25,68,,
637,entry,26,26,,
637,entry,27,90,,
637,entry,28,16,,
637,entry,29,,82,
637,entry,30,39,,
637,entry,35,24,,
637,entry,36,69,,
637,entry,37,,64,
637,entry,38,10,,2 4
637,entry,39,9,,
637,entry,40,46,,
637,entry,46,79,,1
637,entry,47,,19,3
637,entry,48,47,,5 8
637,entry,49,,37,
637,entry,50,28,,6
637,entry,57,38,,
637,entry,58,27,,
637,entry,59,4,,
637,entry,60,25,,
637,entry,68,59,,
637,entry,69,19,,
637,entry,70,35,,
637,entry,79,48,,
637,entry,80,,55,
637,entry,90,,46,
637,start,2,5,,
637,start,3,37,,
637,start,4,,73,
637,start,5,15,,
637,start,6,36,,7
637,start,7,2,,
637,start,8,20,,
637,start,9,57,,
638,entry,0,,73,
638,entry,2,57,,
638,entry,3,49,,
638,entry,4,7,,
638,entry,5,24,,
638,entry,6,20,,
638,entry,7,8,,
638,entry,8,35,,
638,entry,9,79,,8
638,entry,10,48,,
638,entry,13,9,,
638,entry,14,40,,
638,entry,15,,46,
638,entry,16,47,,
638,entry,17,18,,
638,entry,18,,55,
638,entry,19,16,,
638,entry,20,,19,
638,entry,24,90,,
638,entry,25,26,,
638,entry,26,70,,
638,entry,27,,28,6
638,entry,28,19,,
638,entry,29,14,,
638,entry,30,80,,
638,entry,35,30,,1
638,entry,36,50,,
638,entry,37,46,,
638,entry,38,29,,4
638,entry,39,15,,
638,entry,40,13,,
638,entry,46,38,,
638,entry,47,10,,3
638,entry,48,69,,
638,entry,49,25,,
638,entry,50,,37,
638,entry,57,39,,
638,entry,58,58,,
638,entry,59,27,,
638,entry,60,37,,
638,entry,68,6,,
638,entry,69,60,,
638,entry,70,68,,
638,entry,79,2,,2
638,entry,80,3,,
638,entry,90,28,,5
638,start,2,,64,
638,start,3,,82,
638,start,4,4,,
638,start,5,59,,
638,start,6,17,,7
638,start,7,36,,
638,start,8,5,,
638,start,9,0,,
639,entry,0,9,,
639,entry,2,,82,
639,entry,3,15,,3
639,entry,4,2,,
639,entry,5,30,,
639,entry,6,18,,
639,entry,7,50,,
639,entry,8,68,,5
639,entry,9,4,,
639,entry,10,59,,
639,entry,13,27,,
639,entry,14,,64,
639,entry,15,80,,
639,entry,16,28,,
639,entry,17,60,,
639,entry,18,79,,
639,entry,19,14,,4 8
639,entry,20,58,,
639,entry,24,5,,
639,entry,25,90,,
639,entry,26,3,,1 7
639,entry,27,39,,
639,entry,28,37,,
639,entry,29,,55,6
639,entry,30,,46,
639,entry,35,,19,
639,entry,36,47,,
639,entry,37,49,,
639,entry,38,7,,
639,entry,39,46,,
639,entry,40,70,,
639,entry,46,57,,
639,entry,47,25,,2
639,entry,48,13,,
639,entry,49,,28,
639,entry,50,,73,
639,entry,57,20,,
639,entry,58,16,,
639,entry,59,19,,
639,entry,60,26,,
639,entry,68,40,,
639,entry,69,29,,
639,entry,70,36,,
639,entry,79,,37,
639,entry,80,48,,
639,entry,90,6,,
639,start,2,38,,
639,start,3,10,,
639,start,4,17,,
639,start,5,35,,
639,start,6,69,,
639,start,7,0,,
639,start,8,8,,
639,start,9,24,,
640,entry,0,47,,8
640,entry,2,80,,2 4
640,entry,3,7,,
640,entry,4,37,,
640,entry,5,59,,
640,entry,6,3,,
640,entry,7,,82,
640,entry,8,6,,
640,entry,9,25,,6
640,entry,10,16,,
640,entry,13,18,,
640,entry,14,40,,
640,entry,15,4,,
640,entry,16,13,,
640,entry,17,58,,
640,entry,18,19,,1
640,entry,19,70,,3
640,entry,20,27,,
640,entry,24,,64,
640,entry,25,36,,
640,entry,26,,37,7
640,entry,27,68,,
640,entry,28,24,,
640,entry,29,48,,
640,entry,30,79,,
640,entry,35,69,,
640,entry,36,30,,
640,entry,37,29,,5
640,entry,38,,46,
640,entry,39,,19,
640,entry,40,,55,
640,entry,46,49,,
640,entry,47,14,,
640,entry,48,5,,
640,entry,49,2,,
640,entry,50,,73,
640,entry,57,9,,
640,entry,58,26,,
640,entry,59,,28,
640,entry,60,38,,
640,entry,68,28,,
640,entry,69,8,,
640,entry,70,0,,
640,entry,79,39,,
640,entry,80,10,,
640,entry,90,15,,
640,start,2,90,,
640,start,3,35,,
640,start,4,50,,
640,start,5,46,,
640,start,6,17,,
640,start,7,60,,
640,start,8,20,,
640,start,9,57,,
641,entry,0,36,,
641,entry,2,38,,
641,entry,3,70,,
641,entry,4,4,,5
641,entry,5,18,,
641,entry,6,26,,
641,entry,7,59,,
641,entry,8,68,,
641,entry,9,30,,
641,entry,10,19,,
641,entry,13,47,,
641,entry,14,50,,
641,entry,15,6,,
641,entry,16,29,,
641,entry,17,79,,8
641,entry,18,69,,
641,entry,19,46,,
641,entry,20,80,,
641,entry,24,60,,
641,entry,25,16,,
641,entry,26,,82,
641,entry,27,10,,
641,entry,28,48,,
641,entry,29,,64,
641,entry,30,13,,7
641,entry,35,39,,
641,entry,36,9,,4
641,entry,37,3,,
641,entry,38,,19,
641,entry,39,7,,3
641,entry,40,15,,
641,entry,46,25,,
641,entry,47,,37,
641,entry,48,40,,
641,entry,49,24,,
641,entry,50,,46,
641,entry,57,35,,
641,entry,58,57,,6
641,entry,59,28,,
641,entry,60,27,,
641,entry,68,49,,
641,entry,69,90,,
641,entry,70,,55,2
641,entry,79,,73,1
641,entry,80,58,,
641,entry,90,20,,
641,start,2,37,,
641,start,3,17,,
641,start,4,14,,
641,start,5,2,,
641,start,6,8,,
641,start,7,,28,
641,start,8,5,,
641,start,9,0,,
642,entry,0,,64,
642,entry,2,46,,
642,entry,3,70,,1
642,entry,4,,73,
642,entry,5,48,,
642,entry,6,35,,7
642,entry,7,10,,
642,entry,8,27,,
642,entry,9,68,,
642,entry,10,29,,
642,entry,13,20,,
642,entry,14,,82,
642,entry,15,14,,8
642,entry,16,18,,
642,entry,17,47,,
642,entry,18,,37,6
642,entry,19,69,,
642,entry,20,39,,
642,entry,24,9,,
642,entry,25,19,,
642,entry,26,37,,
642,entry,27,13,,
642,entry,28,40,,
642,entry,29,80,,
642,entry,30,49,,
642,entry,35,57,,
642,entry,36,26,,
642,entry,37,,46,
642,entry,38,50,,3
642,entry,39,,28,
642,entry,40,,19,
642,entry,46,4,,4
642,entry,47,38,,
642,entry,48,16,,
642,entry,49,3,,
642,entry,50,2,,
642,entry,57,7,,
642,entry,58,36,,
642,entry,59,6,,
642,entry,60,5,,
642,entry,68,0,,
642,entry,69,79,,
642,entry,70,15,,
642,entry,79,17,,
642,entry,80,,55,
642,entry,90,60,,2
642,start,2,28,,5
642,start,3,58,,
642,start,4,30,,
642,start,5,90,,
642,start,6,25,,
642,start,7,59,,
642,start,8,8,,
642,start,9,24,,
643,entry,0,,55,
643,entry,2,35,,
643,entry,3,28,,6
643,entry,4,29,,
643,entry,5,13,,
643,entry,6,24,,
643,entry,7,7,,
643,entry,8,14,,
643,entry,9,68,,
643,entry,10,,46,
643,entry,13,25,,
643,entry,14,39,,
643,entry,15,50,,
643,entry,16,38,,
643,entry,17,4,,
643,entry,18,48,,
643,entry,19,49,,
643,entry,20,,82,
643,entry,24,26,,
643,entry,25,60,,
643,entry,26,6,,
643,entry,27,16,,1 7
643,entry,28,58,,
643,entry,29,,64,
643,entry,30,30,,
643,entry,35,69,,
643,entry,36,8,,
643,entry,37,,28,
643,entry,38,10,,3
643,entry,39,79,,2 4
643,entry,40,40,,
643,entry,46,18,,
643,entry,47,9,,
643,entry,48,47,,8
643,entry,49,27,,5
643,entry,50,0,,
643,entry,57,3,,
643,entry,58,,19,
643,entry,59,59,,
643,entry,60,36,,
643,entry,68,2,,
643,entry,69,,37,
643,entry,70,46,,
643,entry,79,80,,
643,entry,80,19,,
643,entry,90,,73,
643,start,2,5,,
643,start,3,17,,
643,start,4,37,,
643,start,5,15,,
643,start,6,70,,
643,start,7,90,,
643,start,8,20,,
643,start,9,57,,
644,entry,0,15,,
644,entry,2,60,,
644,entry,3,20,,
644,entry,4,19,,
644,entry,5,6,,
644,entry,6,,55,
644,entry,7,24,,
644,entry,8,50,,
644,entry,9,7,,
644,entry,10,38,,
644,entry,13,47,,
644,entry,14,49,,3 7
644,entry,15,3,,
644,entry,16,26,,
644,entry,17,,46,
644,entry,18,57,,
644,entry,19,69,,
644,entry,20,37,,
644,entry,24,46,,
644,entry,25,59,,
644,entry,26,36,,4
644,entry,27,8,,
644,entry,28,,73,
644,entry,29,79,,8
644,entry,30,68,,
644,entry,35,,28,6
644,entry,36,4,,
644,entry,37,25,,
644,entry,38,28,,5
644,entry,39,48,,
644,entry,40,,82,
644,entry,46,58,,
644,entry,47,2,,2
644,entry,48,14,,
644,entry,49,,19,
644,entry,50,30,,1
644,entry,57,35,,
644,entry,58,16,,
644,entry,59,70,,
644,entry,60,39,,
644,entry,68,27,,
644,entry,69,80,,
644,entry,70,40,,
644,entry,79,13,,
644,entry,80,90,,
644,entry,90,,64,
644,start,2,29,,
644,start,3,10,,
644,start,4,17,,
644,start,5,,37,
644,start,6,18,,
644,start,7,9,,
644,start,8,5,,
644,start,9,0,,
645,entry,0,68,,5
645,entry,2,,46,
645,entry,3,49,,
645,entry,4,17,,6
645,entry,5,46,,
645,entry,6,6,,
645,entry,7,15,,3
645,entry,8,30,,
645,entry,9,37,,
645,entry,10,60,,
645,entry,13,59,,
645,entry,14,,82,
645,entry,15,7,,
645,entry,16,70,,
645,entry,17,57,,
645,entry,18,2,,
645,entry,19,25,,2
645,entry,20,69,,
645,entry,24,,37,
645,entry,25,35,,
645,entry,26,,19,
645,entry,27,29,,
645,entry,28,,28,
645,entry,29,20,,
645,entry,30,19,,
645,entry,35,,55,4
645,entry,36,79,,
645,entry,37,39,,
645,entry,38,3,,
645,entry,39,18,,
645,entry,40,26,,
645,entry,46,,73,
645,entry,47,40,,
645,entry,48,13,,
645,entry,49,28,,
645,entry,50,14,,8
645,entry,57,,64,
645,entry,58,9,,
645,entry,59,4,,1 7
645,entry,60,38,,
645,entry,68,5,,
645,entry,69,80,,
645,entry,70,48,,
645,entry,79,90,,
645,entry,80,58,,
645,entry,90,27,,
645,start,2,36,,
645,start,3,10,,
645,start,4,47,,
645,start,5,16,,
645,start,6,50,,
645,start,7,0,,
645,start,8,8,,
645,start,9,24,,
646,entry,0,,37,
646,entry,2,13,,
646,entry,3,79,,
646,entry,4,58,,
646,entry,5,8,,
646,entry,6,38,,
646,entry,7,,46,
646,entry,8,,28,
646,entry,9,27,,
646,entry,10,4,,7
646,entry,13,68,,
646,entry,14,16,,
646,entry,15,18,,
646,entry,16,29,,5
646,entry,17,5,,
646,entry,18,,73,
646,entry,19,10,,
646,entry,20,47,,8
646,entry,24,46,,
646,entry,25,3,,
646,entry,26,14,,
646,entry,27,36,,
646,entry,28,69,,
646,entry,29,90,,
646,entry,30,80,,2 4
646,entry,35,48,,
646,entry,36,9,,
646,entry,37,28,,
646,entry,38,39,,
646,entry,39,15,,
646,entry,40,49,,
646,entry,46,6,,
646,entry,47,,82,
646,entry,48,59,,
646,entry,49,25,,6
646,entry,50,26,,
646,entry,57,,55,
646,entry,58,19,,1
646,entry,59,70,,3
646,entry,60,37,,
646,entry,68,24,,
646,entry,69,35,,
646,entry,70,0,,
646,entry,79,2,,
646,entry,80,7,,
646,entry,90,17,,
646,start,2,,19,
646,start,3,40,,
646,start,4,50,,
646,start,5,,64,
646,start,6,30,,
646,start,7,60,,
646,start,8,20,,
646,start,9,57,,
647,entry,0,39,,
647,entry,2,,82,
647,entry,3,16,,
647,entry,4,,46,
647,entry,5,8,,
647,entry,6,9,,
647,entry,7,24,,
647,entry,8,,37,
647,entry,9,90,,
647,entry,10,10,,2
647,entry,13,47,,
647,entry,14,70,,
647,entry,15,,55,
647,entry,16,19,,
647,entry,17,80,,
647,entry,18,4,,
647,entry,19,69,,1
647,entry,20,58,,
647,entry,24,6,,
647,entry,25,29,,
647,entry,26,13,,
647,entry,27,50,,
647,entry,28,7,,7
647,entry,29,14,,
647,entry,30,20,,
647,entry,35,38,,
647,entry,36,27,,5
647,entry,37,60,,4
647,entry,38,15,,
647,entry,39,,64,
647,entry,40,30,,
647,entry,46,,73,
647,entry,47,25,,
647,entry,48,3,,
647,entry,49,48,,
647,entry,50,26,,
647,entry,57,18,,
647,entry,58,17,,
647,entry,59,,19,
647,entry,60,36,,
647,entry,68,35,,
647,entry,69,40,,
647,entry,70,46,,3
647,entry,79,57,,6
647,entry,80,68,,
647,entry,90,28,,
647,start,2,49,,
647,start,3,59,,
647,start,4,37,,
647,start,5,2,,
647,start,6,79,,8
647,start,7,,28,
647,start,8,5,,
647,start,9,0,,
648,entry,0,47,,
648,entry,2,37,,
648,entry,3,,55,
648,entry,4,59,,
648,entry,5,17,,
648,entry,6,,82,
648,entry,7,80,,
648,entry,8,18,,
648,entry,9,15,,
648,entry,10,3,,
648,entry,13,6,,
648,entry,14,60,,2
648,entry,15,27,,
648,entry,16,9,,
648,entry,17,0,,
648,entry,18,90,,
648,entry,19,25,,
648,entry,20,79,,
648,entry,24,68,,
648,entry,25,,64,
648,entry,26,4,,
648,entry,27,10,,
648,entry,28,38,,
648,entry,29,,19,
648,entry,30,70,,
648,entry,35,7,,
648,entry,36,14,,8
648,entry,37,20,,
648,entry,38,2,,4
648,entry,39,57,,
648,entry,40,5,,
648,entry,46,,46,
648,entry,47,46,,1
648,entry,48,48,,
648,entry,49,19,,
648,entry,50,,73,6
648,entry,57,26,,
648,entry,58,,28,
648,entry,59,69,,
648,entry,60,40,,
648,entry,68,,37,
648,entry,69,49,,
648,entry,70,50,,3
648,entry,79,29,,7
648,entry,80,13,,
648,entry,90,36,,
648,start,2,28,,5
648,start,3,58,,
648,start,4,30,,
648,start,5,16,,
648,start,6,39,,
648,start,7,35,,
648,start,8,8,,
648,start,9,24,,
649,entry,0,,73,
649,entry,2,,46,
649,entry,3,35,,
649,entry,4,49,,
649,entry,5,60,,
649,entry,6,6,,
649,entry,7,40,,1
649,entry,8,16,,
649,entry,9,70,,
649,entry,10,,64,
649,entry,13,,55,
649,entry,14,28,,6
649,entry,15,9,,
649,entry,16,8,,
649,entry,17,47,,8
649,entry,18,7,,3
649,entry,19,46,,2 4
649,entry,20,59,,
649,entry,24,25,,
649,entry,25,29,,
649,entry,26,18,,
649,entry,27,38,,
649,entry,28,2,,
649,entry,29,90,,5
649,entry,30,69,,
649,entry,35,39,,
649,entry,36,58,,
649,entry,37,48,,
649,entry,38,27,,
649,entry,39,,82,
649,entry,40,79,,
649,entry,46,50,,
649,entry,47,24,,
649,entry,48,37,,
649,entry,49,68,,7
649,entry,50,0,,
649,entry,57,3,,
649,entry,58,80,,
649,entry,59,13,,
649,entry,60,19,,
649,entry,68,30,,
649,entry,69,,37,
649,entry,70,,28,
649,entry,79,4,,
649,entry,80,26,,
649,entry,90,36,,
649,start,2,5,,
649,start,3,10,,
649,start,4,,19,
649,start,5,15,,
649,start,6,14,,
649,start,7,17,,
649,start,8,20,,
649,start,9,57,,
650,entry,0,10,,
650,entry,2,79,,8
650,entry,3,59,,
650,entry,4,,19,
650,entry,5,4,,
650,entry,6,30,,1
650,entry,7,,82,7
650,entry,8,19,,
650,entry,9,35,,
650,entry,10,28,,5
650,entry,13,69,,
650,entry,14,15,,
650,entry,15,14,,
650,entry,16,68,,
650,entry,17,3,,
650,entry,18,,28,6
650,entry,19,,55,
650,entry,20,70,,
650,entry,24,25,,
650,entry,25,24,,
650,entry,26,40,,
650,entry,27,38,,
650,entry,28,27,,
650,entry,29,18,,
650,entry,30,16,,
650,entry,35,48,,
650,entry,36,90,,
650,entry,37,46,,
650,entry,38,29,,3
650,entry,39,80,,4
650,entry,40,36,,
650,entry,46,,37,
650,entry,47,,64,
650,entry,48,13,,
650,entry,49,60,,
650,entry,50,,73,
650,entry,57,7,,
650,entry,58,20,,
650,entry,59,58,,
650,entry,60,8,,
650,entry,68,47,,
650,entry,69,6,,
650,entry,70,49,,
650,entry,79,,46,
650,entry,80,9,,
650,entry,90,2,,2
650,start,2,37,,
650,start,3,39,,
650,start,4,26,,
650,start,5,50,,
650,start,6,57,,
650,start,7,17,,
650,start,8,5,,
650,start,9,0,,
651,entry,0,58,,
651,entry,2,27,,1 7
651,entry,3,18,,
651,entry,4,,64,
651,entry,5,,19,
651,entry,6,38,,
651,entry,7,60,,
651,entry,8,40,,
651,entry,9,59,,
651,entry,10,29,,
651,entry,13,28,,
651,entry,14,25,,2
651,entry,15,26,,
651,entry,16,48,,
651,entry,17,17,,
651,entry,18,50,,
651,entry,19,2,,
651,entry,20,30,,
651,entry,24,20,,
651,entry,25,36,,
651,entry,26,4,,
651,entry,27,3,,
651,entry,28,79,,
651,entry,29,,28,
651,entry,30,35,,
651,entry,35,46,,
651,entry,36,14,,8
651,entry,37,13,,
651,entry,38,80,,
651,entry,39,7,,
651,entry,40,,55,
651,entry,46,90,,
651,entry,47,47,,
651,entry,48,57,,
651,entry,49,69,,
651,entry,50,6,,
651,entry,57,68,,5
651,entry,58,,73,4
651,entry,59,,82,
651,entry,60,16,,
651,entry,68,19,,6
651,entry,69,70,,
651,entry,70,,37,
651,entry,79,39,,
651,entry,80,5,,
651,entry,90,15,,3
651,start,2,,46,
651,start,3,10,,
651,start,4,49,,
651,start,5,9,,
651,start,6,37,,
651,start,7,0,,
651,start,8,8,,
651,start,9,24,,
652,entry,0,37,,
652,entry,2,39,,
652,entry,3,36,,
652,entry,4,16,,
652,entry,5,68,,
652,entry,6,48,,
652,entry,7,10,,
652,entry,8,7,,
652,entry,9,29,,5
652,entry,10,19,,1
652,entry,13,47,,8
652,entry,14,59,,
652,entry,15,15,,
652,entry,16,40,,
652,entry,17,,73,
652,entry,18,,19,
652,entry,19,14,,
652,entry,20,24,,
652,entry,24,69,,
652,entry,25,25,,6
652,entry,26,,37,
652,entry,27,80,,2 4
652,entry,28,3,,
652,entry,29,9,,
652,entry,30,,46,
652,entry,35,70,,3
652,entry,36,4,,
652,entry,37,27,,
652,entry,38,38,,
652,entry,39,46,,
652,entry,40,5,,
652,entry,46,58,,
652,entry,47,2,,
652,entry,48,17,,
652,entry,49,6,,
652,entry,50,,28,
652,entry,57,26,,
652,entry,58,79,,
652,entry,59,8,,
652,entry,60,28,,
652,entry,68,0,,
652,entry,69,18,,
652,entry,70,,82,
652,entry,79,,64,
652,entry,80,35,,
652,entry,90,,55,
652,start,2,49,,
652,start,3,30,,
652,start,4,50,,
652,start,5,13,,
652,start,6,90,,7
652,start,7,60,,
652,start,8,20,,
652,start,9,57,,
653,entry,0,49,,
653,entry,2,46,,
653,entry,3,19,,
653,entry,4,18,,
653,entry,5,9,,
653,entry,6,36,,
653,entry,7,,19,
653,entry,8,4,,
653,entry,9,,55,
653,entry,10,59,,
653,entry,13,13,,5
653,entry,14,15,,
653,entry,15,37,,
653,entry,16,3,,
653,entry,17,40,,
653,entry,18,28,,
653,entry,19,70,,2 7
653,entry,20,8,,
653,entry,24,,73,
653,entry,25,68,,4
653,entry,26,80,,
653,entry,27,57,,6
653,entry,28,90,,
653,entry,29,58,,
653,entry,30,38,,
653,entry,35,25,,
653,entry,36,35,,
653,entry,37,29,,
653,entry,38,50,,1
653,entry,39,20,,
653,entry,40,7,,
653,entry,46,47,,
653,entry,47,39,,
653,entry,48,16,,
653,entry,49,30,,
653,entry,50,,82,
653,entry,57,26,,
653,entry,58,,46,
653,entry,59,17,,
653,entry,60,69,,
653,entry,68,48,,
653,entry,69,27,,
653,entry,70,79,,8
653,entry,79,24,,3
653,entry,80,10,,
653,entry,90,14,,
653,start,2,6,,
653,start,3,,64,
653,start,4,,37,
653,start,5,2,,
653,start,6,60,,
653,start,7,,28,
653,start,8,5,,
653,start,9,0,,
654,entry,0,9,,
654,entry,2,,55,
654,entry,3,13,,
654,entry,4,90,,
654,entry,5,37,,
654,entry,6,10,,
654,entry,7,,73,7
654,entry,8,,82,
654,entry,9,79,,
654,entry,10,19,,
654,entry,13,35,,
654,entry,14,,28,
654,entry,15,47,,1
654,entry,16,2,,
654,entry,17,18,,
654,entry,18,38,,
654,entry,19,,64,
654,entry,20,70,,
654,entry,24,3,,
654,entry,25,69,,
654,entry,26,15,,
654,entry,27,49,,
654,entry,28,59,,
654,entry,29,7,,
654,entry,30,60,,2
654,entry,35,80,,
654,entry,36,25,,
654,entry,37,39,,
654,entry,38,17,,
654,entry,39,27,,6
654,entry,40,68,,
654,entry,46,26,,
654,entry,47,0,,4
654,entry,48,57,,
654,entry,49,40,,
654,entry,50,4,,
654,entry,57,48,,
654,entry,58,5,,
654,entry,59,50,,3
654,entry,60,14,,8
654,entry,68,,19,
654,entry,69,46,,
654,entry,70,6,,
654,entry,79,36,,
654,entry,80,16,,
654,entry,90,20,,
654,start,2,28,,5
654,start,3,58,,
654,start,4,30,,
654,start,5,,46,
654,start,6,29,,
654,start,7,,37,
654,start,8,8,,
654,start,9,24,,
655,entry,0,,73,5
655,entry,2,90,,2 4
655,entry,3,17,,
655,entry,4,19,,
655,entry,5,10,,
655,entry,6,35,,
655,entry,7,37,,
655,entry,8,68,,
655,entry,9,13,,
655,entry,10,27,,
655,entry,13,16,,
655,entry,14,58,,
655,entry,15,,82,
655,entry,16,,55,
655,entry,17,29,,
655,entry,18,6,,
655,entry,19,26,,
655,entry,20,59,,
655,entry,24,7,,
655,entry,25,9,,
655,entry,26,,46,
655,entry,27,39,,
655,entry,28,8,,
655,entry,29,69,,
655,entry,30,46,,7
655,entry,35,4,,
655,entry,36,70,,
655,entry,37,,64,
655,entry,38,18,,
655,entry,39,79,,1
655,entry,40,30,,
655,entry,46,0,,
655,entry,47,28,,6
655,entry,48,49,,
655,entry,49,,37,
655,entry,50,40,,
655,entry,57,25,,
655,entry,58,50,,
655,entry,59,80,,
655,entry,60,,19,
655,entry,68,60,,
655,entry,69,14,,
655,entry,70,2,,3
655,entry,79,24,,
655,entry,80,48,,
655,entry,90,3,,
655,start,2,5,,
655,start,3,47,,8
655,start,4,38,,
655,start,5,15,,
655,start,6,36,,
655,start,7,,28,
655,start,8,20,,
655,start,9,57,,
656,entry,0,68,,
656,entry,2,38,,
656,entry,3,13,,
656,entry,4,17,,
656,entry,5,15,,
656,entry,6,7,,4
656,entry,7,,46,
656,entry,8,18,,
656,entry,9,69,,
656,entry,10,,82,
656,entry,13,70,,
656,entry,14,20,,
656,entry,15,,28,6
656,entry,16,14,,
656,entry,17,80,,
656,entry,18,28,,5
656,entry,19,48,,
656,entry,20,9,,
656,entry,24,47,,
656,entry,25,29,,
656,entry,26,58,,
656,entry,27,2,,2
656,entry,28,24,,
656,entry,29,,19,
656,entry,30,30,,1
656,entry,35,25,,3
656,entry,36,6,,
656,entry,37,35,,
656,entry,38,16,,
656,entry,39,,37,
656,entry,40,49,,
656,entry,46,59,,7
656,entry,47,,55,
656,entry,48,37,,
656,entry,49,60,,
656,entry,50,40,,
656,entry,57,,64,
656,entry,58,36,,
656,entry,59,57,,
656,entry,60,90,,
656,entry,68,46,,
656,entry,69,,73,
656,entry,70,79,,8
656,entry,79,8,,
656,entry,80,10,,
656,entry,90,3,,
656,start,2,39,,
656,start,3,50,,
656,start,4,27,,
656,start,5,4,,
656,start,6,26,,
656,start,7,19,,
656,start,8,5,,
656,start,9,0,,
657,entry,0,16,,
657,entry,2,6,,
657,entry,3,60,,
657,entry,4,28,,
657,entry,5,48,,
657,entry,6,46,,
657,entry,7,,73,
657,entry,8,,82,
657,entry,9,26,,
657,entry,10,17,,
657,entry,13,30,,
657,entry,14,47,,1 7
657,entry,15,25,,2
657,entry,16,,64,
657,entry,17,68,,5
657,entry,18,9,,4
657,entry,19,19,,
657,entry,20,27,,
657,entry,24,50,,
657,entry,25,20,,
657,entry,26,7,,
657,entry,27,59,,
657,entry,28,39,,6
657,entry,29,70,,
657,entry,30,79,,
657,entry,35,18,,
657,entry,36,57,,
657,entry,37,40,,
657,entry,38,,55,
657,entry,39,14,,8
657,entry,40,5,,
657,entry,46,38,,
657,entry,47,90,,
657,entry,48,37,,
657,entry,49,,46,
657,entry,50,15,,3
657,entry,57,,19,
657,entry,58,,37,
657,entry,59,35,,
657,entry,60,80,,
657,entry,68,4,,
657,entry,69,,28,
657,entry,70,3,,
657,entry,79,36,,
657,entry,80,13,,
657,entry,90,58,,
657,start,2,2,,
657,start,3,10,,
657,start,4,69,,
657,start,5,29,,
657,start,6,49,,
657,start,7,0,,
657,start,8,8,,
657,start,9,24,,
658,entry,0,38,,
658,entry,2,70,,3
658,entry,3,15,,
658,entry,4,,73,
658,entry,5,90,,
658,entry,6,2,,
658,entry,7,58,,
658,entry,8,9,,
658,entry,9,5,,
658,entry,10,27,,
658,entry,13,25,,6
658,entry,14,,64,
658,entry,15,46,,
658,entry,16,,28,
658,entry,17,59,,
658,entry,18,13,,
658,entry,19,49,,
658,entry,20,37,,
658,entry,24,7,,
658,entry,25,18,,
658,entry,26,80,,2 4
658,entry,27,36,,
658,entry,28,,37,
658,entry,29,28,,
658,entry,30,3,,
658,entry,35,47,,8
658,entry,36,10,,
658,entry,37,0,,
658,entry,38,4,,
658,entry,39,,82,
658,entry,40,,55,
658,entry,46,68,,
658,entry,47,26,,
658,entry,48,16,,
658,entry,49,48,,7
658,entry,50,39,,
658,entry,57,,19,
658,entry,58,40,,
658,entry,59,30,,
658,entry,60,35,,
658,entry,68,79,,
658,entry,69,29,,5
658,entry,70,19,,1
658,entry,79,14,,
658,entry,80,24,,
658,entry,90,,46,
658,start,2,17,,
658,start,3,8,,
658,start,4,50,,
658,start,5,69,,
658,start,6,6,,
658,start,7,60,,
658,start,8,20,,
658,start,9,57,,
659,entry,0,3,,
659,entry,2,10,,7
659,entry,3,9,,
659,entry,4,40,,
659,entry,5,,46,
659,entry,6,59,,3
659,entry,7,46,,2
659,entry,8,29,,
659,entry,9,,37,
659,entry,10,50,,
659,entry,13,79,,8
659,entry,14,57,,6
659,entry,15,69,,
659,entry,16,80,,
659,entry,17,58,,
659,entry,18,27,,
659,entry,19,68,,
659,entry,20,35,,
659,entry,24,,82,
659,entry,25,48,,
659,entry,26,28,,
659,entry,27,20,,
659,entry,28,,55,
659,entry,29,60,,5
659,entry,30,19,,
659,entry,35,,19,
659,entry,36,90,,
659,entry,37,30,,
659,entry,38,6,,
659,entry,39,15,,
659,entry,40,37,,
659,entry,46,47,,1
659,entry,47,39,,
659,entry,48,16,,
659,entry,49,,73,
659,entry,50,7,,
659,entry,57,49,,
659,entry,58,13,,
659,entry,59,8,,
659,entry,60,17,,4
659,entry,68,14,,
659,entry,69,4,,
659,entry,70,25,,
659,entry,79,38,,
659,entry,80,18,,
659,entry,90,,64,
659,start,2,24,,
659,start,3,26,,
659,start,4,70,,
659,start,5,2,,
659,start,6,36,,
659,start,7,,28,
659,start,8,5,,
659,start,9,0,,
660,entry,0,,46,
660,entry,2,3,,
660,entry,3,2,,
660,entry,4,,73,
660,entry,5,5,,
660,entry,6,19,,4
660,entry,7,90,,
660,entry,8,10,,
660,entry,9,6,,
660,entry,10,35,,
660,entry,13,,28,
660,entry,14,38,,
660,entry,15,15,,
660,entry,16,48,,
660,entry,17,69,,
660,entry,18,36,,
660,entry,19,0,,
660,entry,20,27,,
660,entry,24,59,,
660,entry,25,25,,
660,entry,26,29,,
660,entry,27,57,,7
660,entry,28,,64,
660,entry,29,79,,
660,entry,30,37,,
660,entry,35,26,,1
660,entry,36,,19,
660,entry,37,18,,
660,entry,38,7,,
660,entry,39,20,,
660,entry,40,80,,
660,entry,46,70,,
660,entry,47,39,,
660,entry,48,49,,
660,entry,49,46,,
660,entry,50,60,,2
660,entry,57,9,,
660,entry,58,16,,
660,entry,59,17,,6
660,entry,60,68,,
660,entry,68,47,,
660,entry,69,40,,
660,entry,70,,37,
660,entry,79,50,,3
660,entry,80,4,,
660,entry,90,,55,
660,start,2,28,,5
660,start,3,58,,
660,start,4,30,,
660,start,5,14,,8
660,start,6,,82,
660,start,7,13,,
660,start,8,8,,
660,start,9,24,,
661,entry,0,29,,
661,entry,2,14,,
661,entry,3,50,,
661,entry,4,8,,
661,entry,5,27,,
661,entry,6,30,,
661,entry,7,3,,
661,entry,8,,19,7
661,entry,9,79,,
661,entry,10,39,,
661,entry,13,60,,
661,entry,14,18,,
661,entry,15,24,,
661,entry,16,,73,
661,entry,17,13,,
661,entry,18,38,,2 4
661,entry,19,0,,
661,entry,20,2,,
661,entry,24,37,,
661,entry,25,,64,
661,entry,26,,82,1
661,entry,27,58,,3
661,entry,28,16,,5
661,entry,29,10,,
661,entry,30,28,,6
661,entry,35,6,,
661,entry,36,69,,
661,entry,37,36,,
661,entry,38,80,,
661,entry,39,90,,
661,entry,40,25,,
661,entry,46,17,,
661,entry,47,49,,
661,entry,48,47,,8
661,entry,49,19,,
661,entry,50,35,,
661,entry,57,59,,
661,entry,58,48,,
661,entry,59,46,,
661,entry,60,,55,
661,entry,68,,28,
661,entry,69,,37,
661,entry,70,,46,
661,entry,79,70,,
661,entry,80,7,,
661,entry,90,9,,
661,start,2,5,,
661,start,3,4,,
661,start,4,26,,
661,start,5,15,,
661,start,6,40,,
661,start,7,68,,
661,start,8,20,,
661,start,9,57,,
662,entry,0,46,,7
662,entry,2,,55,
662,entry,3,2,,2
662,entry,4,,64,
662,entry,5,49,,
662,entry,6,10,,
662,entry,7,9,,
662,entry,8,14,,
662,entry,9,25,,
662,entry,10,15,,4
662,entry,13,35,,
662,entry,14,7,,
662,entry,15,16,,
662,entry,16,50,,
662,entry,17,19,,
662,entry,18,30,,1
662,entry,19,20,,
662,entry,20,39,,
662,entry,24,18,,
662,entry,25,13,,
662,entry,26,60,,
662,entry,27,48,,
662,entry,28,36,,
662,entry,29,47,,
662,entry,30,58,,
662,entry,35,3,,
662,entry,36,70,,
662,entry,37,,19,
662,entry,38,40,,
662,entry,39,59,,
662,entry,40,6,,
662,entry,46,28,,5
662,entry,47,69,,
662,entry,48,90,,
662,entry,49,8,,
662,entry,50,37,,
662,entry,57,79,,8
662,entry,58,68,,
662,entry,59,38,,
662,entry,60,57,,
662,entry,68,,82,
662,entry,69,,37,
662,entry,70,,28,6
662,entry,79,4,,
662,entry,80,,46,
662,entry,90,,73,3
662,start,2,26,,
662,start,3,27,,
662,start,4,80,,
662,start,5,29,,
662,start,6,17,,
662,start,7,24,,
662,start,8,5,,
662,start,9,0,,
663,entry,0,19,,
663,entry,2,9,,
663,entry,3,79,,
663,entry,4,,37,
663,entry,5,49,,
663,entry,6,,55,
663,entry,7,27,,
663,entry,8,60,,
663,entry,9,38,,
663,entry,10,13,,
663,entry,13,2,,
663,entry,14,4,,4
663,entry,15,59,,
663,entry,16,36,,
663,entry,17,5,,
663,entry,18,29,,
663,entry,19,48,,
663,entry,20,68,,5
663,entry,24,35,,6
663,entry,25,26,,
663,entry,26,14,,8
663,entry,27,15,,3
663,entry,28,30,,
663,entry,29,58,,
663,entry,30,40,,
663,entry,35,46,,
663,entry,36,70,,
663,entry,37,17,,
663,entry,38,69,,
663,entry,39,25,,2
663,entry,40,50,,
663,entry,46,39,,
663,entry,47,,73,
663,entry,48,80,,
663,entry,49,20,,
663,entry,50,37,,
663,entry,57,,82,
663,entry,58,90,,
663,entry,59,18,,
663,entry,60,47,,
663,entry,68,,19,
663,entry,69,28,,
663,entry,70,,64,
663,entry,79,,28,1 7
663,entry,80,7,,
663,entry,90,3,,
663,start,2,57,,
663,start,3,10,,
663,start,4,16,,
663,start,5,,46,
663,start,6,6,,
663,start,7,0,,
663,start,8,8,,
663,start,9,24,,
664,entry,0,5,,
664,entry,2,,46,
664,entry,3,19,,1
664,entry,4,6,,
664,entry,5,26,,
664,entry,6,47,,8
664,entry,7,0,,
664,entry,8,17,,
664,entry,9,49,,
664,entry,10,10,,
664,entry,13,24,,
664,entry,14,39,,
664,entry,15,48,,
664,entry,16,,73,
664,entry,17,13,,
664,entry,18,30,,
664,entry,19,59,,
664,entry,20,28,,
664,entry,24,4,,
664,entry,25,58,,
664,entry,26,15,,
664,entry,27,37,,
664,entry,28,40,,
664,entry,29,69,,7
664,entry,30,,82,
664,entry,35,18,,
664,entry,36,25,,6
664,entry,37,35,,
664,entry,38,2,,
664,entry,39,,64,
664,entry,40,36,,
664,entry,46,70,,3
664,entry,47,,55,
664,entry,48,8,,
664,entry,49,7,,
664,entry,50,46,,
664,entry,57,16,,
664,entry,58,80,,2 4
664,entry,59,79,,
664,entry,60,29,,5
664,entry,68,,37,
664,entry,69,90,,
664,entry,70,14,,
664,entry,79,27,,
664,entry,80,9,,
664,entry,90,68,,
664,start,2,38,,
664,start,3,3,,
664,start,4,50,,
664,start,5,,19,
664,start,6,,28,
664,start,7,60,,
664,start,8,20,,
664,start,9,57,,
665,entry,0,18,,
665,entry,2,25,,
665,entry,3,4,,
665,entry,4,35,,
665,entry,5,47,,
665,entry,6,,19,
665,entry,7,28,,
665,entry,8,58,,
665,entry,9,,73,
665,entry,10,17,,
665,entry,13,14,,4
665,entry,14,15,,
665,entry,15,80,,
665,entry,16,40,,
665,entry,17,90,,
665,entry,18,20,,
665,entry,19,24,,
665,entry,20,27,,
665,entry,24,,46,
665,entry,25,3,,
665,entry,26,57,,6
665,entry,27,60,,1
665,entry,28,30,,
665,entry,29,79,,8
665,entry,30,26,,
665,entry,35,19,,
665,entry,36,36,,
665,entry,37,9,,7
665,entry,38,8,,
665,entry,39,10,,
665,entry,40,29,,5
665,entry,46,46,,
665,entry,47,16,,
665,entry,48,,55,
665,entry,49,50,,
665,entry,50,13,,
665,entry,57,48,,
665,entry,58,6,,3
665,entry,59,59,,
665,entry,60,,37,
665,entry,68,49,,
665,entry,69,68,,
665,entry,70,69,,
665,entry,79,7,,2
665,entry,80,37,,
665,entry,90,38,,
665,start,2,,82,
665,start,3,70,,
665,start,4,39,,
665,start,5,2,,
665,start,6,,64,
665,start,7,,28,
665,start,8,5,,
665,start,9,0,,
666,entry,0,14,,8
666,entry,2,,37,
666,entry,3,13,,4
666,entry,4,18,,
666,entry,5,39,,
666,entry,6,36,,
666,entry,7,5,,
666,entry,8,68,,
666,entry,9,35,,
666,entry,10,0,,
666,entry,13,48,,
666,entry,14,2,,
666,entry,15,,19,
666,entry,16,25,,
666,entry,17,15,,
666,entry,18,16,,
666,entry,19,,55,
666,entry,20,10,,
666,entry,24,3,,
666,entry,25,80,,
666,entry,26,26,,
666,entry,27,9,,6
666,entry,28,17,,
666,entry,29,37,,
666,entry,30,20,,
666,entry,35,49,,7
666,entry,36,,28,
666,entry,37,40,,
666,entry,38,57,,
666,entry,39,47,,
666,entry,40,46,,
666,entry,46,,82,
666,entry,47,50,,3
666,entry,48,,73,
666,entry,49,7,,
666,entry,50,,64,1
666,entry,57,70,,
666,entry,58,4,,
666,entry,59,59,,
666,entry,60,19,,
666,entry,68,79,,
666,entry,69,90,,
666,entry,70,29,,
666,entry,79,60,,2
666,entry,80,69,,
666,entry,90,,46,
666,start,2,28,,5
666,start,3,58,,
666,start,4,30,,
666,start,5,27,,
666,start,6,38,,
666,start,7,6,,
666,start,8,8,,
666,start,9,24,,
667,entry,0,9,,
667,entry,2,,28,
667,entry,3,49,,
667,entry,4,,19,
667,entry,5,47,,8
667,entry,6,28,,6
667,entry,7,50,,
667,entry,8,70,,
667,entry,9,68,,
667,entry,10,2,,2 4
667,entry,13,40,,
667,entry,14,,82,
667,entry,15,0,,
667,entry,16,25,,
667,entry,17,60,,
667,entry,18,24,,
667,entry,19,,37,
667,entry,20,48,,5
667,entry,24,19,,
667,entry,25,10,,
667,entry,26,35,,
667,entry,27,37,,
667,entry,28,59,,
667,entry,29,4,,
667,entry,30,27,,
667,entry,35,90,,
667,entry,36,,55,
667,entry,37,29,,
667,entry,38,6,,
667,entry,39,26,,
667,entry,40,14,,
667,entry,46,,46,
667,entry,47,39,,
667,entry,48,8,,
667,entry,49,69,,
667,entry,50,46,,
667,entry,57,17,,
667,entry,58,18,,
667,entry,59,79,,1
667,entry,60,,64,
667,entry,68,80,,
667,entry,69,16,,
667,entry,70,7,,7
667,entry,79,,73,
667,entry,80,30,,
667,entry,90,3,,3
667,start,2,5,,
667,start,3,38,,
667,start,4,58,,
667,start,5,15,,
667,start,6,36,,
667,start,7,13,,
667,start,8,20,,
667,start,9,57,,
668,entry,0,19,,
668,entry,2,80,,
668,entry,3,,37,
668,entry,4,10,,
668,entry,5,50,,
668,entry,6,48,,
668,entry,7,40,,
668,entry,8,59,,
668,entry,9,39,,
668,entry,10,2,,2
668,entry,13,4,,
668,entry,14,16,,
668,entry,15,60,,
668,entry,16,,19,
668,entry,17,90,,
668,entry,18,38,,
668,entry,19,,28,6
668,entry,20,35,,
668,entry,24,24,,
668,entry,25,70,,
668,entry,26,,73,
668,entry,27,37,,
668,entry,28,,46,
668,entry,29,,64,
668,entry,30,,55,
668,entry,35,28,,5
668,entry,36,8,,
668,entry,37,27,,7
668,entry,38,26,,
668,entry,39,49,,3
668,entry,40,68,,
668,entry,46,18,,
668,entry,47,15,,
668,entry,48,36,,
668,entry,49,3,,
668,entry,50,,82,4
668,entry,57,25,,
668,entry,58,30,,1
668,entry,59,20,,
668,entry,60,79,,8
668,entry,68,17,,
668,entry,69,47,,
668,entry,70,58,,
668,entry,79,57,,
668,entry,80,6,,
668,entry,90,29,,
668,start,2,7,,
668,start,3,9,,
668,start,4,14,,
668,start,5,69,,
668,start,6,13,,
668,start,7,46,,
668,start,8,5,,
668,start,9,0,,
669,entry,0,7,,
669,entry,2,,64,
669,entry,3,14,,8
669,entry,4,3,,
669,entry,5,9,,6
669,entry,6,26,,
669,entry,7,,37,
669,entry,8,6,,
669,entry,9,28,,
669,entry,10,19,,
669,entry,13,79,,
669,entry,14,37,,
669,entry,15,36,,
669,entry,16,38,,
669,entry,17,48,,
669,entry,18,46,,
669,entry,19,17,,1 7
669,entry,20,29,,
669,entry,24,68,,5
669,entry,25,16,,
669,entry,26,58,,
669,entry,27,,73,
669,entry,28,5,,
669,entry,29,59,,
669,entry,30,40,,
669,entry,35,,28,
669,entry,36,47,,
669,entry,37,70,,
669,entry,38,15,,3
669,entry,39,69,,
669,entry,40,50,,
669,entry,46,57,,4
669,entry,47,80,,
669,entry,48,49,,
669,entry,49,30,,
669,entry,50,60,,
669,entry,57,90,,
669,entry,58,,19,
669,entry,59,,46,
669,entry,60,13,,
669,entry,68,2,,
669,entry,69,35,,
669,entry,70,25,,2
669,entry,79,,55,
669,entry,80,20,,
669,entry,90,18,,
669,start,2,27,,
669,start,3,10,,
669,start,4,39,,
669,start,5,,82,
669,start,6,4,,
669,start,7,0,,
669,start,8,8,,
669,start,9,24,,
670,entry,0,79,,
670,entry,2,69,,
670,entry,3,4,,
670,entry,4,9,,
670,entry,5,30,,
670,entry,6,,46,
670,entry,7,3,,
670,entry,8,,64,
670,entry,9,35,,
670,entry,10,48,,
670,entry,13,16,,
670,entry,14,13,,
670,entry,15,40,,
670,entry,16,5,,
670,entry,17,2,,
670,entry,18,15,,
670,entry,19,58,,
670,entry,20,49,,
670,entry,24,,37,
670,entry,25,29,,5
670,entry,26,68,,
670,entry,27,39,,
670,entry,28,25,,6
670,entry,29,10,,
670,entry,30,26,,
670,entry,35,14,,
670,entry,36,28,,
670,entry,37,,55,
670,entry,38,70,,3
670,entry,39,36,,
670,entry,40,0,,
670,entry,46,,82,
670,entry,47,19,,1
670,entry,48,38,,7
670,entry,49,37,,
670,entry,50,90,,
670,entry,57,24,,
670,entry,58,17,,
670,entry,59,47,,8
670,entry,60,,19,
670,entry,68,27,,
670,entry,69,,73,
670,entry,70,6,,
670,entry,79,46,,
670,entry,80,,28,
670,entry,90,80,,2 4
670,start,2,7,,
670,start,3,18,,
670,start,4,50,,
670,start,5,59,,
670,start,6,8,,
670,start,7,60,,
670,start,8,20,,
670,start,9,57,,
671,entry,0,27,,
671,entry,2,17,,
671,entry,3,25,,
671,entry,4,14,,
671,entry,5,3,,
671,entry,6,57,,6
671,entry,7,46,,1
671,entry,8,30,,
671,entry,9,79,,8
671,entry,10,24,,
671,entry,13,18,,
671,entry,14,13,,
671,entry,15,,82,
671,entry,16,,46,
671,entry,17,,73,
671,entry,18,6,,
671,entry,19,10,,
671,entry,20,9,,5
671,entry,24,,37,4
671,entry,25,35,,
671,entry,26,26,,
671,entry,27,60,,
671,entry,28,16,,
671,entry,29,36,,
671,entry,30,49,,
671,entry,35,8,,
671,entry,36,70,,
671,entry,37,48,,
671,entry,38,47,,3
671,entry,39,39,,
671,entry,40,59,,
671,entry,46,80,,
671,entry,47,,19,
671,entry,48,29,,
671,entry,49,68,,7
671,entry,50,69,,
671,entry,57,40,,
671,entry,58,28,,
671,entry,59,7,,2
671,entry,60,37,,
671,entry,68,90,,
671,entry,69,58,,
671,entry,70,38,,
671,entry,79,20,,
671,entry,80,,55,
671,entry,90,4,,
671,start,2,15,,
671,start,3,50,,
671,start,4,19,,
671,start,5,2,,
671,start,6,,64,
671,start,7,,28,
671,start,8,5,,
671,start,9,0,,
672,entry,0,29,,
672,entry,2,19,,
672,entry,3,60,,2
672,entry,4,20,,
672,entry,5,,73,
672,entry,6,10,,1
672,entry,7,38,,
672,entry,8,2,,
672,entry,9,17,,
672,entry,10,69,,
672,entry,13,68,,
672,entry,14,46,,
672,entry,15,,82,
672,entry,16,15,,
672,entry,17,47,,
672,entry,18,13,,7
672,entry,19,36,,
672,entry,20,80,,
672,entry,24,,28,
672,entry,25,49,,
672,entry,26,25,,
672,entry,27,14,,8
672,entry,28,18,,
672,entry,29,70,,
672,entry,30,16,,
672,entry,35,59,,
672,entry,36,26,,
672,entry,37,,46,
672,entry,38,,55,
672,entry,39,5,,
672,entry,40,79,,
672,entry,46,57,,
672,entry,47,35,,
672,entry,48,7,,
672,entry,49,6,,
672,entry,50,27,,
672,entry,57,0,,
672,entry,58,,37,4
672,entry,59,90,,
672,entry,60,37,,
672,entry,68,48,,
672,entry,69,3,,
672,entry,70,,19,6
672,entry,79,4,,
672,entry,80,40,,
672,entry,90,50,,3
672,start,2,28,,5
672,start,3,58,,
672,start,4,30,,
672,start,5,39,,
672,start,6,,64,
672,start,7,9,,
672,start,8,8,,
672,start,9,24,,
673,entry,0,46,,
673,entry,2,38,,1
673,entry,3,90,,
673,entry,4,69,,
673,entry,5,,28,
673,entry,6,13,,2 4
673,entry,7,14,,
673,entry,8,,55,
673,entry,9,60,,
673,entry,10,37,,7
673,entry,13,,73,
673,entry,14,26,,
673,entry,15,3,,
673,entry,16,49,,5
673,entry,17,19,,
673,entry,18,,46,
673,entry,19,17,,
673,entry,20,30,,
673,entry,24,36,,
673,entry,25,,82,
673,entry,26,7,,
673,entry,27,79,,
673,entry,28,27,,
673,entry,29,29,,
673,entry,30,24,,
673,entry,35,4,,3
673,entry,36,,37,
673,entry,37,9,,
673,entry,38,48,,
673,entry,39,39,,
673,entry,40,0,,
673,entry,46,2,,
673,entry,47,,64,
673,entry,48,58,,
673,entry,49,47,,8
673,entry,50,6,,
673,entry,57,10,,
673,entry,58,70,,
673,entry,59,28,,6
673,entry,60,8,,
673,entry,68,80,,
673,entry,69,25,,
673,entry,70,18,,
673,entry,79,35,,
673,entry,80,40,,
673,entry,90,50,,
673,start,2,5,,
673,start,3,68,,
673,start,4,59,,
673,start,5,15,,
673,start,6,,19,
673,start,7,16,,
673,start,8,20,,
673,start,9,57,,
674,entry,0,46,,
674,entry,2,36,,
674,entry,3,38,,
674,entry,4,47,,
674,entry,5,7,,
674,entry,6,58,,
674,entry,7,2,,2
674,entry,8,50,,
674,entry,9,,19,
674,entry,10,30,,1
674,entry,13,26,,
674,entry,14,29,,
674,entry,15,49,,3
674,entry,16,6,,
674,entry,17,35,,
674,entry,18,16,,
674,entry,19,57,,
674,entry,20,27,,
674,entry,24,59,,
674,entry,25,9,,
674,entry,26,25,,
674,entry,27,,55,
674,entry,28,,46,
674,entry,29,,73,
674,entry,30,40,,
674,entry,35,20,,
674,entry,36,39,,
674,entry,37,14,,
674,entry,38,,37,
674,entry,39,8,,
674,entry,40,90,,
674,entry,46,,28,6
674,entry,47,,82,4
674,entry,48,4,,
674,entry,49,18,,
674,entry,50,3,,
674,entry,57,10,,
674,entry,58,80,,
674,entry,59,60,,
674,entry,60,68,,
674,entry,68,69,,
674,entry,69,70,,
674,entry,70,37,,7
674,entry,79,28,,5
674,entry,80,15,,
674,entry,90,48,,
674,start,2,17,,
674,start,3,19,,
674,start,4,24,,
674,start,5,79,,8
674,start,6,13,,
674,start,7,,64,
674,start,8,5,,
674,start,9,0,,
675,entry,0,2,,6
675,entry,2,80,,4
675,entry,3,,46,
675,entry,4,50,,
675,entry,5,14,,8
675,entry,6,15,,3
675,entry,7,,73,
675,entry,8,20,,
675,entry,9,57,,
675,entry,10,27,,
675,entry,13,69,,
675,entry,14,60,,
675,entry,15,90,,
675,entry,16,,37,
675,entry,17,,82,
675,entry,18,18,,
675,entry,19,35,,
675,entry,20,29,,
675,entry,24,4,,
675,entry,25,70,,
675,entry,26,,55,
675,entry,27,9,,
675,entry,28,28,,
675,entry,29,26,,
675,entry,30,16,,
675,entry,35,40,,
675,entry,36,6,,
675,entry,37,19,,
675,entry,38,39,,1 7
675,entry,39,36,,
675,entry,40,17,,
675,entry,46,49,,
675,entry,47,37,,
675,entry,48,,28,
675,entry,49,46,,
675,entry,50,59,,
675,entry,57,5,,
675,entry,58,3,,
675,entry,59,,64,
675,entry,60,68,,5
675,entry,68,30,,
675,entry,69,7,,
675,entry,70,48,,
675,entry,79,25,,2
675,entry,80,58,,
675,entry,90,47,,
675,start,2,79,,
675,start,3,10,,
675,start,4,13,,
675,start,5,,19,
675,start,6,38,,
675,start,7,0,,
675,start,8,8,,
675,start,9,24,,
676,entry,0,29,,5
676,entry,2,6,,
676,entry,3,,82,
676,entry,4,5,,
676,entry,5,2,,
676,entry,6,0,,
676,entry,7,59,,
676,entry,8,,19,
676,entry,9,4,,
676,entry,10,14,,
676,entry,13,17,,
676,entry,14,,37,
676,entry,15,19,,1
676,entry,16,10,,
676,entry,17,69,,
676,entry,18,13,,
676,entry,19,68,,
676,entry,20,9,,
676,entry,24,28,,
676,entry,25,24,,
676,entry,26,40,,
676,entry,27,15,,
676,entry,28,,64,
676,entry,29,90,,
676,entry,30,26,,
676,entry,35,,46,
676,entry,36,,28,7
676,entry,37,25,,6
676,entry,38,49,,
676,entry,39,,55,
676,entry,40,36,,
676,entry,46,39,,
676,entry,47,70,,3
676,entry,48,38,,
676,entry,49,27,,
676,entry,50,46,,
676,entry,57,7,,
676,entry,58,48,,
676,entry,59,37,,
676,entry,60,35,,
676,entry,68,58,,
676,entry,69,30,,
676,entry,70,8,,
676,entry,79,80,,2 4
676,entry,80,18,,
676,entry,90,3,,
676,start,2,79,,
676,start,3,,73,
676,start,4,50,,
676,start,5,16,,
676,start,6,47,,8
676,start,7,60,,
676,start,8,20,,
676,start,9,57,,
677,entry,0,6,,
677,entry,2,,55,
677,entry,3,9,,
677,entry,4,,46,
677,entry,5,,37,5
677,entry,6,25,,
677,entry,7,13,,
677,entry,8,40,,
677,entry,9,14,,
677,entry,10,24,,
677,entry,13,8,,
677,entry,14,38,,
677,entry,15,80,,7
677,entry,16,18,,
677,entry,17,35,,
677,entry,18,57,,6
677,entry,19,28,,
677,entry,20,26,,
677,entry,24,59,,
677,entry,25,15,,
677,entry,26,27,,
677,entry,27,,64,
677,entry,28,39,,
677,entry,29,90,,
677,entry,30,17,,2
677,entry,35,,73,
677,entry,36,37,,
677,entry,37,19,,
677,entry,38,49,,
677,entry,39,16,,1
677,entry,40,58,,
677,entry,46,29,,
677,entry,47,68,,
677,entry,48,60,,
677,entry,49,46,,
677,entry,50,20,,
677,entry,57,,82,4
677,entry,58,70,,
677,entry,59,50,,
677,entry,60,30,,
677,entry,68,3,,
677,entry,69,48,,
677,entry,70,69,,
677,entry,79,,19,
677,entry,80,79,,8
677,entry,90,10,,3
677,start,2,36,,
677,start,3,7,,
677,start,4,4,,
677,start,5,2,,
677,start,6,47,,
677,start,7,,28,
677,start,8,5,,
677,start,9,0,,
678,entry,0,46,,
678,entry,2,20,,
678,entry,3,70,,
678,entry,4,35,,
678,entry,5,13,,
678,entry,6,69,,
678,entry,7,49,,6
678,entry,8,57,,
678,entry,9,,82,
678,entry,10,,64,
678,entry,13,6,,
678,entry,14,,55,4
678,entry,15,90,,7
678,entry,16,4,,
678,entry,17,40,,
678,entry,18,19,,
678,entry,19,9,,
678,entry,20,7,,
678,entry,24,48,,
678,entry,25,18,,
678,entry,26,39,,
678,entry,27,50,,3
678,entry,28,29,,
678,entry,29,38,,
678,entry,30,,19,1
678,entry,35,,37,
678,entry,36,80,,
678,entry,37,15,,
678,entry,38,5,,
678,entry,39,14,,8
678,entry,40,2,,
678,entry,46,10,,
678,entry,47,36,,
678,entry,48,79,,
678,entry,49,0,,
678,entry,50,,28,
678,entry,57,59,,
678,entry,58,25,,
678,entry,59,60,,2
678,entry,60,3,,
678,entry,68,26,,
678,entry,69,68,,
678,entry,70,16,,
678,entry,79,47,,
678,entry,80,17,,
678,entry,90,27,,
678,start,2,28,,5
678,start,3,58,,
678,start,4,30,,
678,start,5,,73,
678,start,6,,46,
678,start,7,37,,
678,start,8,8,,
678,start,9,24,,
679,entry,0,,37,
679,entry,2,24,,
679,entry,3,79,,
679,entry,4,70,,
679,entry,5,3,,
679,entry,6,9,,
679,entry,7,59,,7
679,entry,8,4,,
679,entry,9,69,,
679,entry,10,6,,
679,entry,13,0,,
679,entry,14,80,,1
679,entry,15,47,,8
679,entry,16,48,,
679,entry,17,46,,
679,entry,18,16,,
679,entry,19,28,,6
679,entry,20,8,,
679,entry,24,38,,
679,entry,25,,73,
679,entry,26,58,,
679,entry,27,7,,2 4
679,entry,28,26,,
679,entry,29,25,,
679,entry,30,18,,
679,entry,35,,64,
679,entry,36,68,,
679,entry,37,2,,5
679,entry,38,36,,
679,entry,39,35,,
679,entry,40,10,,
679,entry,46,27,,3
679,entry,47,30,,
679,entry,48,19,,
679,entry,49,,55,
679,entry,50,50,,
679,entry,57,90,,
679,entry,58,13,,
679,entry,59,,46,
679,entry,60,60,,
679,entry,68,49,,
679,entry,69,17,,
679,entry,70,40,,
679,entry,79,14,,
679,entry,80,29,,
679,entry,90,39,,
679,start,2,5,,
679,start,3,,19,
679,start,4,,28,
679,start,5,15,,
679,start,6,,82,
679,start,7,37,,
679,start,8,20,,
679,start,9,57,,
680,entry,0,47,,
680,entry,2,20,,
680,entry,3,3,,3
680,entry,4,,64,
680,entry,5,19,,
680,entry,6,2,,2
680,entry,7,16,,
680,entry,8,27,,
680,entry,9,90,,
680,entry,10,15,,
680,entry,13,59,,
680,entry,14,,28,6
680,entry,15,58,,
680,entry,16,35,,
680,entry,17,70,,
680,entry,18,37,,
680,entry,19,69,,
680,entry,20,36,,
680,entry,24,14,,
680,entry,25,6,,
680,entry,26,,55,
680,entry,27,8,,
680,entry,28,68,,
680,entry,29,79,,8
680,entry,30,38,,
680,entry,35,46,,
680,entry,36,39,,
680,entry,37,18,,
680,entry,38,,82,
680,entry,39,10,,
680,entry,40,80,,
680,entry,46,49,,4
680,entry,47,57,,
680,entry,48,17,,
680,entry,49,50,,
680,entry,50,13,,
680,entry,57,26,,7
680,entry,58,28,,5
680,entry,59,48,,
680,entry,60,,37,
680,entry,68,29,,
680,entry,69,,19,
680,entry,70,30,,1
680,entry,79,25,,
680,entry,80,,46,
680,entry,90,40,,
680,start,2,24,,
680,start,3,7,,
680,start,4,60,,
680,start,5,9,,
680,start,6,,73,
680,start,7,4,,
680,start,8,5,,
680,start,9,0,,
681,entry,0,29,,
681,entry,2,15,,3
681,entry,3,36,,
681,entry,4,14,,8
681,entry,5,79,,
681,entry,6,25,,2
681,entry,7,58,,
681,entry,8,2,,
681,entry,9,16,,
681,entry,10,80,,
681,entry,13,5,,
681,entry,14,,46,
681,entry,15,39,,
681,entry,16,20,,
681,entry,17,,82,
681,entry,18,17,,
681,entry,19,48,,
681,entry,20,90,,
681,entry,24,35,,
681,entry,25,30,,
681,entry,26,18,,
681,entry,27,9,,
681,entry,28,68,,5
681,entry,29,27,,
681,entry,30,,28,
681,entry,35,4,,
681,entry,36,28,,
681,entry,37,40,,
681,entry,38,13,,
681,entry,39,37,,4
681,entry,40,38,,
681,entry,46,6,,1 7
681,entry,47,50,,
681,entry,48,,37,
681,entry,49,,73,6
681,entry,50,47,,
681,entry,57,60,,
681,entry,58,46,,
681,entry,59,26,,
681,entry,60,70,,
681,entry,68,,64,
681,entry,69,,55,
681,entry,70,49,,
681,entry,79,,19,
681,entry,80,59,,
681,entry,90,69,,
681,start,2,7,,
681,start,3,10,,
681,start,4,19,,
681,start,5,57,,
681,start,6,3,,
681,start,7,0,,
681,start,8,8,,
681,start,9,24,,
682,entry,0,47,,8
682,entry,2,,82,
682,entry,3,2,,
682,entry,4,24,,
682,entry,5,79,,
682,entry,6,70,,3
682,entry,7,17,,
682,entry,8,0,,
682,entry,9,6,,
682,entry,10,26,,
682,entry,13,28,,
682,entry,14,,46,
682,entry,15,39,,
682,entry,16,37,,
682,entry,17,27,,
682,entry,18,80,,2 4
682,entry,19,90,,
682,entry,20,29,,5
682,entry,24,5,,
682,entry,25,69,,
682,entry,26,49,,
682,entry,27,48,,
682,entry,28,18,,
682,entry,29,,28,
682,entry,30,14,,
682,entry,35,19,,1
682,entry,36,59,,
682,entry,37,58,,
682,entry,38,,19,
682,entry,39,,73,
682,entry,40,9,,
682,entry,46,10,,7
682,entry,47,15,,
682,entry,48,16,,
682,entry,49,8,,
682,entry,50,30,,
682,entry,57,25,,6
682,entry,58,38,,
682,entry,59,4,,
682,entry,60,40,,
682,entry,68,7,,
682,entry,69,35,,
682,entry,70,13,,
682,entry,79,,55,
682,entry,80,,37,
682,entry,90,36,,
682,start,2,68,,
682,start,3,,64,
682,start,4,50,,
682,start,5,3,,
682,start,6,46,,
682,start,7,60,,
682,start,8,20,,
682,start,9,57,,
683,entry,0,35,,
683,entry,2,29,,
683,entry,3,,73,
683,entry,4,46,,
683,entry,5,48,,
683,entry,6,28,,
683,entry,7,20,,
683,entry,8,16,,
683,entry,9,39,,5
683,entry,10,27,,
683,entry,13,3,,
683,entry,14,,64,
683,entry,15,,19,
683,entry,16,90,,
683,entry,17,30,,
683,entry,18,47,,
683,entry,19,8,,
683,entry,20,26,,
683,entry,24,15,,
683,entry,25,40,,
683,entry,26,,37,1
683,entry,27,68,,
683,entry,28,13,,
683,entry,29,,55,
683,entry,30,14,,
683,entry,35,57,,6
683,entry,36,17,,
683,entry,37,,82,
683,entry,38,69,,
683,entry,39,6,,
683,entry,40,24,,4
683,entry,46,19,,7
683,entry,47,9,,3
683,entry,48,70,,
683,entry,49,60,,
683,entry,50,25,,
683,entry,57,59,,
683,entry,58,79,,2 8
683,entry,59,38,,
683,entry,60,18,,
683,entry,68,58,,
683,entry,69,37,,
683,entry,70,10,,
683,entry,79,,46,
683,entry,80,50,,
683,entry,90,36,,
683,start,2,7,,
683,start,3,80,,
683,start,4,49,,
683,start,5,2,,
683,start,6,4,,
683,start,7,,28,
683,start,8,5,,
683,start,9,0,,
684,entry,0,10,,
684,entry,2,36,,
684,entry,3,50,,3
684,entry,4,0,,
684,entry,5,90,,
684,entry,6,60,,2
684,entry,7,9,,
684,entry,8,70,,
684,entry,9,,28,
684,entry,10,20,,
684,entry,13,35,,
684,entry,14,2,,6
684,entry,15,,46,
684,entry,16,68,,
684,entry,17,59,,
684,entry,18,5,,1
684,entry,19,3,,4
684,entry,20,16,,
684,entry,24,40,,
684,entry,25,79,,
684,entry,26,29,,
684,entry,27,69,,
684,entry,28,46,,
684,entry,29,48,,
684,entry,30,,19,
684,entry,35,,55,
684,entry,36,39,,
684,entry,37,15,,
684,entry,38,,64,
684,entry,39,14,,8
684,entry,40,13,,
684,entry,46,80,,
684,entry,47,25,,
684,entry,48,7,,
684,entry,49,57,,
684,entry,50,17,,
684,entry,57,38,,
684,entry,58,,73,
684,entry,59,27,,
684,entry,60,4,,
684,entry,68,,82,
684,entry,69,37,,
684,entry,70,,37,7
684,entry,79,47,,
684,entry,80,18,,
684,entry,90,6,,
684,start,2,28,,5
684,start,3,58,,
684,start,4,30,,
684,start,5,49,,
684,start,6,26,,
684,start,7,19,,
684,start,8,8,,
684,start,9,24,,
685,entry,0,79,,7
685,entry,2,4,,
685,entry,3,7,,
685,entry,4,36,,
685,entry,5,,55,
685,entry,6,39,,
685,entry,7,18,,
685,entry,8,58,,
685,entry,9,69,,
685,entry,10,30,,
685,entry,13,19,,
685,entry,14,46,,
685,entry,15,,46,
685,entry,16,0,,
685,entry,17,2,,
685,entry,18,90,,
685,entry,19,47,,3 8
685,entry,20,17,,
685,entry,24,,64,
685,entry,25,10,,
685,entry,26,28,,6
685,entry,27,50,,
685,entry,28,,19,
685,entry,29,,37,
685,entry,30,27,,2 4
685,entry,35,26,,
685,entry,36,25,,
685,entry,37,60,,
685,entry,38,24,,
685,entry,39,38,,
685,entry,40,3,,5
685,entry,46,35,,
685,entry,47,37,,
685,entry,48,16,,
685,entry,49,48,,
685,entry,50,40,,
685,entry,57,29,,
685,entry,58,6,,
685,entry,59,,82,
685,entry,60,70,,
685,entry,68,8,,
685,entry,69,80,,
685,entry,70,68,,
685,entry,79,14,,1
685,entry,80,49,,
685,entry,90,59,,
685,start,2,5,,
685,start,3,,28,
685,start,4,13,,
685,start,5,15,,
685,start,6,9,,
685,start,7,,73,
685,start,8,20,,
685,start,9,57,,
686,entry,0,90,,
686,entry,2,40,,
686,entry,3,30,,1
686,entry,4,39,,
686,entry,5,47,,
686,entry,6,,28,6
686,entry,7,60,,4 7
686,entry,8,3,,
686,entry,9,37,,
686,entry,10,25,,
686,entry,13,50,,
686,entry,14,49,,
686,entry,15,18,,
686,entry,16,79,,8
686,entry,17,46,,
686,entry,18,9,,
686,entry,19,68,,
686,entry,20,14,,
686,entry,24,59,,
686,entry,25,,73,
686,entry,26,57,,3
686,entry,27,58,,
686,entry,28,8,,
686,entry,29,,82,
686,entry,30,24,,
686,entry,35,38,,
686,entry,36,15,,
686,entry,37,6,,
686,entry,38,2,,2
686,entry,39,28,,5
686,entry,40,,46,
686,entry,46,20,,
686,entry,47,26,,
686,entry,48,35,,
686,entry,49,,64,
686,entry,50,48,,
686,entry,57,4,,
686,entry,58,,55,
686,entry,59,16,,
686,entry,60,,19,
686,entry,68,70,,
686,entry,69,29,,
686,entry,70,7,,
686,entry,79,13,,
686,entry,80,17,,
686,entry,90,27,,
686,start,2,10,,
686,start,3,,37,
686,start,4,19,,
686,start,5,36,,
686,start,6,80,,
686,start,7,69,,
686,start,8,5,,
686,start,9,0,,
687,entry,0,38,,
687,entry,2,35,,
687,entry,3,17,,
687,entry,4,59,,
687,entry,5,5,,
687,entry,6,3,,
687,entry,7,18,,
687,entry,8,,28,
687,entry,9,80,,
687,entry,10,48,,
687,entry,13,70,,
687,entry,14,39,,
687,entry,15,15,,3
687,entry,16,13,,
687,entry,17,28,,
687,entry,18,79,,
687,entry,19,,55,
687,entry,20,60,,
687,entry,24,90,,
687,entry,25,,82,
687,entry,26,,37,
687,entry,27,,46,1 7
687,entry,28,9,,
687,entry,29,68,,5
687,entry,30,,19,
687,entry,35,49,,
687,entry,36,4,,
687,entry,37,,64,
687,entry,38,19,,
687,entry,39,36,,
687,entry,40,6,,
687,entry,46,47,,
687,entry,47,7,,
687,entry,48,29,,
687,entry,49,46,,
687,entry,50,16,,4
687,entry,57,30,,
687,entry,58,25,,2
687,entry,59,57,,
687,entry,60,37,,6
687,entry,68,20,,
687,entry,69,40,,
687,entry,70,58,,
687,entry,79,2,,
687,entry,80,14,,8
687,entry,90,69,,
687,start,2,50,,
687,start,3,10,,
687,start,4,,73,
687,start,5,27,,
687,start,6,26,,
687,start,7,0,,
687,start,8,8,,
687,start,9,24,,
688,entry,0,49,,
688,entry,2,68,,
688,entry,3,70,,3
688,entry,4,48,,
688,entry,5,69,,
688,entry,6,80,,2 4
688,entry,7,47,,8
688,entry,8,27,,
688,entry,9,28,,
688,entry,10,7,,
688,entry,13,30,,
688,entry,14,15,,
688,entry,15,79,,
688,entry,16,,55,
688,entry,17,35,,
688,entry,18,37,,
688,entry,19,,82,
688,entry,20,46,,
688,entry,24,25,,6
688,entry,25,0,,7
688,entry,26,90,,
688,entry,27,26,,
688,entry,28,16,,
688,entry,29,40,,
688,entry,30,39,,
688,entry,35,38,,
688,entry,36,4,,
688,entry,37,6,,
688,entry,38,13,,
688,entry,39,3,,
688,entry,40,36,,
688,entry,46,,73,
688,entry,47,8,,
688,entry,48,,37,
688,entry,49,29,,5
688,entry,50,19,,1
688,entry,57,,64,
688,entry,58,10,,
688,entry,59,14,,
688,entry,60,24,,
688,entry,68,2,,
688,entry,69,9,,
688,entry,70,,46,
688,entry,79,17,,
688,entry,80,5,,
688,entry,90,,19,
688,start,2,58,,
688,start,3,59,,
688,start,4,50,,
688,start,5,,28,
688,start,6,18,,
688,start,7,60,,
688,start,8,20,,
688,start,9,57,,
689,entry,0,15,,
689,entry,2,10,,
689,entry,3,38,,
689,entry,4,26,,
689,entry,5,39,,
689,entry,6,69,,
689,entry,7,24,,
689,entry,8,48,,
689,entry,9,13,,
689,entry,10,,73,
689,entry,13,9,,
689,entry,14,36,,7
689,entry,15,60,,
689,entry,16,79,,4 8
689,entry,17,3,,
689,entry,18,,19,
689,entry,19,,37,3
689,entry,20,8,,
689,entry,24,49,,
689,entry,25,,64,5
689,entry,26,25,,
689,entry,27,46,,
689,entry,28,40,,
689,entry,29,17,,
689,entry,30,27,,
689,entry,35,,46,
689,entry,36,18,,
689,entry,37,35,,
689,entry,38,57,,6
689,entry,39,28,,
689,entry,40,59,,
689,entry,46,47,,
689,entry,47,,82,
689,entry,48,70,,
689,entry,49,90,,
689,entry,50,16,,2
689,entry,57,50,,
689,entry,58,80,,
689,entry,59,,55,1
689,entry,60,58,,
689,entry,68,14,,
689,entry,69,68,,
689,entry,70,20,,
689,entry,79,4,,
689,entry,80,30,,
689,entry,90,19,,
689,start,2,37,,
689,start,3,29,,
689,start,4,7,,
689,start,5,2,,
689,start,6,6,,
689,start,7,,28,
689,start,8,5,,
689,start,9,0,,
690,entry,0,40,,
690,entry,2,57,,6
690,entry,3,,82,
690,entry,4,37,,
690,entry,5,68,,
690,entry,6,17,,
690,entry,7,0,,
690,entry,8,13,,
690,entry,9,20,,
690,entry,10,50,,3
690,entry,13,39,,
690,entry,14,26,,
690,entry,15,35,,
690,entry,16,,28,
690,entry,17,10,,
690,entry,18,7,,
690,entry,19,19,,7
690,entry,20,,73,
690,entry,24,79,,
690,entry,25,,55,
690,entry,26,3,,
690,entry,27,,37,
690,entry,28,29,,
690,entry,29,18,,
690,entry,30,36,,
690,entry,35,27,,
690,entry,36,46,,
690,entry,37,4,,
690,entry,38,38,,
690,entry,39,80,,
690,entry,40,49,,
690,entry,46,60,,2
690,entry,47,14,,8
690,entry,48,,19,
690,entry,49,5,,
690,entry,50,59,,
690,entry,57,16,,
690,entry,58,2,,1
690,entry,59,15,,4
690,entry,60,90,,
690,entry,68,69,,
690,entry,69,48,,
690,entry,70,47,,
690,entry,79,25,,
690,entry,80,9,,
690,entry,90,,64,
690,start,2,28,,5
690,start,3,58,,
690,start,4,30,,
690,start,5,6,,
690,start,6,70,,
690,start,7,,46,
690,start,8,8,,
690,start,9,24,,
691,entry,0,0,,
691,entry,2,70,,
691,entry,3,,19,2 4
691,entry,4,37,,
691,entry,5,26,,
691,entry,6,,46,
691,entry,7,39,,
691,entry,8,8,,
691,entry,9,10,,
691,entry,10,40,,
691,entry,13,38,,5
691,entry,14,47,,8
691,entry,15,36,,
691,entry,16,14,,
691,entry,17,7,,
691,entry,18,18,,
691,entry,19,90,,1
691,entry,20,2,,
691,entry,24,46,,
691,entry,25,19,,
691,entry,26,,82,
691,entry,27,28,,6
691,entry,28,79,,
691,entry,29,4,,
691,entry,30,17,,
691,entry,35,68,,
691,entry,36,9,,
691,entry,37,25,,
691,entry,38,50,,
691,entry,39,59,,
691,entry,40,27,,
691,entry,46,16,,
691,entry,47,35,,
691,entry,48,60,,
691,entry,49,69,,
691,entry,50,,28,3
691,entry,57,,55,
691,entry,58,80,,
691,entry,59,24,,
691,entry,60,58,,
691,entry,68,29,,
691,entry,69,49,,
691,entry,70,13,,
691,entry,79,6,,
691,entry,80,,37,
691,entry,90,,64,7
691,start,2,5,,
691,start,3,,73,
691,start,4,48,,
691,start,5,15,,
691,start,6,30,,
691,start,7,3,,
691,start,8,20,,
691,start,9,57,,
692,entry,0,68,,
692,entry,2,28,,5
692,entry,3,36,,
692,entry,4,,64,
692,entry,5,24,,
692,entry,6,40,,
692,entry,7,38,,
692,entry,8,80,,
692,entry,9,9,,
692,entry,10,16,,
692,entry,13,57,,
692,entry,14,7,,
692,entry,15,48,,
692,entry,16,90,,
692,entry,17,10,,
692,entry,18,14,,3
692,entry,19,19,,4
692,entry,20,79,,8
692,entry,24,17,,
692,entry,25,,19,
692,entry,26,39,,
692,entry,27,50,,
692,entry,28,29,,
692,entry,29,37,,
692,entry,30,18,,
692,entry,35,46,,
692,entry,36,49,,
692,entry,37,60,,
692,entry,38,20,,
692,entry,39,58,,
692,entry,40,,82,
692,entry,46,59,,
692,entry,47,30,,1
692,entry,48,47,,
692,entry,49,6,,
692,entry,50,,73,
692,entry,57,,37,
692,entry,58,25,,
692,entry,59,,46,
692,entry,60,15,,
692,entry,68,4,,7
692,entry,69,3,,
692,entry,70,2,,2
692,entry,79,,28,6
692,entry,80,35,,
692,entry,90,,55,
692,start,2,13,,
692,start,3,26,,
692,start,4,69,,
692,start,5,27,,
692,start,6,8,,
692,start,7,70,,
692,start,8,5,,
692,start,9,0,,
693,entry,0,19,,
693,entry,2,,46,
693,entry,3,48,,
693,entry,4,29,,
693,entry,5,6,,
693,entry,6,69,,
693,entry,7,,19,1 7
693,entry,8,27,,
693,entry,9,68,,5
693,entry,10,39,,
693,entry,13,58,,
693,entry,14,,37,
693,entry,15,47,,
693,entry,16,80,,
693,entry,17,2,,
693,entry,18,37,,
693,entry,19,,64,
693,entry,20,3,,
693,entry,24,70,,
693,entry,25,57,,
693,entry,26,40,,
693,entry,27,38,,
693,entry,28,26,,
693,entry,29,7,,
693,entry,30,13,,4
693,entry,35,36,,
693,entry,36,5,,
693,entry,37,30,,
693,entry,38,25,,2
693,entry,39,50,,
693,entry,40,14,,6 8
693,entry,46,15,,3
693,entry,47,49,,
693,entry,48,20,,
693,entry,49,60,,
693,entry,50,35,,
693,entry,57,59,,
693,entry,58,18,,
693,entry,59,79,,
693,entry,60,90,,
693,entry,68,28,,
693,entry,69,16,,
693,entry,70,,73,
693,entry,79,17,,
693,entry,80,,82,
693,entry,90,,28,
693,start,2,9,,
693,start,3,10,,
693,start,4,,55,
693,start,5,4,,
693,start,6,46,,
693,start,7,0,,
693,start,8,8,,
693,start,9,24,,
694,entry,0,58,,
694,entry,2,48,,
694,entry,3,,73,
694,entry,4,29,,5
694,entry,5,28,,
694,entry,6,19,,1
694,entry,7,90,,
694,entry,8,2,,
694,entry,9,,55,
694,entry,10,30,,
694,entry,13,38,,
694,entry,14,14,,
694,entry,15,,82,
694,entry,16,24,,
694,entry,17,,19,
694,entry,18,79,,
694,entry,19,80,,2 4
694,entry,20,40,,
694,entry,24,9,,
694,entry,25,3,,
694,entry,26,,46,
694,entry,27,47,,8
694,entry,28,0,,
694,entry,29,,64,
694,entry,30,,37,
694,entry,35,13,,7
694,entry,36,5,,
694,entry,37,35,,
694,entry,38,15,,
694,entry,39,4,,
694,entry,40,26,,
694,entry,46,16,,
694,entry,47,39,,
694,entry,48,25,,6
694,entry,49,17,,
694,entry,50,59,,
694,entry,57,7,,
694,entry,58,70,,3
694,entry,59,69,,
694,entry,60,46,,
694,entry,68,,28,
694,entry,69,8,,
694,entry,70,68,,
694,entry,79,18,,
694,entry,80,49,,
694,entry,90,27,,
694,start,2,10,,
694,start,3,6,,
694,start,4,50,,
694,start,5,36,,
694,start,6,37,,
694,start,7,60,,
694,start,8,20,,
694,start,9,57,,
695,entry,0,6,,
695,entry,2,9,,1
695,entry,3,28,,
695,entry,4,14,,
695,entry,5,58,,
695,entry,6,68,,
695,entry,7,27,,
695,entry,8,18,,
695,entry,9,3,,
695,entry,10,50,,
695,entry,13,90,,
695,entry,14,24,,3
695,entry,15,20,,
695,entry,16,,82,
695,entry,17,,73,
695,entry,18,39,,7
695,entry,19,49,,
695,entry,20,48,,
695,entry,24,79,,8
695,entry,25,30,,
695,entry,26,10,,
695,entry,27,38,,
695,entry,28,15,,
695,entry,29,35,,
695,entry,30,,19,
695,entry,35,4,,
695,entry,36,8,,
695,entry,37,47,,
695,entry,38,,64,
695,entry,39,16,,
695,entry,40,40,,
695,entry,46,29,,2
695,entry,47,36,,
695,entry,48,59,,5
695,entry,49,46,,
695,entry,50,57,,6
695,entry,57,37,,
695,entry,58,80,,
695,entry,59,,46,
695,entry,60,7,,
695,entry,68,13,,
695,entry,69,26,,4
695,entry,70,17,,
695,entry,79,25,,
695,entry,80,60,,
695,entry,90,70,,
695,start,2,,55,
695,start,3,,37,
695,start,4,69,,
695,start,5,2,,
695,start,6,19,,
695,start,7,,28,
695,start,8,5,,
695,start,9,0,,
696,entry,0,38,,
696,entry,2,69,,
696,entry,3,,64,
696,entry,4,48,,
696,entry,5,18,,
696,entry,6,9,,
696,entry,7,50,,3
696,entry,8,,82,
696,entry,9,,37,
696,entry,10,13,,1
696,entry,13,7,,
696,entry,14,15,,
696,entry,15,,28,
696,entry,16,49,,
696,entry,17,26,,
696,entry,18,25,,
696,entry,19,4,,
696,entry,20,,19,
696,entry,24,,46,
696,entry,25,70,,
696,entry,26,46,,
696,entry,27,36,,
696,entry,28,79,,
696,entry,29,20,,
696,entry,30,2,,
696,entry,35,5,,4
696,entry,36,10,,
696,entry,37,80,,
696,entry,38,29,,
696,entry,39,60,,2
696,entry,40,0,,
696,entry,46,59,,7
696,entry,47,90,,
696,entry,48,39,,
696,entry,49,68,,
696,entry,50,35,,
696,entry,57,3,,
696,entry,58,19,,6
696,entry,59,17,,
696,entry,60,,55,
696,entry,68,40,,
696,entry,69,27,,
696,entry,70,6,,
696,entry,79,,73,
696,entry,80,47,,
696,entry,90,57,,
696,start,2,28,,5
696,start,3,58,,
696,start,4,30,,
696,start,5,37,,
696,start,6,14,,8
696,start,7,16,,
696,start,8,8,,
696,start,9,24,,
697,entry,0,14,,
697,entry,2,80,,
697,entry,3,10,,
697,entry,4,,55,
697,entry,5,59,,
697,entry,6,50,,
697,entry,7,24,,
697,entry,8,47,,8
697,entry,9,69,,
697,entry,10,,37,
697,entry,13,70,,
697,entry,14,,46,
697,entry,15,28,,6
697,entry,16,60,,
697,entry,17,13,,
697,entry,18,16,,
697,entry,19,36,,
697,entry,20,19,,
697,entry,24,49,,7
697,entry,25,25,,
697,entry,26,68,,
697,entry,27,6,,
697,entry,28,79,,
697,entry,29,46,,
697,entry,30,3,,
697,entry,35,35,,
697,entry,36,29,,
697,entry,37,8,,
697,entry,38,0,,1
697,entry,39,,82,
697,entry,40,38,,
697,entry,46,39,,
697,entry,47,18,,
697,entry,48,,73,
697,entry,49,9,,
697,entry,50,48,,
697,entry,57,7,,
697,entry,58,30,,
697,entry,59,17,,3
697,entry,60,4,,
697,entry,68,40,,
697,entry,69,,28,
697,entry,70,,64,2 4
697,entry,79,37,,
697,entry,80,,19,5
697,entry,90,58,,
697,start,2,5,,
697,start,3,90,,
697,start,4,2,,
697,start,5,15,,
697,start,6,26,,
697,start,7,27,,
697,start,8,20,,
697,start,9,57,,
698,entry,0,,19,
698,entry,2,48,,
698,entry,3,8,,
698,entry,4,90,,
698,entry,5,49,,
698,entry,6,68,,
698,entry,7,,28,6
698,entry,8,24,,
698,entry,9,19,,
698,entry,10,,82,
698,entry,13,18,,
698,entry,14,57,,
698,entry,15,30,,1
698,entry,16,27,,
698,entry,17,69,,
698,entry,18,,46,4
698,entry,19,4,,
698,entry,20,70,,
698,entry,24,,73,
698,entry,25,10,,
698,entry,26,38,,
698,entry,27,17,,3
698,entry,28,36,,
698,entry,29,14,,
698,entry,30,80,,
698,entry,35,40,,
698,entry,36,29,,
698,entry,37,,37,
698,entry,38,58,,
698,entry,39,15,,
698,entry,40,3,,
698,entry,46,39,,
698,entry,47,20,,
698,entry,48,6,,
698,entry,49,37,,
698,entry,50,60,,
698,entry,57,47,,
698,entry,58,,64,
698,entry,59,2,,2
698,entry,60,50,,7
698,entry,68,7,,
698,entry,69,35,,
698,entry,70,28,,5
698,entry,79,,55,
698,entry,80,46,,
698,entry,90,16,,
698,start,2,79,,8
698,start,3,13,,
698,start,4,9,,
698,start,5,26,,
698,start,6,25,,
698,start,7,59,,
698,start,8,5,,
698,start,9,0,,
699,entry,0,9,,
699,entry,2,,82,
699,entry,3,,19,
699,entry,4,69,,
699,entry,5,2,,
699,entry,6,,55,
699,entry,7,27,,
699,entry,8,39,,
699,entry,9,20,,
699,entry,10,36,,
699,entry,13,68,,5
699,entry,14,47,,
699,entry,15,,28,4
699,entry,16,6,,
699,entry,17,37,,
699,entry,18,49,,
699,entry,19,18,,
699,entry,20,46,,
699,entry,24,57,,
699,entry,25,,37,6
699,entry,26,16,,
699,entry,27,60,,
699,entry,28,59,,
699,entry,29,28,,
699,entry,30,48,,
699,entry,35,17,,
699,entry,36,7,,
699,entry,37,90,,
699,entry,38,26,,
699,entry,39,80,,1 7
699,entry,40,58,,
699,entry,46,38,,
699,entry,47,3,,
699,entry,48,5,,
699,entry,49,19,,
699,entry,50,4,,
699,entry,57,70,,
699,entry,58,15,,3
699,entry,59,79,,
699,entry,60,14,,8
699,entry,68,35,,
699,entry,69,30,,
699,entry,70,40,,
699,entry,79,29,,
699,entry,80,50,,
699,entry,90,25,,2
699,start,2,,64,
699,start,3,10,,
699,start,4,,46,
699,start,5,13,,
699,start,6,,73,
699,start,7,0,,
699,start,8,8,,
699,start,9,24,,
700,entry,0,90,,
700,entry,2,2,,
700,entry,3,26,,
700,entry,4,25,,6
700,entry,5,40,,
700,entry,6,37,,
700,entry,7,8,,
700,entry,8,6,,
700,entry,9,58,,
700,entry,10,39,,
700,entry,13,36,,
700,entry,14,70,,3
700,entry,15,,37,
700,entry,16,49,,
700,entry,17,18,,
700,entry,18,35,,
700,entry,19,68,,
700,entry,20,10,,
700,entry,24,48,,
700,entry,25,4,,
700,entry,26,13,,
700,entry,27,46,,
700,entry,28,,55,
700,entry,29,29,,5
700,entry,30,19,,1
700,entry,35,15,,
700,entry,36,17,,7
700,entry,37,,19,
700,entry,38,27,,
700,entry,39,14,,
700,entry,40,24,,
700,entry,46,30,,
700,entry,47,80,,2 4
700,entry,48,,73,
700,entry,49,9,,
700,entry,50,,46,
700,entry,57,0,,
700,entry,58,3,,
700,entry,59,,28,
700,entry,60,5,,
700,entry,68,79,,
700,entry,69,59,,
700,entry,70,47,,8
700,entry,79,69,,
700,entry,80,28,,
700,entry,90,,82,
700,start,2,16,,
700,start,3,7,,
700,start,4,50,,
700,start,5,38,,
700,start,6,,64,
700,start,7,60,,
700,start,8,20,,
700,start,9,57,,
701,entry,0,40,,
701,entry,2,,19,
701,entry,3,14,,
701,entry,4,90,,
701,entry,5,,37,
701,entry,6,8,,2
701,entry,7,7,,
701,entry,8,10,,5
701,entry,9,17,,
701,entry,10,57,,6
701,entry,13,48,,
701,entry,14,15,,1
701,entry,15,4,,3
701,entry,16,58,,
701,entry,17,49,,
701,entry,18,19,,
701,entry,19,46,,
701,entry,20,37,,
701,entry,24,26,,
701,entry,25,60,,
701,entry,26,20,,
701,entry,27,59,,
701,entry,28,29,,
701,entry,29,,64,4
701,entry,30,68,,
701,entry,35,28,,
701,entry,36,30,,
701,entry,37,69,,7
701,entry,38,39,,
701,entry,39,25,,
701,entry,40,,82,
701,entry,46,13,,
701,entry,47,70,,
701,entry,48,16,,
701,entry,49,18,,
701,entry,50,9,,
701,entry,57,47,,
701,entry,58,38,,
701,entry,59,,55,
701,entry,60,3,,
701,entry,68,80,,
701,entry,69,6,,
701,entry,70,79,,8
701,entry,79,27,,
701,entry,80,35,,
701,entry,90,36,,
701,start,2,,46,
701,start,3,24,,
701,start,4,50,,
701,start,5,2,,
701,start,6,,73,
701,start,7,,28,
701,start,8,5,,
701,start,9,0,,
702,entry,0,48,,
702,entry,2,38,,4
702,entry,3,3,,
702,entry,4,49,,
702,entry,5,13,,
702,entry,6,50,,3
702,entry,7,4,,
702,entry,8,90,,
702,entry,9,39,,
702,entry,10,,37,
702,entry,13,80,,
702,entry,14,69,,7
702,entry,15,19,,
702,entry,16,14,,8
702,entry,17,79,,
702,entry,18,60,,2
702,entry,19,,55,
702,entry,20,35,,
702,entry,24,18,,
702,entry,25,59,,
702,entry,26,36,,
702,entry,27,,46,
702,entry,28,68,,
702,entry,29,6,,
702,entry,30,2,,
702,entry,35,,19,
702,entry,36,5,,
702,entry,37,70,,
702,entry,38,27,,
702,entry,39,16,,
702,entry,40,,28,
702,entry,46,15,,
702,entry,47,29,,6
702,entry,48,37,,
702,entry,49,57,,
702,entry,50,0,,
702,entry,57,40,,
702,entry,58,,82,
702,entry,59,,73,
702,entry,60,10,,
702,entry,68,9,,
702,entry,69,46,,
702,entry,70,20,,1
702,entry,79,,64,
702,entry,80,25,,
702,entry,90,26,,
702,start,2,28,,5
702,start,3,58,,
702,start,4,30,,
702,start,5,47,,
702,start,6,7,,
702,start,7,17,,
702,start,8,8,,
702,start,9,24,,
703,entry,0,60,,
703,entry,2,50,,
703,entry,3,18,,
703,entry,4,27,,
703,entry,5,10,,
703,entry,6,79,,
703,entry,7,30,,
703,entry,8,4,,
703,entry,9,80,,
703,entry,10,70,,
703,entry,13,47,,8
703,entry,14,6,,
703,entry,15,14,,
703,entry,16,0,,
703,entry,17,40,,
703,entry,18,16,,
703,entry,19,58,,
703,entry,20,29,,
703,entry,24,8,,
703,entry,25,37,,
703,entry,26,,28,
703,entry,27,49,,
703,entry,28,2,,
703,entry,29,,82,
703,entry,30,39,,
703,entry,35,24,,
703,entry,36,38,,
703,entry,37,,37,
703,entry,38,68,,2 4
703,entry,39,9,,
703,entry,40,13,,
703,entry,46,48,,1
703,entry,47,59,,3
703,entry,48,46,,5
703,entry,49,90,,
703,entry,50,28,,6
703,entry,57,7,,
703,entry,58,26,,
703,entry,59,,19,
703,entry,60,25,,
703,entry,68,,73,
703,entry,69,19,,
703,entry,70,35,,
703,entry,79,17,,
703,entry,80,,55,
703,entry,90,,46,
703,start,2,5,,
703,start,3,36,,
703,start,4,,64,
703,start,5,15,,
703,start,6,3,,7
703,start,7,69,,
703,start,8,20,,
703,start,9,57,,
704,entry,0,,73,
704,entry,2,57,,
704,entry,3,29,,
704,entry,4,46,,
704,entry,5,4,,
704,entry,6,20,,
704,entry,7,8,,
704,entry,8,35,,
704,entry,9,59,,
704,entry,10,48,,
704,entry,13,68,,
704,entry,14,40,,
704,entry,15,14,,
704,entry,16,47,,
704,entry,17,18,,
704,entry,18,,55,
704,entry,19,16,,
704,entry,20,,19,
704,entry,24,90,,
704,entry,25,24,,
704,entry,26,50,,
704,entry,27,,28,6
704,entry,28,,82,
704,entry,29,,37,
704,entry,30,60,,
704,entry,35,30,,1
704,entry,36,79,,8
704,entry,37,26,,
704,entry,38,9,,4
704,entry,39,15,,
704,entry,40,70,,
704,entry,46,38,,
704,entry,47,69,,3
704,entry,48,49,,
704,entry,49,25,,
704,entry,50,80,,
704,entry,57,19,,
704,entry,58,58,,
704,entry,59,7,,
704,entry,60,17,,
704,entry,68,6,,
704,entry,69,10,,
704,entry,70,27,,
704,entry,79,2,,2
704,entry,80,3,,
704,entry,90,28,,5
704,start,2,36,,
704,start,3,37,,
704,start,4,13,,
704,start,5,39,,
704,start,6,,64,7
704,start,7,,46,
704,start,8,5,,
704,start,9,0,,
705,entry,0,,19,
705,entry,2,90,,
705,entry,3,15,,3
705,entry,4,,55,
705,entry,5,30,,
705,entry,6,18,,
705,entry,7,50,,
705,entry,8,68,,5
705,entry,9,37,,
705,entry,10,,37,
705,entry,13,39,,
705,entry,14,,64,
705,entry,15,14,,8
705,entry,16,28,,
705,entry,17,60,,
705,entry,18,79,,
705,entry,19,47,,4
705,entry,20,58,,
705,entry,24,5,,
705,entry,25,,46,
705,entry,26,16,,1 7
705,entry,27,3,,
705,entry,28,49,,
705,entry,29,,82,6
705,entry,30,57,,
705,entry,35,35,,
705,entry,36,59,,
705,entry,37,13,,
705,entry,38,7,,
705,entry,39,46,,
705,entry,40,70,,
705,entry,46,69,,
705,entry,47,25,,2
705,entry,48,17,,
705,entry,49,6,,
705,entry,50,80,,
705,entry,57,20,,
705,entry,58,19,,
705,entry,59,2,,
705,entry,60,26,,
705,entry,68,40,,
705,entry,69,,28,
705,entry,70,36,,
705,entry,79,27,,
705,entry,80,48,,
705,entry,90,9,,
705,start,2,38,,
705,start,3,10,,
705,start,4,29,,
705,start,5,,73,
705,start,6,4,,
705,start,7,0,,
705,start,8,8,,
705,start,9,24,,
706,entry,0,48,,
706,entry,2,80,,2 4
706,entry,3,37,,
706,entry,4,38,,
706,entry,5,0,,
706,entry,6,4,,
706,entry,7,,82,
706,entry,8,6,,
706,entry,9,25,,6
706,entry,10,46,,
706,entry,13,18,,
706,entry,14,40,,
706,entry,15,36,,
706,entry,16,16,,
706,entry,17,59,,
706,entry,18,19,,1
706,entry,19,70,,3
706,entry,20,,73,
706,entry,24,27,,
706,entry,25,7,,
706,entry,26,26,,7
706,entry,27,69,,
706,entry,28,24,,
706,entry,29,49,,
706,entry,30,90,,
706,entry,35,10,,
706,entry,36,30,,
706,entry,37,29,,5
706,entry,38,,46,
706,entry,39,3,,
706,entry,40,,55,
706,entry,46,79,,
706,entry,47,14,,
706,entry,48,5,,
706,entry,49,13,,
706,entry,50,58,,
706,entry,57,9,,
706,entry,58,,64,
706,entry,59,,37,
706,entry,60,68,,
706,entry,68,28,,
706,entry,69,8,,
706,entry,70,,19,
706,entry,79,39,,
706,entry,80,2,,
706,entry,90,15,,
706,start,2,,28,
706,start,3,35,,
706,start,4,50,,
706,start,5,17,,
706,start,6,47,,8
706,start,7,60,,
706,start,8,20,,
706,start,9,57,,
707,entry,0,46,,
707,entry,2,38,,
707,entry,3,80,,
707,entry,4,14,,5
707,entry,5,18,,
707,entry,6,36,,
707,entry,7,69,,
707,entry,8,,82,
707,entry,9,30,,
707,entry,10,29,,
707,entry,13,47,,
707,entry,14,60,,
707,entry,15,6,,
707,entry,16,39,,
707,entry,17,10,,
707,entry,18,79,,8
707,entry,19,,64,
707,entry,20,13,,
707,entry,24,70,,
707,entry,25,16,,
707,entry,26,9,,
707,entry,27,50,,
707,entry,28,48,,
707,entry,29,7,,
707,entry,30,,37,7
707,entry,35,49,,
707,entry,36,19,,4
707,entry,37,3,,
707,entry,38,,19,
707,entry,39,17,,3
707,entry,40,15,,
707,entry,46,25,,
707,entry,47,4,,
707,entry,48,40,,
707,entry,49,,46,
707,entry,50,26,,
707,entry,57,35,,
707,entry,58,57,,6
707,entry,59,28,,
707,entry,60,37,,
707,entry,68,59,,
707,entry,69,90,,
707,entry,70,,55,2
707,entry,79,,73,1
707,entry,80,58,,
707,entry,90,20,,
707,start,2,68,,
707,start,3,27,,
707,start,4,24,,
707,start,5,2,,
707,start,6,8,,
707,start,7,,28,
707,start,8,5,,
707,start,9,0,,
708,entry,0,,64,
708,entry,2,46,,
708,entry,3,70,,1
708,entry,4,90,,
708,entry,5,48,,
708,entry,6,,82,7
708,entry,7,10,,
708,entry,8,49,,
708,entry,9,68,,
708,entry,10,3,,
708,entry,13,20,,
708,entry,14,,19,
708,entry,15,57,,
708,entry,16,18,,
708,entry,17,69,,
708,entry,18,37,,6
708,entry,19,14,,8
708,entry,20,13,,
708,entry,24,2,,
708,entry,25,,28,
708,entry,26,59,,
708,entry,27,27,,
708,entry,28,40,,
708,entry,29,,46,
708,entry,30,,37,
708,entry,35,80,,
708,entry,36,26,,
708,entry,37,,73,
708,entry,38,50,,3
708,entry,39,16,,
708,entry,40,,55,
708,entry,46,47,,4
708,entry,47,38,,
708,entry,48,29,,
708,entry,49,17,,
708,entry,50,6,,
708,entry,57,7,,
708,entry,58,36,,
708,entry,59,19,,
708,entry,60,5,,
708,entry,68,0,,
708,entry,69,79,,
708,entry,70,15,,
708,entry,79,39,,
708,entry,80,9,,
708,entry,90,60,,2
708,start,2,28,,5
708,start,3,58,,
708,start,4,30,,
708,start,5,35,,
708,start,6,25,,
708,start,7,4,,
708,start,8,8,,
708,start,9,24,,
709,entry,0,,55,
709,entry,2,35,,
709,entry,3,28,,6
709,entry,4,29,,
709,entry,5,,73,
709,entry,6,24,,
709,entry,7,79,,
709,entry,8,14,,
709,entry,9,,37,
709,entry,10,,46,
709,entry,13,25,,
709,entry,14,39,,
709,entry,15,50,,
709,entry,16,,28,
709,entry,17,48,,
709,entry,18,3,,
709,entry,19,4,,
709,entry,20,,82,
709,entry,24,68,,
709,entry,25,60,,
709,entry,26,6,,
709,entry,27,58,,1 7
709,entry,28,13,,
709,entry,29,69,,
709,entry,30,30,,
709,entry,35,26,,
709,entry,36,8,,
709,entry,37,37,,
709,entry,38,,64,3
709,entry,39,36,,2 4
709,entry,40,40,,
709,entry,46,18,,
709,entry,47,9,,
709,entry,48,,19,
709,entry,49,10,,5
709,entry,50,46,,
709,entry,57,47,,8
709,entry,58,17,,
709,entry,59,16,,
709,entry,60,49,,
709,entry,68,27,,
709,entry,69,38,,
709,entry,70,59,,
709,entry,79,80,,
709,entry,80,19,,
709,entry,90,2,,
709,start,2,5,,
709,start,3,0,,
709,start,4,90,,
709,start,5,15,,
709,start,6,70,,
709,start,7,7,,
709,start,8,20,,
709,start,9,57,,
710,entry,0,15,,
710,entry,2,17,,
710,entry,3,20,,
710,entry,4,4,,
710,entry,5,6,,
710,entry,6,,55,
710,entry,7,29,,
710,entry,8,7,,
710,entry,9,10,,
710,entry,10,38,,
710,entry,13,47,,
710,entry,14,,46,3 7
710,entry,15,3,,
710,entry,16,49,,
710,entry,17,39,,
710,entry,18,57,,
710,entry,19,36,,
710,entry,20,70,,
710,entry,24,69,,
710,entry,25,26,,
710,entry,26,59,,4
710,entry,27,8,,
710,entry,28,,73,
710,entry,29,46,,
710,entry,30,80,,
710,entry,35,,28,6
710,entry,36,9,,
710,entry,37,25,,
710,entry,38,28,,5
710,entry,39,48,,
710,entry,40,13,,
710,entry,46,58,,
710,entry,47,2,,2
710,entry,48,19,,
710,entry,49,,19,
710,entry,50,30,,1
710,entry,57,35,,
710,entry,58,16,,
710,entry,59,27,,
710,entry,60,24,,
710,entry,68,60,,
710,entry,69,37,,
710,entry,70,40,,
710,entry,79,68,,
710,entry,80,90,,
710,entry,90,79,,8
710,start,2,14,,
710,start,3,,64,
710,start,4,50,,
710,start,5,,82,
710,start,6,18,,
710,start,7,,37,
710,start,8,5,,
710,start,9,0,,
711,entry,0,68,,5
711,entry,2,3,,
711,entry,3,,82,
711,entry,4,,46,6
711,entry,5,46,,
711,entry,6,4,,
711,entry,7,15,,3
711,entry,8,30,,
711,entry,9,,55,
711,entry,10,60,,
711,entry,13,9,,
711,entry,14,27,,
711,entry,15,7,,
711,entry,16,70,,
711,entry,17,16,,
711,entry,18,59,,
711,entry,19,25,,2
711,entry,20,19,,
711,entry,24,,19,
711,entry,25,13,,
711,entry,26,49,,
711,entry,27,57,,
711,entry,28,69,,
711,entry,29,20,,
711,entry,30,47,,
711,entry,35,,37,4
711,entry,36,79,,
711,entry,37,,73,
711,entry,38,80,,
711,entry,39,18,,
711,entry,40,26,,
711,entry,46,17,,
711,entry,47,40,,
711,entry,48,90,,
711,entry,49,28,,
711,entry,50,,28,
711,entry,57,,64,
711,entry,58,37,,
711,entry,59,2,,1 7
711,entry,60,38,,
711,entry,68,5,,
711,entry,69,29,,
711,entry,70,48,,
711,entry,79,39,,
711,entry,80,58,,
711,entry,90,35,,
711,start,2,36,,
711,start,3,10,,
711,start,4,6,,
711,start,5,14,,8
711,start,6,50,,
711,start,7,0,,
711,start,8,8,,
711,start,9,24,,
712,entry,0,17,,
712,entry,2,7,,
712,entry,3,13,,
712,entry,4,90,,
712,entry,5,8,,
712,entry,6,0,,
712,entry,7,,46,
712,entry,8,46,,
712,entry,9,49,,
712,entry,10,27,,7
712,entry,13,,19,
712,entry,14,37,,
712,entry,15,18,,
712,entry,16,29,,5
712,entry,17,5,,
712,entry,18,79,,
712,entry,19,4,,
712,entry,20,69,,
712,entry,24,38,,
712,entry,25,,64,
712,entry,26,14,,
712,entry,27,,73,
712,entry,28,3,,
712,entry,29,16,,
712,entry,30,80,,2 4
712,entry,35,10,,
712,entry,36,9,,
712,entry,37,28,,
712,entry,38,39,,
712,entry,39,15,,
712,entry,40,2,,
712,entry,46,6,,
712,entry,47,,82,
712,entry,48,,28,
712,entry,49,25,,6
712,entry,50,47,,8
712,entry,57,,55,
712,entry,58,19,,1
712,entry,59,70,,3
712,entry,60,59,,
712,entry,68,24,,
712,entry,69,35,,
712,entry,70,,37,
712,entry,79,36,,
712,entry,80,58,,
712,entry,90,68,,
712,start,2,26,,
712,start,3,40,,
712,start,4,50,,
712,start,5,48,,
712,start,6,30,,
712,start,7,60,,
712,start,8,20,,
712,start,9,57,,
713,entry,0,27,,
713,entry,2,46,,
713,entry,3,16,,
713,entry,4,70,,
713,entry,5,8,,
713,entry,6,,64,
713,entry,7,60,,
713,entry,8,79,,8
713,entry,9,90,,
713,entry,10,19,,2
713,entry,13,47,,
713,entry,14,49,,
713,entry,15,,55,
713,entry,16,7,,
713,entry,17,59,,
713,entry,18,10,,
713,entry,19,,82,1
713,entry,20,58,,
713,entry,24,6,,
713,entry,25,17,,
713,entry,26,69,,
713,entry,27,29,,
713,entry,28,14,,7
713,entry,29,50,,
713,entry,30,20,,
713,entry,35,38,,
713,entry,36,,46,5
713,entry,37,39,,4
713,entry,38,15,,
713,entry,39,4,,
713,entry,40,30,,
713,entry,46,,73,
713,entry,47,25,,
713,entry,48,3,,
713,entry,49,48,,
713,entry,50,80,,
713,entry,57,18,,
713,entry,58,24,,
713,entry,59,,19,
713,entry,60,13,,
713,entry,68,35,,
713,entry,69,40,,
713,entry,70,,37,3
713,entry,79,57,,6
713,entry,80,36,,
713,entry,90,28,,
713,start,2,37,,
713,start,3,68,,
713,start,4,26,,
713,start,5,2,,
713,start,6,9,,
713,start,7,,28,
713,start,8,5,,
713,start,9,0,,
714,entry,0,13,,
714,entry,2,3,,
714,entry,3,80,,
714,entry,4,17,,
714,entry,5,2,,
714,entry,6,14,,8
714,entry,7,37,,
714,entry,8,18,,
714,entry,9,15,,
714,entry,10,9,,
714,entry,13,90,,
714,entry,14,60,,2
714,entry,15,,28,
714,entry,16,,46,
714,entry,17,0,,
714,entry,18,47,,
714,entry,19,25,,
714,entry,20,79,,
714,entry,24,68,,
714,entry,25,,64,
714,entry,26,39,,
714,entry,27,10,,
714,entry,28,38,,
714,entry,29,57,,
714,entry,30,70,,
714,entry,35,7,,
714,entry,36,49,,
714,entry,37,20,,
714,entry,38,,73,4
714,entry,39,,37,
714,entry,40,5,,
714,entry,46,59,,
714,entry,47,46,,1
714,entry,48,48,,
714,entry,49,35,,
714,entry,50,4,,6
714,entry,57,26,,
714,entry,58,,82,
714,entry,59,27,,
714,entry,60,40,,
714,entry,68,29,,
714,entry,69,16,,
714,entry,70,50,,3
714,entry,79,,55,7
714,entry,80,19,,
714,entry,90,36,,
714,start,2,28,,5
714,start,3,58,,
714,start,4,30,,
714,start,5,,19,
714,start,6,6,,
714,start,7,69,,
714,start,8,8,,
714,start,9,24,,
715,entry,0,17,,
715,entry,2,,46,
715,entry,3,35,,
715,entry,4,38,,
715,entry,5,60,,
715,entry,6,6,,
715,entry,7,40,,1
715,entry,8,3,,
715,entry,9,70,,
715,entry,10,16,,
715,entry,13,,55,
715,entry,14,28,,6
715,entry,15,9,,
715,entry,16,8,,
715,entry,17,7,,
715,entry,18,26,,3
715,entry,19,4,,2 4
715,entry,20,48,,
715,entry,24,25,,
715,entry,25,29,,
715,entry,26,18,,
715,entry,27,27,,
715,entry,28,0,,
715,entry,29,69,,5
715,entry,30,58,,
715,entry,35,39,,
715,entry,36,47,,8
715,entry,37,37,,
715,entry,38,46,,
715,entry,39,,82,
715,entry,40,68,,
715,entry,46,50,,
715,entry,47,24,,
715,entry,48,,64,
715,entry,49,,73,7
715,entry,50,49,,
715,entry,57,90,,
715,entry,58,80,,
715,entry,59,,19,
715,entry,60,19,,
715,entry,68,30,,
715,entry,69,2,,
715,entry,70,10,,
715,entry,79,,28,
715,entry,80,13,,
715,entry,90,,37,
715,start,2,5,,
715,start,3,59,,
715,start,4,79,,
715,start,5,15,,
715,start,6,14,,
715,start,7,36,,
715,start,8,20,,
715,start,9,57,,
716,entry,0,37,,
716,entry,2,27,,
716,entry,3,7,,
716,entry,4,,19,
716,entry,5,49,,
716,entry,6,30,,1
716,entry,7,24,,7
716,entry,8,26,,
716,entry,9,35,,
716,entry,10,28,,5
716,entry,13,17,,
716,entry,14,15,,
716,entry,15,59,,
716,entry,16,14,,
716,entry,17,3,,
716,entry,18,,28,6
716,entry,19,,55,
716,entry,20,9,,
716,entry,24,25,,
716,entry,25,69,,
716,entry,26,40,,
716,entry,27,38,,
716,entry,28,,37,
716,entry,29,18,,
716,entry,30,16,,
716,entry,35,48,,
716,entry,36,90,,
716,entry,37,60,,
716,entry,38,36,,3
716,entry,39,19,,4
716,entry,40,50,,
716,entry,46,39,,
716,entry,47,70,,
716,entry,48,29,,
716,entry,49,,82,
716,entry,50,,73,
716,entry,57,80,,
716,entry,58,20,,
716,entry,59,58,,
716,entry,60,8,,
716,entry,68,47,,
716,entry,69,6,,
716,entry,70,,64,
716,entry,79,79,,8
716,entry,80,,46,
716,entry,90,2,,2
716,start,2,4,,
716,start,3,46,,
716,start,4,10,,
716,start,5,68,,
716,start,6,57,,
716,start,7,13,,
716,start,8,5,,
716,start,9,0,,
717,entry,0,58,,
717,entry,2,9,,1 7
717,entry,3,18,,
717,entry,4,,64,
717,entry,5,4,,
717,entry,6,38,,
717,entry,7,60,,
717,entry,8,40,,
717,entry,9,,28,
717,entry,10,90,,
717,entry,13,28,,
717,entry,14,25,,2
717,entry,15,26,,
717,entry,16,48,,
717,entry,17,,82,
717,entry,18,50,,
717,entry,19,14,,8
717,entry,20,30,,
717,entry,24,20,,
717,entry,25,36,,
717,entry,26,16,,
717,entry,27,35,,
717,entry,28,79,,
717,entry,29,,46,
717,entry,30,37,,
717,entry,35,46,,
717,entry,36,17,,
717,entry,37,,55,
717,entry,38,13,,
717,entry,39,7,,
717,entry,40,47,,
717,entry,46,,37,
717,entry,47,29,,
717,entry,48,39,,
717,entry,49,3,,
717,entry,50,57,,
717,entry,57,68,,5
717,entry,58,49,,4
717,entry,59,59,,
717,entry,60,,73,
717,entry,68,80,,6
717,entry,69,70,,
717,entry,70,6,,
717,entry,79,,19,
717,entry,80,5,,
717,entry,90,15,,3
717,start,2,27,,
717,start,3,10,,
717,start,4,2,,
717,start,5,69,,
717,start,6,19,,
717,start,7,0,,
717,start,8,8,,
717,start,9,24,,
718,entry,0,,73,
718,entry,2,39,,
718,entry,3,,64,
718,entry,4,36,,
718,entry,5,59,,
718,entry,6,68,,
718,entry,7,,19,
718,entry,8,27,,
718,entry,9,29,,5
718,entry,10,19,,1
718,entry,13,38,,
718,entry,14,79,,
718,entry,15,15,,
718,entry,16,40,,
718,entry,17,48,,
718,entry,18,,28,
718,entry,19,14,,
718,entry,20,24,,
718,entry,24,0,,
718,entry,25,25,,6
718,entry,26,16,,
718,entry,27,80,,2 4
718,entry,28,,37,
718,entry,29,9,,
718,entry,30,,46,
718,entry,35,70,,3
718,entry,36,26,,
718,entry,37,47,,8
718,entry,38,58,,
718,entry,39,7,,
718,entry,40,5,,
718,entry,46,49,,
718,entry,47,3,,
718,entry,48,37,,
718,entry,49,6,,
718,entry,50,13,,
718,entry,57,46,,
718,entry,58,10,,
718,entry,59,8,,
718,entry,60,28,,
718,entry,68,90,,
718,entry,69,18,,
718,entry,70,,82,
718,entry,79,17,,
718,entry,80,35,,
718,entry,90,,55,
718,start,2,69,,
718,start,3,30,,
718,start,4,50,,
718,start,5,4,,
718,start,6,2,,7
718,start,7,60,,
718,start,8,20,,
718,start,9,57,,
719,entry,0,17,,
719,entry,2,80,,
719,entry,3,46,,
719,entry,4,18,,
719,entry,5,36,,
719,entry,6,70,,
719,entry,7,,19,
719,entry,8,69,,
719,entry,9,,55,
719,entry,10,27,,
719,entry,13,49,,5
719,entry,14,15,,
719,entry,15,24,,
719,entry,16,3,,
719,entry,17,40,,
719,entry,18,28,,
719,entry,19,29,,2 7
719,entry,20,8,,
719,entry,24,,73,
719,entry,25,,46,4
719,entry,26,39,,
719,entry,27,57,,6
719,entry,28,90,,
719,entry,29,58,,
719,entry,30,38,,
719,entry,35,25,,
719,entry,36,35,,
719,entry,37,,64,
719,entry,38,9,,1
719,entry,39,20,,
719,entry,40,,37,
719,entry,46,47,,
719,entry,47,7,,
719,entry,48,16,,
719,entry,49,30,,
719,entry,50,26,,
719,entry,57,60,,
719,entry,58,50,,
719,entry,59,4,,
719,entry,60,37,,
719,entry,68,48,,
719,entry,69,14,,
719,entry,70,68,,
719,entry,79,10,,3
719,entry,80,,82,
719,entry,90,79,,8
719,start,2,6,,
719,start,3,13,,
719,start,4,59,,
719,start,5,2,,
719,start,6,19,,
719,start,7,,28,
719,start,8,5,,
719,start,9,0,,
720,entry,0,57,,
720,entry,2,14,,8
720,entry,3,2,,
720,entry,4,59,,
720,entry,5,16,,
720,entry,6,10,,
720,entry,7,37,,7
720,entry,8,47,,
720,entry,9,79,,
720,entry,10,,73,
720,entry,13,4,,
720,entry,14,90,,
720,entry,15,17,,1
720,entry,16,80,,
720,entry,17,18,,
720,entry,18,38,,
720,entry,19,,64,
720,entry,20,70,,
720,entry,24,,19,
720,entry,25,39,,
720,entry,26,15,,
720,entry,27,19,,
720,entry,28,29,,
720,entry,29,7,,
720,entry,30,60,,2
720,entry,35,49,,
720,entry,36,25,,
720,entry,37,9,,
720,entry,38,,55,
720,entry,39,6,,6
720,entry,40,68,,
720,entry,46,26,,
720,entry,47,0,,4
720,entry,48,27,,
720,entry,49,40,,
720,entry,50,3,,
720,entry,57,48,,
720,entry,58,5,,
720,entry,59,50,,3
720,entry,60,13,,
720,entry,68,69,,
720,entry,69,46,,
720,entry,70,,46,
720,entry,79,36,,
720,entry,80,35,,
720,entry,90,20,,
720,start,2,28,,5
720,start,3,58,,
720,start,4,30,,
720,start,5,,37,
720,start,6,,82,
720,start,7,,28,
720,start,8,8,,
720,start,9,24,,
721,entry,0,47,,5 8
721,entry,2,10,,2 4
721,entry,3,7,,
721,entry,4,19,,
721,entry,5,0,,
721,entry,6,35,,
721,entry,7,27,,
721,entry,8,58,,
721,entry,9,3,,
721,entry,10,17,,
721,entry,13,4,,
721,entry,14,48,,
721,entry,15,,82,
721,entry,16,,55,
721,entry,17,29,,
721,entry,18,6,,
721,entry,19,16,,
721,entry,20,49,,
721,entry,24,,64,
721,entry,25,9,,
721,entry,26,,46,
721,entry,27,39,,
721,entry,28,8,,
721,entry,29,59,,
721,entry,30,36,,7
721,entry,35,,37,
721,entry,36,70,,
721,entry,37,46,,
721,entry,38,18,,
721,entry,39,69,,1
721,entry,40,30,,
721,entry,46,79,,
721,entry,47,28,,6
721,entry,48,68,,
721,entry,49,13,,
721,entry,50,40,,
721,entry,57,25,,
721,entry,58,50,,
721,entry,59,80,,
721,entry,60,90,,
721,entry,68,60,,
721,entry,69,14,,
721,entry,70,,19,3
721,entry,79,24,,
721,entry,80,38,,
721,entry,90,,28,
721,start,2,5,,
721,start,3,37,,
721,start,4,,73,
721,start,5,15,,
721,start,6,26,,
721,start,7,2,,
721,start,8,20,,
721,start,9,57,,
722,entry,0,24,,
722,entry,2,38,,
722,entry,3,39,,
722,entry,4,,37,
722,entry,5,15,,
722,entry,6,13,,4
722,entry,7,10,,
722,entry,8,18,,
722,entry,9,27,,
722,entry,10,,46,
722,entry,13,19,,
722,entry,14,20,,
722,entry,15,,28,6
722,entry,16,69,,
722,entry,17,29,,
722,entry,18,28,,5
722,entry,19,48,,
722,entry,20,26,,
722,entry,24,47,,
722,entry,25,46,,
722,entry,26,58,,
722,entry,27,2,,2
722,entry,28,79,,8
722,entry,29,,19,
722,entry,30,30,,1
722,entry,35,25,,3
722,entry,36,6,,
722,entry,37,35,,
722,entry,38,16,,
722,entry,39,49,,
722,entry,40,7,,
722,entry,46,17,,7
722,entry,47,,55,
722,entry,48,14,,
722,entry,49,9,,
722,entry,50,40,,
722,entry,57,80,,
722,entry,58,60,,
722,entry,59,57,,
722,entry,60,90,,
722,entry,68,70,,
722,entry,69,,73,
722,entry,70,37,,
722,entry,79,8,,
722,entry,80,68,,
722,entry,90,3,,
722,start,2,,64,
722,start,3,,82,
722,start,4,4,,
722,start,5,59,,
722,start,6,50,,
722,start,7,36,,
722,start,8,5,,
722,start,9,0,,
723,entry,0,90,,
723,entry,2,80,,
723,entry,3,60,,
723,entry,4,28,,
723,entry,5,48,,
723,entry,6,46,,
723,entry,7,,37,
723,entry,8,4,,
723,entry,9,26,,
723,entry,10,,19,
723,entry,13,30,,
723,entry,14,3,,1 7
723,entry,15,25,,2
723,entry,16,,64,
723,entry,17,68,,5
723,entry,18,14,,4 8
723,entry,19,,46,
723,entry,20,2,,
723,entry,24,50,,
723,entry,25,20,,
723,entry,26,7,,
723,entry,27,16,,
723,entry,28,,55,6
723,entry,29,70,,
723,entry,30,79,,
723,entry,35,18,,
723,entry,36,13,,
723,entry,37,40,,
723,entry,38,69,,
723,entry,39,39,,
723,entry,40,5,,
723,entry,46,38,,
723,entry,47,37,,
723,entry,48,,28,
723,entry,49,49,,
723,entry,50,15,,3
723,entry,57,47,,
723,entry,58,19,,
723,entry,59,59,,
723,entry,60,27,,
723,entry,68,29,,
723,entry,69,,73,
723,entry,70,,82,
723,entry,79,36,,
723,entry,80,9,,
723,entry,90,58,,
723,start,2,57,,
723,start,3,10,,
723,start,4,17,,
723,start,5,35,,
723,start,6,6,,
723,start,7,0,,
723,start,8,8,,
723,start,9,24,,
724,entry,0,13,,
724,entry,2,70,,3
724,entry,3,15,,
724,entry,4,3,,
724,entry,5,27,,
724,entry,6,47,,8
724,entry,7,4,,
724,entry,8,9,,
724,entry,9,5,,
724,entry,10,,19,
724,entry,13,25,,6
724,entry,14,0,,
724,entry,15,79,,
724,entry,16,,73,
724,entry,17,36,,
724,entry,18,48,,
724,entry,19,26,,
724,entry,20,2,,
724,entry,24,10,,
724,entry,25,18,,
724,entry,26,80,,2 4
724,entry,27,69,,
724,entry,28,58,,
724,entry,29,28,,
724,entry,30,38,,
724,entry,35,,28,
724,entry,36,17,,
724,entry,37,7,,
724,entry,38,68,,
724,entry,39,,82,
724,entry,40,,55,
724,entry,46,16,,
724,entry,47,59,,
724,entry,48,49,,
724,entry,49,,37,7
724,entry,50,39,,
724,entry,57,37,,
724,entry,58,40,,
724,entry,59,30,,
724,entry,60,35,,
724,entry,68,,64,
724,entry,69,29,,5
724,entry,70,19,,1
724,entry,79,14,,
724,entry,80,24,,
724,entry,90,,46,
724,start,2,90,,
724,start,3,8,,
724,start,4,50,,
724,start,5,46,,
724,start,6,6,,
724,start,7,60,,
724,start,8,20,,
724,start,9,57,,
725,entry,0,3,,
725,entry,2,13,,7
725,entry,3,59,,
725,entry,4,40,,
725,entry,5,7,,
725,entry,6,60,,3
725,entry,7,37,,2
725,entry,8,79,,8
725,entry,9,26,,
725,entry,10,,37,
725,entry,13,80,,
725,entry,14,57,,6
725,entry,15,70,,
725,entry,16,24,,
725,entry,17,58,,
725,entry,18,19,,
725,entry,19,39,,
725,entry,20,35,,
725,entry,24,49,,
725,entry,25,48,,
725,entry,26,28,,
725,entry,27,20,,
725,entry,28,,55,
725,entry,29,4,,5
725,entry,30,69,,
725,entry,35,,19,
725,entry,36,90,,
725,entry,37,30,,
725,entry,38,6,,
725,entry,39,15,,
725,entry,40,29,,
725,entry,46,47,,1
725,entry,47,10,,
725,entry,48,16,,
725,entry,49,,73,
725,entry,50,,82,
725,entry,57,50,,
725,entry,58,,46,
725,entry,59,8,,
725,entry,60,9,,4
725,entry,68,46,,
725,entry,69,36,,
725,entry,70,25,,
725,entry,79,38,,
725,entry,80,18,,
725,entry,90,68,,
725,start,2,,64,
725,start,3,17,,
725,start,4,14,,
725,start,5,2,,
725,start,6,27,,
725,start,7,,28,
725,start,8,5,,
725,start,9,0,,
726,entry,0,,19,
726,entry,2,49,,
726,entry,3,29,,
726,entry,4,,55,
726,entry,5,5,,
726,entry,6,17,,4
726,entry,7,9,,
726,entry,8,10,,
726,entry,9,3,,
726,entry,10,2,,
726,entry,13,39,,
726,entry,14,38,,
726,entry,15,15,,
726,entry,16,48,,
726,entry,17,,73,
726,entry,18,36,,
726,entry,19,0,,
726,entry,20,4,,
726,entry,24,57,,
726,entry,25,25,,
726,entry,26,27,,
726,entry,27,35,,7
726,entry,28,,64,
726,entry,29,79,,
726,entry,30,14,,8
726,entry,35,26,,1
726,entry,36,19,,
726,entry,37,18,,
726,entry,38,7,,
726,entry,39,20,,
726,entry,40,,82,
726,entry,46,70,,
726,entry,47,37,,
726,entry,48,47,,
726,entry,49,46,,
726,entry,50,60,,2
726,entry,57,16,,
726,entry,58,13,,
726,entry,59,,37,6
726,entry,60,68,,
726,entry,68,,46,
726,entry,69,40,,
726,entry,70,69,,
726,entry,79,50,,3
726,entry,80,80,,
726,entry,90,,28,
726,start,2,28,,5
726,start,3,58,,
726,start,4,30,,
726,start,5,90,,
726,start,6,6,,
726,start,7,59,,
726,start,8,8,,
726,start,9,24,,
727,entry,0,29,,
727,entry,2,14,,
727,entry,3,50,,
727,entry,4,8,,
727,entry,5,68,,
727,entry,6,30,,
727,entry,7,46,,
727,entry,8,16,,7
727,entry,9,3,,
727,entry,10,39,,
727,entry,13,60,,
727,entry,14,18,,
727,entry,15,24,,
727,entry,16,69,,
727,entry,17,,64,
727,entry,18,79,,2 4
727,entry,19,13,,
727,entry,20,26,,
727,entry,24,49,,
727,entry,25,38,,
727,entry,26,,82,1
727,entry,27,10,,3
727,entry,28,27,,5
727,entry,29,,37,
727,entry,30,28,,6
727,entry,35,6,,
727,entry,36,,28,
727,entry,37,47,,8
727,entry,38,80,,
727,entry,39,4,,
727,entry,40,25,,
727,entry,46,58,,
727,entry,47,,19,
727,entry,48,59,,
727,entry,49,19,,
727,entry,50,35,,
727,entry,57,2,,
727,entry,58,0,,
727,entry,59,,73,
727,entry,60,,55,
727,entry,68,36,,
727,entry,69,7,,
727,entry,70,,46,
727,entry,79,70,,
727,entry,80,48,,
727,entry,90,9,,
727,start,2,5,,
727,start,3,17,,
727,start,4,37,,
727,start,5,15,,
727,start,6,40,,
727,start,7,90,,
727,start,8,20,,
727,start,9,57,,
728,entry,0,49,,7
728,entry,2,,55,
728,entry,3,2,,2
728,entry,4,59,,
728,entry,5,14,,
728,entry,6,36,,
728,entry,7,80,,
728,entry,8,,82,
728,entry,9,25,,
728,entry,10,15,,4
728,entry,13,35,,
728,entry,14,69,,
728,entry,15,16,,
728,entry,16,46,,
728,entry,17,13,,
728,entry,18,30,,1
728,entry,19,20,,
728,entry,20,4,,
728,entry,24,18,,
728,entry,25,27,,
728,entry,26,,64,
728,entry,27,48,,
728,entry,28,39,,
728,entry,29,47,,
728,entry,30,58,,
728,entry,35,3,,
728,entry,36,7,,
728,entry,37,,19,
728,entry,38,40,,
728,entry,39,24,,
728,entry,40,6,,
728,entry,46,28,,5
728,entry,47,,46,
728,entry,48,90,,
728,entry,49,8,,
728,entry,50,50,,
728,entry,57,26,,
728,entry,58,60,,
728,entry,59,38,,
728,entry,60,57,,
728,entry,68,70,,
728,entry,69,37,,
728,entry,70,,28,6
728,entry,79,68,,
728,entry,80,19,,
728,entry,90,,73,3
728,start,2,29,,
728,start,3,10,,
728,start,4,17,,
728,start,5,,37,
728,start,6,79,,8
728,start,7,9,,
728,start,8,5,,
728,start,9,0,,
729,entry,0,59,,
729,entry,2,49,,
729,entry,3,79,,
729,entry,4,35,,
729,entry,5,90,,
729,entry,6,27,,
729,entry,7,,73,
729,entry,8,60,,
729,entry,9,38,,
729,entry,10,,46,
729,entry,13,,37,
729,entry,14,,55,4
729,entry,15,,19,
729,entry,16,36,,
729,entry,17,5,,
729,entry,18,69,,
729,entry,19,48,,
729,entry,20,68,,5
729,entry,24,17,,6
729,entry,25,26,,
729,entry,26,6,,
729,entry,27,15,,3
729,entry,28,30,,
729,entry,29,58,,
729,entry,30,40,,
729,entry,35,46,,
729,entry,36,70,,
729,entry,37,57,,
729,entry,38,2,,
729,entry,39,25,,2
729,entry,40,50,,
729,entry,46,80,,
729,entry,47,29,,
729,entry,48,,28,
729,entry,49,20,,
729,entry,50,,82,
729,entry,57,39,,
729,entry,58,3,,
729,entry,59,18,,
729,entry,60,9,,
729,entry,68,13,,
729,entry,69,28,,
729,entry,70,,64,
729,entry,79,4,,1 7
729,entry,80,7,,
729,entry,90,14,,8
729,start,2,19,,
729,start,3,10,,
729,start,4,47,,
729,start,5,16,,
729,start,6,37,,
729,start,7,0,,
729,start,8,8,,
729,start,9,24,,
730,entry,0,5,,
730,entry,2,,46,
730,entry,3,19,,1
730,entry,4,6,,
730,entry,5,48,,
730,entry,6,10,,
730,entry,7,26,,
730,entry,8,69,,
730,entry,9,13,,
730,entry,10,36,,
730,entry,13,24,,
730,entry,14,39,,
730,entry,15,2,,
730,entry,16,90,,
730,entry,17,37,,
730,entry,18,30,,
730,entry,19,,37,
730,entry,20,28,,
730,entry,24,,73,
730,entry,25,,28,
730,entry,26,15,,
730,entry,27,0,,
730,entry,28,40,,
730,entry,29,4,,7
730,entry,30,,82,
730,entry,35,18,,
730,entry,36,25,,6
730,entry,37,35,,
730,entry,38,7,,
730,entry,39,49,,
730,entry,40,58,,
730,entry,46,70,,3
730,entry,47,,55,
730,entry,48,8,,
730,entry,49,59,,
730,entry,50,68,,
730,entry,57,38,,
730,entry,58,80,,2 4
730,entry,59,16,,
730,entry,60,29,,5
730,entry,68,47,,8
730,entry,69,46,,
730,entry,70,14,,
730,entry,79,79,,
730,entry,80,9,,
730,entry,90,3,,
730,start,2,,19,
730,start,3,27,,
730,start,4,50,,
730,start,5,,64,
730,start,6,17,,
730,start,7,60,,
730,start,8,20,,
730,start,9,57,,
731,entry,0,18,,
731,entry,2,25,,
731,entry,3,50,,
731,entry,4,35,,
731,entry,5,47,,
731,entry,6,,19,
731,entry,7,28,,
731,entry,8,58,,
731,entry,9,,73,
731,entry,10,,46,
731,entry,13,60,,4
731,entry,14,15,,
731,entry,15,69,,
731,entry,16,40,,
731,entry,17,90,,
731,entry,18,20,,
731,entry,19,70,,
731,entry,20,26,,
731,entry,24,80,,
731,entry,25,3,,
731,entry,26,57,,6
731,entry,27,49,,1
731,entry,28,30,,
731,entry,29,19,,
731,entry,30,13,,
731,entry,35,17,,
731,entry,36,,37,
731,entry,37,7,,7
731,entry,38,8,,
731,entry,39,29,,
731,entry,40,27,,5
731,entry,46,4,,
731,entry,47,16,,
731,entry,48,,55,
731,entry,49,39,,
731,entry,50,79,,8
731,entry,57,48,,
731,entry,58,6,,3
731,entry,59,,82,
731,entry,60,10,,
731,entry,68,68,,
731,entry,69,46,,
731,entry,70,9,,
731,entry,79,24,,2
731,entry,80,36,,
731,entry,90,38,,
731,start,2,,64,
731,start,3,59,,
731,start,4,37,,
731,start,5,2,,
731,start,6,14,,
731,start,7,,28,
731,start,8,5,,
731,start,9,0,,
732,entry,0,,37,
732,entry,2,3,,
732,entry,3,,28,4
732,entry,4,18,,
732,entry,5,19,,
732,entry,6,36,,
732,entry,7,5,,
732,entry,8,68,,
732,entry,9,14,,8
732,entry,10,0,,
732,entry,13,48,,
732,entry,14,90,,
732,entry,15,80,,
732,entry,16,25,,
732,entry,17,15,,
732,entry,18,,55,
732,entry,19,,46,
732,entry,20,10,,
732,entry,24,2,,
732,entry,25,59,,
732,entry,26,26,,
732,entry,27,,73,6
732,entry,28,6,,
732,entry,29,17,,
732,entry,30,20,,
732,entry,35,29,,7
732,entry,36,,19,
732,entry,37,40,,
732,entry,38,37,,
732,entry,39,27,,
732,entry,40,46,,
732,entry,46,57,,
732,entry,47,50,,3
732,entry,48,47,,
732,entry,49,7,,
732,entry,50,,64,1
732,entry,57,70,,
732,entry,58,13,,
732,entry,59,39,,
732,entry,60,,82,
732,entry,68,79,,
732,entry,69,69,,
732,entry,70,9,,
732,entry,79,60,,2
732,entry,80,49,,
732,entry,90,4,,
732,start,2,28,,5
732,start,3,58,,
732,start,4,30,,
732,start,5,16,,
732,start,6,38,,
732,start,7,35,,
732,start,8,8,,
732,start,9,24,,
733,entry,0,9,,
733,entry,2,,64,
733,entry,3,,28,
733,entry,4,36,,
733,entry,5,79,,
733,entry,6,28,,6
733,entry,7,50,,
733,entry,8,70,,
733,entry,9,2,,
733,entry,10,46,,2 4
733,entry,13,40,,
733,entry,14,,82,
733,entry,15,4,,
733,entry,16,25,,
733,entry,17,60,,
733,entry,18,24,,
733,entry,19,27,,
733,entry,20,90,,5
733,entry,24,19,,
733,entry,25,16,,
733,entry,26,35,,
733,entry,27,69,,
733,entry,28,3,,
733,entry,29,37,,
733,entry,30,59,,
733,entry,35,26,,
733,entry,36,,55,
733,entry,37,29,,
733,entry,38,6,,
733,entry,39,,73,
733,entry,40,14,,
733,entry,46,,46,
733,entry,47,39,,
733,entry,48,8,,
733,entry,49,13,,
733,entry,50,48,,
733,entry,57,49,,
733,entry,58,18,,
733,entry,59,,37,1
733,entry,60,58,,
733,entry,68,80,,
733,entry,69,47,,8
733,entry,70,68,,7
733,entry,79,0,,
733,entry,80,30,,
733,entry,90,7,,3
733,start,2,5,,
733,start,3,10,,
733,start,4,,19,
733,start,5,15,,
733,start,6,38,,
733,start,7,17,,
733,start,8,20,,
733,start,9,57,,
734,entry,0,49,,
734,entry,2,4,,
734,entry,3,24,,
734,entry,4,70,,
734,entry,5,80,,
734,entry,6,48,,
734,entry,7,40,,
734,entry,8,10,,
734,entry,9,69,,
734,entry,10,2,,2
734,entry,13,,46,
734,entry,14,16,,
734,entry,15,13,,
734,entry,16,,19,
734,entry,17,90,,
734,entry,18,38,,
734,entry,19,,28,6
734,entry,20,35,,
734,entry,24,36,,
734,entry,25,,37,
734,entry,26,,73,
734,entry,27,9,,
734,entry,28,46,,
734,entry,29,27,,
734,entry,30,,55,
734,entry,35,28,,5
734,entry,36,8,,
734,entry,37,,82,7
734,entry,38,,64,
734,entry,39,79,,3 8
734,entry,40,19,,
734,entry,46,18,,
734,entry,47,15,,
734,entry,48,7,,
734,entry,49,3,,
734,entry,50,29,,4
734,entry,57,25,,
734,entry,58,30,,1
734,entry,59,20,,
734,entry,60,60,,
734,entry,68,68,,
734,entry,69,47,,
734,entry,70,58,,
734,entry,79,57,,
734,entry,80,6,,
734,entry,90,59,,
734,start,2,37,,
734,start,3,39,,
734,start,4,26,,
734,start,5,50,,
734,start,6,14,,
734,start,7,17,,
734,start,8,5,,
734,start,9,0,,
735,entry,0,7,,
735,entry,2,,64,
735,entry,3,,46,
735,entry,4,13,,
735,entry,5,19,,6
735,entry,6,26,,
735,entry,7,4,,
735,entry,8,16,,
735,entry,9,28,,
735,entry,10,29,,
735,entry,13,79,,
735,entry,14,47,,
735,entry,15,36,,
735,entry,16,38,,
735,entry,17,48,,
735,entry,18,46,,
735,entry,19,27,,1 7
735,entry,20,39,,
735,entry,24,68,,5
735,entry,25,17,,
735,entry,26,58,,
735,entry,27,,82,
735,entry,28,5,,
735,entry,29,69,,
735,entry,30,40,,
735,entry,35,3,,
735,entry,36,57,,
735,entry,37,70,,
735,entry,38,15,,3
735,entry,39,80,,
735,entry,40,50,,
735,entry,46,,73,4
735,entry,47,90,,
735,entry,48,59,,
735,entry,49,30,,
735,entry,50,60,,
735,entry,57,,19,
735,entry,58,2,,
735,entry,59,35,,
735,entry,60,,37,
735,entry,68,,28,
735,entry,69,,55,
735,entry,70,25,,2
735,entry,79,6,,
735,entry,80,20,,
735,entry,90,18,,
735,start,2,37,,
735,start,3,10,,
735,start,4,49,,
735,start,5,9,,
735,start,6,14,,8
735,start,7,0,,
735,start,8,8,,
735,start,9,24,,
736,entry,0,4,,
736,entry,2,,37,
736,entry,3,47,,8
736,entry,4,9,,
736,entry,5,30,,
736,entry,6,,46,
736,entry,7,17,,
736,entry,8,68,,
736,entry,9,35,,
736,entry,10,,19,
736,entry,13,,73,
736,entry,14,27,,
736,entry,15,40,,
736,entry,16,5,,
736,entry,17,,64,
736,entry,18,15,,
736,entry,19,2,,
736,entry,20,3,,
736,entry,24,37,,
736,entry,25,29,,5
736,entry,26,,28,
736,entry,27,39,,
736,entry,28,25,,6
736,entry,29,26,,
736,entry,30,38,,
736,entry,35,14,,
736,entry,36,28,,
736,entry,37,,55,
736,entry,38,70,,3
736,entry,39,48,,
736,entry,40,16,,
736,entry,46,,82,
736,entry,47,19,,1
736,entry,48,90,,7
736,entry,49,79,,
736,entry,50,36,,
736,entry,57,24,,
736,entry,58,59,,
736,entry,59,0,,
736,entry,60,46,,
736,entry,68,69,,
736,entry,69,10,,
736,entry,70,6,,
736,entry,79,58,,
736,entry,80,7,,
736,entry,90,80,,2 4
736,start,2,49,,
736,start,3,18,,
736,start,4,50,,
736,start,5,13,,
736,start,6,8,,
736,start,7,60,,
736,start,8,20,,
736,start,9,57,,
737,entry,0,50,,
737,entry,2,10,,
737,entry,3,25,,
737,entry,4,9,,
737,entry,5,3,,
737,entry,6,57,,6
737,entry,7,59,,1
737,entry,8,30,,
737,entry,9,36,,
737,entry,10,19,,
737,entry,13,18,,
737,entry,14,37,,
737,entry,15,80,,
737,entry,16,29,,
737,entry,17,,73,
737,entry,18,6,,
737,entry,19,46,,
737,entry,20,13,,5
737,entry,24,68,,4
737,entry,25,35,,
737,entry,26,39,,
737,entry,27,7,,
737,entry,28,16,,
737,entry,29,49,,
737,entry,30,24,,
737,entry,35,8,,
737,entry,36,17,,
737,entry,37,48,,
737,entry,38,47,,3
737,entry,39,14,,
737,entry,40,,46,
737,entry,46,27,,
737,entry,47,,19,
737,entry,48,4,,
737,entry,49,70,,7
737,entry,50,26,,
737,entry,57,40,,
737,entry,58,28,,
737,entry,59,79,,2 8
737,entry,60,60,,
737,entry,68,90,,
737,entry,69,58,,
737,entry,70,38,,
737,entry,79,20,,
737,entry,80,,55,
737,entry,90,,82,
737,start,2,15,,
737,start,3,,64,
737,start,4,,37,
737,start,5,2,,
737,start,6,69,,
737,start,7,,28,
737,start,8,5,,
737,start,9,0,,
738,entry,0,14,,8
738,entry,2,4,,
738,entry,3,60,,2
738,entry,4,20,,
738,entry,5,3,,
738,entry,6,10,,1
738,entry,7,38,,
738,entry,8,37,,
738,entry,9,80,,
738,entry,10,6,,
738,entry,13,68,,
738,entry,14,46,,
738,entry,15,13,,
738,entry,16,15,,
738,entry,17,2,,
738,entry,18,,73,7
738,entry,19,36,,
738,entry,20,16,,
738,entry,24,47,,
738,entry,25,35,,
738,entry,26,25,,
738,entry,27,19,,
738,entry,28,18,,
738,entry,29,70,,
738,entry,30,69,,
738,entry,35,,55,
738,entry,36,26,,
738,entry,37,29,,
738,entry,38,49,,
738,entry,39,5,,
738,entry,40,79,,
738,entry,46,,28,
738,entry,47,39,,
738,entry,48,7,,
738,entry,49,59,,
738,entry,50,90,,
738,entry,57,0,,
738,entry,58,,82,4
738,entry,59,17,,
738,entry,60,,19,
738,entry,68,48,,
738,entry,69,57,,
738,entry,70,27,,6
738,entry,79,9,,
738,entry,80,40,,
738,entry,90,50,,3
738,start,2,28,,5
738,start,3,58,,
738,start,4,30,,
738,start,5,,46,
738,start,6,,64,
738,start,7,,37,
738,start,8,8,,
738,start,9,24,,
739,entry,0,,37,
739,entry,2,17,,1
739,entry,3,59,,
739,entry,4,48,,
739,entry,5,0,,
739,entry,6,90,,2 4
739,entry,7,14,,
739,entry,8,,55,
739,entry,9,60,,
739,entry,10,46,,7
739,entry,13,7,,
739,entry,14,3,,
739,entry,15,10,,
739,entry,16,,73,5
739,entry,17,19,,
739,entry,18,,46,
739,entry,19,26,,
739,entry,20,30,,
739,entry,24,13,,
739,entry,25,,82,
739,entry,26,16,,
739,entry,27,58,,
739,entry,28,36,,
739,entry,29,29,,
739,entry,30,24,,
739,entry,35,2,,3
739,entry,36,,19,
739,entry,37,9,,
739,entry,38,27,,
739,entry,39,39,,
739,entry,40,68,,
739,entry,46,79,,
739,entry,47,4,,
739,entry,48,37,,
739,entry,49,,64,
739,entry,50,6,,
739,entry,57,49,,
739,entry,58,70,,
739,entry,59,28,,6
739,entry,60,8,,
739,entry,68,80,,
739,entry,69,25,,
739,entry,70,18,,
739,entry,79,35,,
739,entry,80,40,,
739,entry,90,50,,
739,start,2,5,,
739,start,3,47,,8
739,start,4,38,,
739,start,5,15,,
739,start,6,69,,
739,start,7,,28,
739,start,8,20,,
739,start,9,57,,
740,entry,0,9,,
740,entry,2,,82,
740,entry,3,38,,
740,entry,4,47,,
740,entry,5,29,,
740,entry,6,58,,
740,entry,7,2,,2
740,entry,8,24,,
740,entry,9,,19,
740,entry,10,30,,1
740,entry,13,68,,
740,entry,14,60,,
740,entry,15,80,,3
740,entry,16,6,,
740,entry,17,35,,
740,entry,18,16,,
740,entry,19,57,,
740,entry,20,49,,
740,entry,24,13,,
740,entry,25,10,,
740,entry,26,25,,
740,entry,27,,55,
740,entry,28,37,,
740,entry,29,,73,
740,entry,30,40,,
740,entry,35,20,,
740,entry,36,70,,
740,entry,37,17,,
740,entry,38,,64,
740,entry,39,8,,
740,entry,40,90,,
740,entry,46,,28,6
740,entry,47,79,,4 8
740,entry,48,7,,
740,entry,49,18,,
740,entry,50,3,,
740,entry,57,14,,
740,entry,58,36,,
740,entry,59,,46,
740,entry,60,69,,
740,entry,68,,37,
740,entry,69,26,,
740,entry,70,59,,7
740,entry,79,28,,5
740,entry,80,15,,
740,entry,90,48,,
740,start,2,39,,
740,start,3,50,,
740,start,4,27,,
740,start,5,4,,
740,start,6,46,,
740,start,7,19,,
740,start,8,5,,
740,start,9,0,,
741,entry,0,39,,6
741,entry,2,9,,4
741,entry,3,2,,
741,entry,4,50,,
741,entry,5,,19,
741,entry,6,15,,3
741,entry,7,6,,
741,entry,8,20,,
741,entry,9,,55,
741,entry,10,14,,8
741,entry,13,,82,
741,entry,14,60,,
741,entry,15,19,,
741,entry,16,80,,
741,entry,17,16,,
741,entry,18,18,,
741,entry,19,,28,
741,entry,20,37,,
741,entry,24,90,,
741,entry,25,70,,
741,entry,26,3,,
741,entry,27,17,,
741,entry,28,28,,
741,entry,29,26,,
741,entry,30,,37,
741,entry,35,40,,
741,entry,36,13,,
741,entry,37,27,,
741,entry,38,47,,1 7
741,entry,39,36,,
741,entry,40,4,,
741,entry,46,57,,
741,entry,47,,46,
741,entry,48,49,,
741,entry,49,46,,
741,entry,50,,73,
741,entry,57,5,,
741,entry,58,59,,
741,entry,59,,64,
741,entry,60,68,,5
741,entry,68,30,,
741,entry,69,7,,
741,entry,70,48,,
741,entry,79,25,,2
741,entry,80,58,,
741,entry,90,35,,
741,start,2,79,,
741,start,3,10,,
741,start,4,69,,
741,start,5,29,,
741,start,6,38,,
741,start,7,0,,
741,start,8,8,,
741,start,9,24,,
742,entry,0,29,,5
742,entry,2,6,,
742,entry,3,,82,
742,entry,4,5,,
742,entry,5,38,,
742,entry,6,27,,
742,entry,7,,64,
742,entry,8,,73,
742,entry,9,59,,
742,entry,10,14,,
742,entry,13,2,,
742,entry,14,49,,
742,entry,15,19,,1
742,entry,16,37,,
742,entry,17,7,,
742,entry,18,68,,
742,entry,19,36,,
742,entry,20,9,,
742,entry,24,28,,
742,entry,25,24,,
742,entry,26,40,,
742,entry,27,15,,
742,entry,28,90,,
742,entry,29,47,,8
742,entry,30,79,,
742,entry,35,,46,
742,entry,36,48,,7
742,entry,37,25,,6
742,entry,38,46,,
742,entry,39,,55,
742,entry,40,0,,
742,entry,46,39,,
742,entry,47,70,,3
742,entry,48,4,,
742,entry,49,,28,
742,entry,50,10,,
742,entry,57,,19,
742,entry,58,16,,
742,entry,59,3,,
742,entry,60,35,,
742,entry,68,26,,
742,entry,69,30,,
742,entry,70,8,,
742,entry,79,80,,2 4
742,entry,80,18,,
742,entry,90,58,,
742,start,2,17,,
742,start,3,,37,
742,start,4,50,,
742,start,5,69,,
742,start,6,13,,
742,start,7,60,,
742,start,8,20,,
742,start,9,57,,
743,entry,0,6,,
743,entry,2,,55,
743,entry,3,27,,
743,entry,4,,37,
743,entry,5,60,,5
743,entry,6,25,,
743,entry,7,50,,
743,entry,8,40,,
743,entry,9,80,,
743,entry,10,13,,
743,entry,13,8,,
743,entry,14,38,,
743,entry,15,10,,7
743,entry,16,18,,
743,entry,17,35,,
743,entry,18,57,,6
743,entry,19,28,,
743,entry,20,4,,
743,entry,24,19,,
743,entry,25,15,,
743,entry,26,46,,
743,entry,27,,46,
743,entry,28,,82,
743,entry,29,90,,
743,entry,30,36,,2
743,entry,35,,73,
743,entry,36,,64,
743,entry,37,37,,
743,entry,38,9,,
743,entry,39,16,,1
743,entry,40,58,,
743,entry,46,68,,
743,entry,47,7,,
743,entry,48,69,,
743,entry,49,24,,
743,entry,50,20,,
743,entry,57,17,,4
743,entry,58,79,,8
743,entry,59,59,,
743,entry,60,30,,
743,entry,68,3,,
743,entry,69,48,,
743,entry,70,29,,
743,entry,79,,19,
743,entry,80,39,,
743,entry,90,49,,3
743,start,2,14,,
743,start,3,26,,
743,start,4,70,,
743,start,5,2,,
743,start,6,47,,
743,start,7,,28,
743,start,8,5,,
743,start,9,0,,
744,entry,0,46,,
744,entry,2,20,,
744,entry,3,70,,
744,entry,4,80,,
744,entry,5,29,,
744,entry,6,37,,
744,entry,7,17,,6
744,entry,8,4,,
744,entry,9,,46,
744,entry,10,,64,
744,entry,13,,19,
744,entry,14,90,,4
744,entry,15,57,,7
744,entry,16,49,,
744,entry,17,40,,
744,entry,18,,55,
744,entry,19,35,,
744,entry,20,7,,
744,entry,24,48,,
744,entry,25,18,,
744,entry,26,16,,
744,entry,27,50,,3
744,entry,28,6,,
744,entry,29,38,,
744,entry,30,,73,1
744,entry,35,39,,
744,entry,36,47,,
744,entry,37,15,,
744,entry,38,5,,
744,entry,39,59,,
744,entry,40,,82,
744,entry,46,10,,
744,entry,47,36,,
744,entry,48,79,,
744,entry,49,0,,
744,entry,50,9,,
744,entry,57,27,,
744,entry,58,25,,
744,entry,59,60,,2
744,entry,60,19,,
744,entry,68,26,,
744,entry,69,68,,
744,entry,70,2,,
744,entry,79,,37,
744,entry,80,,28,
744,entry,90,3,,
744,start,2,28,,5
744,start,3,58,,
744,start,4,30,,
744,start,5,14,,8
744,start,6,69,,
744,start,7,13,,
744,start,8,8,,
744,start,9,24,,
745,entry,0,,64,
745,entry,2,24,,
745,entry,3,,28,
745,entry,4,70,,
745,entry,5,36,,
745,entry,6,9,,
745,entry,7,,19,7
745,entry,8,7,,
745,entry,9,2,,
745,entry,10,6,,
745,entry,13,3,,
745,entry,14,80,,1
745,entry,15,49,,
745,entry,16,79,,
745,entry,17,47,,8
745,entry,18,17,,
745,entry,19,28,,6
745,entry,20,8,,
745,entry,24,69,,
745,entry,25,59,,
745,entry,26,0,,
745,entry,27,38,,2 4
745,entry,28,27,,
745,entry,29,25,,
745,entry,30,18,,
745,entry,35,,73,
745,entry,36,10,,
745,entry,37,16,,5
745,entry,38,37,,
745,entry,39,35,,
745,entry,40,13,,
745,entry,46,58,,3
745,entry,47,30,,
745,entry,48,19,,
745,entry,49,,55,
745,entry,50,50,,
745,entry,57,,37,
745,entry,58,46,,
745,entry,59,,46,
745,entry,60,60,,
745,entry,68,90,,
745,entry,69,48,,
745,entry,70,40,,
745,entry,79,14,,
745,entry,80,29,,
745,entry,90,39,,
745,start,2,5,,
745,start,3,4,,
745,start,4,26,,
745,start,5,15,,
745,start,6,,82,
745,start,7,68,,
745,start,8,20,,
745,start,9,57,,
746,entry,0,47,,
746,entry,2,20,,
746,entry,3,3,,3
746,entry,4,17,,
746,entry,5,39,,
746,entry,6,2,,2
746,entry,7,16,,
746,entry,8,68,,
746,entry,9,90,,
746,entry,10,15,,
746,entry,13,79,,8
746,entry,14,,28,6
746,entry,15,58,,
746,entry,16,35,,
746,entry,17,13,,
746,entry,18,,82,
746,entry,19,10,,
746,entry,20,,64,
746,entry,24,,46,
746,entry,25,6,,
746,entry,26,,55,
746,entry,27,8,,
746,entry,28,9,,
746,entry,29,50,,
746,entry,30,38,,
746,entry,35,7,,
746,entry,36,59,,
746,entry,37,18,,
746,entry,38,19,,
746,entry,39,60,,
746,entry,40,,37,
746,entry,46,69,,4
746,entry,47,57,,
746,entry,48,37,,
746,entry,49,70,,
746,entry,50,4,,
746,entry,57,46,,7
746,entry,58,28,,5
746,entry,59,48,,
746,entry,60,14,,
746,entry,68,49,,
746,entry,69,,19,
746,entry,70,30,,1
746,entry,79,25,,
746,entry,80,36,,
746,entry,90,40,,
746,start,2,26,,
746,start,3,27,,
746,start,4,80,,
746,start,5,29,,
746,start,6,,73,
746,start,7,24,,
746,start,8,5,,
746,start,9,0,,
747,entry,0,17,,
747,entry,2,15,,3
747,entry,3,36,,
747,entry,4,80,,
747,entry,5,79,,
747,entry,6,25,,2
747,entry,7,58,,
747,entry,8,19,,
747,entry,9,3,,
747,entry,10,,73,
747,entry,13,5,,
747,entry,14,90,,
747,entry,15,27,,
747,entry,16,20,,
747,entry,17,,55,
747,entry,18,13,,
747,entry,19,48,,
747,entry,20,,82,
747,entry,24,,19,
747,entry,25,30,,
747,entry,26,18,,
747,entry,27,6,,
747,entry,28,68,,5
747,entry,29,,37,
747,entry,30,29,,
747,entry,35,69,,
747,entry,36,28,,
747,entry,37,40,,
747,entry,38,49,,
747,entry,39,4,,4
747,entry,40,38,,
747,entry,46,,28,1 7
747,entry,47,50,,
747,entry,48,59,,
747,entry,49,35,,6
747,entry,50,14,,8
747,entry,57,60,,
747,entry,58,46,,
747,entry,59,26,,
747,entry,60,70,,
747,entry,68,,64,
747,entry,69,2,,
747,entry,70,37,,
747,entry,79,9,,
747,entry,80,47,,
747,entry,90,57,,
747,start,2,7,,
747,start,3,10,,
747,start,4,16,,
747,start,5,,46,
747,start,6,39,,
747,start,7,0,,
747,start,8,8,,
747,start,9,24,,
748,entry,0,17,,
748,entry,2,,82,
748,entry,3,10,,
748,entry,4,24,,
748,entry,5,49,,
748,entry,6,70,,3
748,entry,7,46,,
748,entry,8,59,,
748,entry,9,6,,
748,entry,10,,37,
748,entry,13,28,,
748,entry,14,,46,
748,entry,15,39,,
748,entry,16,7,,
748,entry,17,,64,
748,entry,18,80,,2 4
748,entry,19,79,,
748,entry,20,29,,5
748,entry,24,5,,
748,entry,25,68,,
748,entry,26,48,,
748,entry,27,47,,8
748,entry,28,18,,
748,entry,29,90,,
748,entry,30,14,,
748,entry,35,19,,1
748,entry,36,58,,
748,entry,37,,73,
748,entry,38,0,,
748,entry,39,27,,
748,entry,40,9,,
748,entry,46,69,,7
748,entry,47,15,,
748,entry,48,13,,
748,entry,49,8,,
748,entry,50,30,,
748,entry,57,25,,6
748,entry,58,37,,
748,entry,59,3,,
748,entry,60,40,,
748,entry,68,36,,
748,entry,69,35,,
748,entry,70,2,,
748,entry,79,,55,
748,entry,80,,28,
748,entry,90,4,,
748,start,2,38,,
748,start,3,26,,
748,start,4,50,,
748,start,5,,19,
748,start,6,16,,
748,start,7,60,,
748,start,8,20,,
748,start,9,57,,
749,entry,0,35,,
749,entry,2,19,,
749,entry,3,,73,
749,entry,4,36,,
749,entry,5,48,,
749,entry,6,28,,
749,entry,7,20,,
749,entry,8,16,,
749,entry,9,29,,5
749,entry,10,17,,
749,entry,13,3,,
749,entry,14,46,,
749,entry,15,,19,
749,entry,16,90,,
749,entry,17,30,,
749,entry,18,47,,
749,entry,19,8,,
749,entry,20,,46,
749,entry,24,15,,
749,entry,25,40,,
749,entry,26,13,,1
749,entry,27,37,,
749,entry,28,80,,
749,entry,29,,55,
749,entry,30,4,,
749,entry,35,57,,6
749,entry,36,7,,
749,entry,37,68,,
749,entry,38,59,,
749,entry,39,6,,
749,entry,40,14,,4
749,entry,46,9,,7
749,entry,47,,82,3
749,entry,48,60,,
749,entry,49,50,,
749,entry,50,25,,
749,entry,57,49,,
749,entry,58,69,,2
749,entry,59,38,,
749,entry,60,18,,
749,entry,68,58,,
749,entry,69,27,,
749,entry,70,79,,8
749,entry,79,24,,
749,entry,80,10,,
749,entry,90,26,,
749,start,2,,64,
749,start,3,70,,
749,start,4,39,,
749,start,5,2,,
749,start,6,,37,
749,start,7,,28,
749,start,8,5,,
749,start,9,0,,
750,entry,0,10,,
750,entry,2,36,,
750,entry,3,50,,3
750,entry,4,0,,
750,entry,5,,73,
750,entry,6,60,,2
750,entry,7,,55,
750,entry,8,70,,
750,entry,9,19,,
750,entry,10,20,,
750,entry,13,90,,
750,entry,14,9,,6
750,entry,15,80,,
750,entry,16,68,,
750,entry,17,37,,
750,entry,18,5,,1
750,entry,19,29,,4
750,entry,20,,28,
750,entry,24,40,,
750,entry,25,79,,
750,entry,26,16,,
750,entry,27,47,,
750,entry,28,46,,
750,entry,29,48,,
750,entry,30,,82,
750,entry,35,,19,
750,entry,36,17,,
750,entry,37,15,,
750,entry,38,,64,
750,entry,39,69,,
750,entry,40,39,,
750,entry,46,57,,
750,entry,47,25,,
750,entry,48,7,,
750,entry,49,14,,8
750,entry,50,3,,
750,entry,57,38,,
750,entry,58,,46,
750,entry,59,13,,
750,entry,60,59,,
750,entry,68,35,,
750,entry,69,,37,
750,entry,70,49,,7
750,entry,79,4,,
750,entry,80,18,,
750,entry,90,2,,
750,start,2,28,,5
750,start,3,58,,
750,start,4,30,,
750,start,5,27,,
750,start,6,26,,
750,start,7,6,,
750,start,8,8,,
750,start,9,24,,
751,entry,0,7,,7
751,entry,2,49,,
751,entry,3,90,,
751,entry,4,79,,
751,entry,5,,55,
751,entry,6,39,,
751,entry,7,18,,
751,entry,8,16,,
751,entry,9,,64,
751,entry,10,30,,
751,entry,13,19,,
751,entry,14,0,,
751,entry,15,,46,
751,entry,16,17,,
751,entry,17,,73,
751,entry,18,37,,
751,entry,19,3,,3
751,entry,20,,19,
751,entry,24,10,,
751,entry,25,27,,
751,entry,26,28,,6
751,entry,27,50,,
751,entry,28,47,,8
751,entry,29,68,,
751,entry,30,2,,2 4
751,entry,35,69,,
751,entry,36,25,,
751,entry,37,60,,
751,entry,38,24,,
751,entry,39,,37,
751,entry,40,48,,5
751,entry,46,35,,
751,entry,47,,28,
751,entry,48,59,,
751,entry,49,4,,
751,entry,50,40,,
751,entry,57,29,,
751,entry,58,6,,
751,entry,59,,82,
751,entry,60,70,,
751,entry,68,8,,
751,entry,69,80,,
751,entry,70,26,,
751,entry,79,14,,1
751,entry,80,36,,
751,entry,90,46,,
751,start,2,5,,
751,start,3,38,,
751,start,4,58,,
751,start,5,15,,
751,start,6,9,,
751,start,7,13,,
751,start,8,20,,
751,start,9,57,,
752,entry,0,90,,
752,entry,2,40,,
752,entry,3,30,,1
752,entry,4,,46,
752,entry,5,47,,
752,entry,6,,28,6
752,entry,7,27,,4 7
752,entry,8,3,,
752,entry,9,80,,
752,entry,10,25,,
752,entry,13,17,,
752,entry,14,26,,
752,entry,15,18,,
752,entry,16,,64,
752,entry,17,79,,8
752,entry,18,4,,
752,entry,19,13,,
752,entry,20,29,,
752,entry,24,36,,
752,entry,25,,73,
752,entry,26,57,,3
752,entry,27,58,,
752,entry,28,8,,
752,entry,29,,37,
752,entry,30,39,,
752,entry,35,38,,
752,entry,36,15,,
752,entry,37,6,,
752,entry,38,2,,2
752,entry,39,28,,5
752,entry,40,49,,
752,entry,46,20,,
752,entry,47,59,,
752,entry,48,35,,
752,entry,49,10,,
752,entry,50,48,,
752,entry,57,19,,
752,entry,58,,55,
752,entry,59,16,,
752,entry,60,,19,
752,entry,68,37,,
752,entry,69,24,,
752,entry,70,50,,
752,entry,79,,82,
752,entry,80,60,,
752,entry,90,70,,
752,start,2,7,,
752,start,3,9,,
752,start,4,14,,
752,start,5,69,,
752,start,6,68,,
752,start,7,46,,
752,start,8,5,,
752,start,9,0,,
753,entry,0,38,,
753,entry,2,27,,
753,entry,3,,73,
753,entry,4,2,,
753,entry,5,5,,
753,entry,6,,46,
753,entry,7,18,,
753,entry,8,14,,8
753,entry,9,3,,
753,entry,10,48,,
753,entry,13,70,,
753,entry,14,90,,
753,entry,15,15,,3
753,entry,16,35,,
753,entry,17,28,,
753,entry,18,79,,
753,entry,19,37,,
753,entry,20,60,,
753,entry,24,13,,
753,entry,25,49,,
753,entry,26,,55,
753,entry,27,17,,1 7
753,entry,28,59,,
753,entry,29,68,,5
753,entry,30,,37,
753,entry,35,,19,
753,entry,36,6,,
753,entry,37,,64,
753,entry,38,69,,
753,entry,39,36,,
753,entry,40,47,,
753,entry,46,19,,
753,entry,47,7,,
753,entry,48,80,,
753,entry,49,46,,
753,entry,50,57,,4
753,entry,57,30,,
753,entry,58,25,,2
753,entry,59,29,,
753,entry,60,9,,6
753,entry,68,20,,
753,entry,69,40,,
753,entry,70,58,,
753,entry,79,4,,
753,entry,80,16,,
753,entry,90,,28,
753,start,2,50,,
753,start,3,10,,
753,start,4,39,,
753,start,5,,82,
753,start,6,26,,
753,start,7,0,,
753,start,8,8,,
753,start,9,24,,
754,entry,0,27,,
754,entry,2,17,,
754,entry,3,70,,3
754,entry,4,,64,
754,entry,5,47,,8
754,entry,6,80,,2 4
754,entry,7,26,,
754,entry,8,4,,
754,entry,9,28,,
754,entry,10,13,,
754,entry,13,30,,
754,entry,14,15,,
754,entry,15,,73,
754,entry,16,,55,
754,entry,17,35,,
754,entry,18,16,,
754,entry,19,,82,
754,entry,20,,28,
754,entry,24,25,,6
754,entry,25,38,,7
754,entry,26,58,,
754,entry,27,,19,
754,entry,28,90,,
754,entry,29,40,,
754,entry,30,39,,
754,entry,35,46,,
754,entry,36,10,,
754,entry,37,6,,
754,entry,38,79,,
754,entry,39,69,,
754,entry,40,2,,
754,entry,46,36,,
754,entry,47,8,,
754,entry,48,0,,
754,entry,49,29,,5
754,entry,50,19,,1
754,entry,57,3,,
754,entry,58,48,,
754,entry,59,14,,
754,entry,60,24,,
754,entry,68,49,,
754,entry,69,9,,
754,entry,70,,46,
754,entry,79,,37,
754,entry,80,5,,
754,entry,90,68,,
754,start,2,7,,
754,start,3,37,,
754,start,4,50,,
754,start,5,59,,
754,start,6,18,,
754,start,7,60,,
754,start,8,20,,
754,start,9,57,,
755,entry,0,15,,
755,entry,2,4,,
755,entry,3,38,,
755,entry,4,37,,
755,entry,5,60,,
755,entry,6,13,,
755,entry,7,17,,
755,entry,8,48,,
755,entry,9,36,,
755,entry,10,,73,
755,entry,13,79,,8
755,entry,14,68,,7
755,entry,15,24,,
755,entry,16,,37,4
755,entry,17,3,,
755,entry,18,,19,
755,entry,19,46,,3
755,entry,20,8,,
755,entry,24,70,,
755,entry,25,9,,5
755,entry,26,25,,
755,entry,27,,82,
755,entry,28,40,,
755,entry,29,29,,
755,entry,30,39,,
755,entry,35,27,,
755,entry,36,18,,
755,entry,37,35,,
755,entry,38,57,,6
755,entry,39,28,,
755,entry,40,80,,
755,entry,46,47,,
755,entry,47,69,,
755,entry,48,,46,
755,entry,49,90,,
755,entry,50,16,,2
755,entry,57,14,,
755,entry,58,26,,
755,entry,59,,55,1
755,entry,60,58,,
755,entry,68,7,,
755,entry,69,59,,
755,entry,70,20,,
755,entry,79,,64,
755,entry,80,30,,
755,entry,90,10,,
755,start,2,49,,
755,start,3,50,,
755,start,4,19,,
755,start,5,2,,
755,start,6,6,,
755,start,7,,28,
755,start,8,5,,
755,start,9,0,,
756,entry,0,40,,
756,entry,2,,19,6
756,entry,3,,28,
756,entry,4,80,,
756,entry,5,68,,
756,entry,6,59,,
756,entry,7,0,,
756,entry,8,47,,
756,entry,9,20,,
756,entry,10,50,,3
756,entry,13,4,,
756,entry,14,26,,
756,entry,15,19,,
756,entry,16,27,,
756,entry,17,10,,
756,entry,18,7,,
756,entry,19,13,,7
756,entry,20,2,,
756,entry,24,79,,
756,entry,25,29,,
756,entry,26,37,,
756,entry,27,57,,
756,entry,28,,37,
756,entry,29,18,,
756,entry,30,36,,
756,entry,35,69,,
756,entry,36,46,,
756,entry,37,,73,
756,entry,38,38,,
756,entry,39,,55,
756,entry,40,14,,8
756,entry,46,60,,2
756,entry,47,,82,
756,entry,48,16,,
756,entry,49,5,,
756,entry,50,,46,
756,entry,57,49,,
756,entry,58,17,,1
756,entry,59,15,,4
756,entry,60,6,,
756,entry,68,35,,
756,entry,69,48,,
756,entry,70,90,,
756,entry,79,25,,
756,entry,80,3,,
756,entry,90,,64,
756,start,2,28,,5
756,start,3,58,,
756,start,4,30,,
756,start,5,39,,
756,start,6,70,,
756,start,7,9,,
756,start,8,8,,
756,start,9,24,,
757,entry,0,2,,
757,entry,2,70,,
757,entry,3,13,,2 4
757,entry,4,48,,
757,entry,5,7,,
757,entry,6,,46,
757,entry,7,39,,
757,entry,8,8,,
757,entry,9,,28,
757,entry,10,40,,
757,entry,13,49,,5
757,entry,14,58,,
757,entry,15,17,,
757,entry,16,14,,
757,entry,17,47,,8
757,entry,18,18,,
757,entry,19,3,,1
757,entry,20,,37,
757,entry,24,27,,
757,entry,25,19,,
757,entry,26,,82,
757,entry,27,28,,6
757,entry,28,,19,
757,entry,29,46,,
757,entry,30,,73,
757,entry,35,79,,
757,entry,36,9,,
757,entry,37,25,,
757,entry,38,50,,
757,entry,39,10,,
757,entry,40,38,,
757,entry,46,,64,
757,entry,47,35,,
757,entry,48,60,,
757,entry,49,90,,
757,entry,50,4,,3
757,entry,57,,55,
757,entry,58,80,,
757,entry,59,24,,
757,entry,60,69,,
757,entry,68,29,,
757,entry,69,0,,
757,entry,70,26,,
757,entry,79,6,,
757,entry,80,36,,
757,entry,90,37,,7
757,start,2,5,,
757,start,3,68,,
757,start,4,59,,
757,start,5,15,,
757,start,6,30,,
757,start,7,16,,
757,start,8,20,,
757,start,9,57,,
758,entry,0,50,,
758,entry,2,28,,5
758,entry,3,29,,
758,entry,4,49,,
758,entry,5,,82,
758,entry,6,40,,
758,entry,7,38,,
758,entry,8,7,,
758,entry,9,70,,
758,entry,10,16,,
758,entry,13,57,,
758,entry,14,59,,
758,entry,15,48,,
758,entry,16,90,,
758,entry,17,26,,
758,entry,18,68,,3
758,entry,19,80,,4
758,entry,20,,46,
758,entry,24,69,,
758,entry,25,,19,
758,entry,26,,37,
758,entry,27,36,,
758,entry,28,13,,
758,entry,29,10,,
758,entry,30,18,,
758,entry,35,39,,
758,entry,36,4,,
758,entry,37,46,,
758,entry,38,20,,
758,entry,39,58,,
758,entry,40,60,,
758,entry,46,14,,
758,entry,47,30,,1
758,entry,48,47,,
758,entry,49,6,,
758,entry,50,,73,
758,entry,57,27,,
758,entry,58,25,,
758,entry,59,9,,
758,entry,60,15,,
758,entry,68,37,,7
758,entry,69,3,,
758,entry,70,2,,2
758,entry,79,,28,6
758,entry,80,35,,
758,entry,90,,55,
758,start,2,17,,
758,start,3,19,,
758,start,4,24,,
758,start,5,79,,8
758,start,6,8,,
758,start,7,,64,
758,start,8,5,,
758,start,9,0,,
759,entry,0,37,,
759,entry,2,,28,
759,entry,3,48,,
759,entry,4,47,,
759,entry,5,,37,
759,entry,6,9,,
759,entry,7,39,,1 7
759,entry,8,,46,
759,entry,9,68,,5
759,entry,10,57,,
759,entry,13,58,,
759,entry,14,90,,
759,entry,15,,55,
759,entry,16,19,,
759,entry,17,49,,
759,entry,18,35,,
759,entry,19,,64,
759,entry,20,69,,
759,entry,24,70,,
759,entry,25,6,,
759,entry,26,40,,
759,entry,27,38,,
759,entry,28,26,,
759,entry,29,7,,
759,entry,30,80,,4
759,entry,35,36,,
759,entry,36,5,,
759,entry,37,30,,
759,entry,38,25,,2
759,entry,39,50,,
759,entry,40,2,,6
759,entry,46,15,,3
759,entry,47,,73,
759,entry,48,20,,
759,entry,49,60,,
759,entry,50,3,,
759,entry,57,,82,
759,entry,58,18,,
759,entry,59,79,,
759,entry,60,29,,
759,entry,68,28,,
759,entry,69,4,,
759,entry,70,16,,
759,entry,79,14,,8
759,entry,80,17,,
759,entry,90,59,,
759,start,2,27,,
759,start,3,10,,
759,start,4,13,,
759,start,5,,19,
759,start,6,46,,
759,start,7,0,,
759,start,8,8,,
759,start,9,24,,
760,entry,0,38,,
760,entry,2,,73,
760,entry,3,37,,
760,entry,4,29,,5
760,entry,5,28,,
760,entry,6,19,,1
760,entry,7,0,,
760,entry,8,90,,
760,entry,9,,55,
760,entry,10,30,,
760,entry,13,47,,8
760,entry,14,14,,
760,entry,15,,82,
760,entry,16,24,,
760,entry,17,10,,
760,entry,18,59,,
760,entry,19,80,,2 4
760,entry,20,40,,
760,entry,24,9,,
760,entry,25,2,,
760,entry,26,,46,
760,entry,27,27,,
760,entry,28,69,,
760,entry,29,36,,
760,entry,30,3,,
760,entry,35,,28,7
760,entry,36,5,,
760,entry,37,35,,
760,entry,38,15,,
760,entry,39,13,,
760,entry,40,4,,
760,entry,46,,37,
760,entry,47,39,,
760,entry,48,25,,6
760,entry,49,,64,
760,entry,50,68,,
760,entry,57,46,,
760,entry,58,70,,3
760,entry,59,49,,
760,entry,60,26,,
760,entry,68,,19,
760,entry,69,8,,
760,entry,70,48,,
760,entry,79,18,,
760,entry,80,58,,
760,entry,90,7,,
760,start,2,79,,
760,start,3,6,,
760,start,4,50,,
760,start,5,16,,
760,start,6,17,,
760,start,7,60,,
760,start,8,20,,
760,start,9,57,,
761,entry,0,6,,
761,entry,2,50,,1
761,entry,3,28,,
761,entry,4,27,,
761,entry,5,58,,
761,entry,6,79,,8
761,entry,7,59,,
761,entry,8,18,,
761,entry,9,3,,
761,entry,10,,46,
761,entry,13,90,,
761,entry,14,37,,3
761,entry,15,20,,
761,entry,16,10,,
761,entry,17,,73,
761,entry,18,80,,7
761,entry,19,13,,
761,entry,20,48,,
761,entry,24,14,,
761,entry,25,30,,
761,entry,26,24,,
761,entry,27,38,,
761,entry,28,15,,
761,entry,29,35,,
761,entry,30,,19,
761,entry,35,17,,
761,entry,36,8,,
761,entry,37,47,,
761,entry,38,29,,
761,entry,39,16,,
761,entry,40,40,,
761,entry,46,70,,2
761,entry,47,9,,
761,entry,48,,37,5
761,entry,49,19,,
761,entry,50,57,,6
761,entry,57,69,,
761,entry,58,46,,
761,entry,59,68,,
761,entry,60,39,,
761,entry,68,,64,
761,entry,69,,82,4
761,entry,70,49,,
761,entry,79,25,,
761,entry,80,26,,
761,entry,90,36,,
761,start,2,,55,
761,start,3,7,,
761,start,4,4,,
761,start,5,2,,
761,start,6,60,,
761,start,7,,28,
761,start,8,5,,
761,start,9,0,,
762,entry,0,38,,
762,entry,2,,19,
762,entry,3,,64,
762,entry,4,48,,
762,entry,5,18,,
762,entry,6,39,,
762,entry,7,50,,3
762,entry,8,29,,
762,entry,9,,46,
762,entry,10,14,,1 8
762,entry,13,7,,
762,entry,14,15,,
762,entry,15,,37,
762,entry,16,80,,
762,entry,17,26,,
762,entry,18,25,,
762,entry,19,35,,
762,entry,20,3,,
762,entry,24,6,,
762,entry,25,70,,
762,entry,26,46,,
762,entry,27,36,,
762,entry,28,79,,
762,entry,29,20,,
762,entry,30,13,,
762,entry,35,5,,4
762,entry,36,10,,
762,entry,37,2,,
762,entry,38,59,,
762,entry,39,60,,2
762,entry,40,0,,
762,entry,46,90,,7
762,entry,47,,28,
762,entry,48,69,,
762,entry,49,68,,
762,entry,50,16,,
762,entry,57,4,,
762,entry,58,49,,6
762,entry,59,47,,
762,entry,60,17,,
762,entry,68,40,,
762,entry,69,57,,
762,entry,70,27,,
762,entry,79,19,,
762,entry,80,,82,
762,entry,90,9,,
762,start,2,28,,5
762,start,3,58,,
762,start,4,30,,
762,start,5,,73,
762,start,6,,55,
762,start,7,37,,
762,start,8,8,,
762,start,9,24,,
763,entry,0,14,,
763,entry,2,80,,
763,entry,3,90,,
763,entry,4,,55,
763,entry,5,69,,
763,entry,6,50,,
763,entry,7,24,,
763,entry,8,,73,
763,entry,9,79,,
763,entry,10,4,,
763,entry,13,70,,
763,entry,14,,46,
763,entry,15,28,,6
763,entry,16,60,,
763,entry,17,,37,
763,entry,18,26,,
763,entry,19,46,,
763,entry,20,19,,
763,entry,24,59,,7
763,entry,25,25,,
763,entry,26,49,,
763,entry,27,6,,
763,entry,28,0,,
763,entry,29,,64,
763,entry,30,13,,
763,entry,35,35,,
763,entry,36,29,,
763,entry,37,8,,
763,entry,38,10,,1
763,entry,39,,82,
763,entry,40,48,,
763,entry,46,39,,
763,entry,47,18,,
763,entry,48,38,,
763,entry,49,9,,
763,entry,50,58,,
763,entry,57,17,,
763,entry,58,30,,
763,entry,59,27,,3
763,entry,60,16,,
763,entry,68,40,,
763,entry,69,3,,
763,entry,70,7,,2 4
763,entry,79,47,,8
763,entry,80,2,,5
763,entry,90,68,,
763,start,2,5,,
763,start,3,,19,
763,start,4,,28,
763,start,5,15,,
763,start,6,36,,
763,start,7,37,,
763,start,8,20,,
763,start,9,57,,
764,entry,0,,19,
764,entry,2,48,,
764,entry,3,8,,
764,entry,4,90,,
764,entry,5,,37,
764,entry,6,10,,
764,entry,7,,28,6
764,entry,8,68,,
764,entry,9,70,,
764,entry,10,50,,
764,entry,13,18,,
764,entry,14,57,,
764,entry,15,30,,1
764,entry,16,69,,
764,entry,17,14,,
764,entry,18,,82,4
764,entry,19,27,,
764,entry,20,46,,
764,entry,24,,73,
764,entry,25,,46,
764,entry,26,38,,
764,entry,27,59,,3
764,entry,28,19,,
764,entry,29,37,,
764,entry,30,,64,
764,entry,35,40,,
764,entry,36,80,,
764,entry,37,17,,
764,entry,38,58,,
764,entry,39,15,,
764,entry,40,3,,
764,entry,46,13,,
764,entry,47,20,,
764,entry,48,6,,
764,entry,49,79,,8
764,entry,50,36,,
764,entry,57,47,,
764,entry,58,39,,
764,entry,59,2,,2
764,entry,60,26,,7
764,entry,68,49,,
764,entry,69,35,,
764,entry,70,28,,5
764,entry,79,,55,
764,entry,80,29,,
764,entry,90,16,,
764,start,2,24,,
764,start,3,7,,
764,start,4,60,,
764,start,5,9,,
764,start,6,25,,
764,start,7,4,,
764,start,8,5,,
764,start,9,0,,
765,entry,0,13,,
765,entry,2,3,,
765,entry,3,17,,
765,entry,4,,55,
765,entry,5,27,,
765,entry,6,39,,
765,entry,7,80,,
765,entry,8,14,,8
765,entry,9,20,,
765,entry,10,36,,
765,entry,13,68,,5
765,entry,14,,19,
765,entry,15,37,,4
765,entry,16,49,,
765,entry,17,90,,
765,entry,18,,46,
765,entry,19,18,,
765,entry,20,46,,
765,entry,24,2,,
765,entry,25,,73,6
765,entry,26,59,,
765,entry,27,60,,
765,entry,28,35,,
765,entry,29,28,,
765,entry,30,48,,
765,entry,35,69,,
765,entry,36,7,,
765,entry,37,16,,
765,entry,38,26,,
765,entry,39,6,,1 7
765,entry,40,58,,
765,entry,46,38,,
765,entry,47,47,,
765,entry,48,5,,
765,entry,49,,37,
765,entry,50,,82,
765,entry,57,70,,
765,entry,58,15,,3
765,entry,59,79,,
765,entry,60,9,,
765,entry,68,29,,
765,entry,69,30,,
765,entry,70,40,,
765,entry,79,4,,
765,entry,80,50,,
765,entry,90,25,,2
765,start,2,,64,
765,start,3,10,,
765,start,4,19,,
765,start,5,57,,
765,start,6,,28,
765,start,7,0,,
765,start,8,8,,
765,start,9,24,,
766,entry,0,17,,
766,entry,2,37,,
766,entry,3,49,,
766,entry,4,25,,6
766,entry,5,40,,
766,entry,6,,19,
766,entry,7,8,,
766,entry,8,6,,
766,entry,9,,37,
766,entry,10,39,,
766,entry,13,59,,
766,entry,14,70,,3
766,entry,15,48,,
766,entry,16,16,,
766,entry,17,18,,
766,entry,18,35,,
766,entry,19,4,,
766,entry,20,7,,
766,entry,24,13,,
766,entry,25,58,,
766,entry,26,38,,
766,entry,27,69,,
766,entry,28,,55,
766,entry,29,29,,5
766,entry,30,19,,1
766,entry,35,15,,
766,entry,36,10,,7
766,entry,37,27,,
766,entry,38,90,,
766,entry,39,14,,
766,entry,40,24,,
766,entry,46,30,,
766,entry,47,80,,2 4
766,entry,48,,28,
766,entry,49,9,,
766,entry,50,,46,
766,entry,57,,64,
766,entry,58,,73,
766,entry,59,47,,8
766,entry,60,5,,
766,entry,68,46,,
766,entry,69,26,,
766,entry,70,2,,
766,entry,79,36,,
766,entry,80,28,,
766,entry,90,,82,
766,start,2,68,,
766,start,3,0,,
766,start,4,50,,
766,start,5,3,,
766,start,6,79,,
766,start,7,60,,
766,start,8,20,,
766,start,9,57,,
767,entry,0,40,,
767,entry,2,,19,
767,entry,3,70,,
767,entry,4,90,,
767,entry,5,50,,
767,entry,6,8,,2
767,entry,7,,46,
767,entry,8,39,,5
767,entry,9,26,,
767,entry,10,57,,6
767,entry,13,48,,
767,entry,14,15,,1
767,entry,15,60,,3
767,entry,16,58,,
767,entry,17,,82,
767,entry,18,27,,
767,entry,19,14,,
767,entry,20,46,,
767,entry,24,,37,
767,entry,25,59,,
767,entry,26,20,,
767,entry,27,9,,
767,entry,28,37,,
767,entry,29,24,,4
767,entry,30,,64,
767,entry,35,28,,
767,entry,36,30,,
767,entry,37,19,,7
767,entry,38,68,,
767,entry,39,25,,
767,entry,40,7,,
767,entry,46,10,,
767,entry,47,69,,
767,entry,48,16,,
767,entry,49,18,,
767,entry,50,17,,
767,entry,57,47,,
767,entry,58,38,,
767,entry,59,,55,
767,entry,60,3,,
767,entry,68,79,,8
767,entry,69,6,,
767,entry,70,29,,
767,entry,79,36,,
767,entry,80,35,,
767,entry,90,4,,
767,start,2,13,,
767,start,3,80,,
767,start,4,49,,
767,start,5,2,,
767,start,6,,73,
767,start,7,,28,
767,start,8,5,,
767,start,9,0,,
768,entry,0,48,,
768,entry,2,38,,4
768,entry,3,6,,
768,entry,4,3,,
768,entry,5,16,,
768,entry,6,50,,3
768,entry,7,27,,
768,entry,8,14,,8
768,entry,9,,28,
768,entry,10,17,,
768,entry,13,4,,
768,entry,14,,37,7
768,entry,15,,19,
768,entry,16,37,,
768,entry,17,79,,
768,entry,18,60,,2
768,entry,19,,73,
768,entry,20,57,,
768,entry,24,18,,
768,entry,25,13,,
768,entry,26,36,,
768,entry,27,47,,
768,entry,28,68,,
768,entry,29,,82,
768,entry,30,35,,
768,entry,35,,46,
768,entry,36,5,,
768,entry,37,70,,
768,entry,38,29,,
768,entry,39,9,,
768,entry,40,,55,
768,entry,46,15,,
768,entry,47,2,,6
768,entry,48,39,,
768,entry,49,59,,
768,entry,50,0,,
768,entry,57,40,,
768,entry,58,80,,
768,entry,59,69,,
768,entry,60,10,,
768,entry,68,90,,
768,entry,69,46,,
768,entry,70,20,,1
768,entry,79,,64,
768,entry,80,25,,
768,entry,90,26,,
768,start,2,28,,5
768,start,3,58,,
768,start,4,30,,
768,start,5,49,,
768,start,6,7,,
768,start,7,19,,
768,start,8,8,,
768,start,9,24,,
769,entry,0,60,,
769,entry,2,50,,
769,entry,3,18,,
769,entry,4,16,,
769,entry,5,58,,
769,entry,6,38,,
769,entry,7,30,,
769,entry,8,90,,
769,entry,9,80,,
769,entry,10,70,,
769,entry,13,36,,
769,entry,14,6,,
769,entry,15,14,,
769,entry,16,48,,
769,entry,17,40,,
769,entry,18,,19,
769,entry,19,17,,
769,entry,20,29,,
769,entry,24,8,,
769,entry,25,26,,
769,entry,26,69,,
769,entry,27,37,,
769,entry,28,59,,
769,entry,29,,82,
769,entry,30,39,,
769,entry,35,24,,
769,entry,36,,64,
769,entry,37,10,,
769,entry,38,27,,2 4
769,entry,39,9,,
769,entry,40,0,,
769,entry,46,7,,1
769,entry,47,47,,3 8
769,entry,48,3,,5
769,entry,49,68,,
769,entry,50,28,,6
769,entry,57,,37,
769,entry,58,2,,
769,entry,59,49,,
769,entry,60,25,,
769,entry,68,46,,
769,entry,69,19,,
769,entry,70,35,,
769,entry,79,4,,
769,entry,80,,55,
769,entry,90,,46,
769,start,2,5,,
769,start,3,,28,
769,start,4,13,,
769,start,5,15,,
769,start,6,79,,7
769,start,7,,73,
769,start,8,20,,
769,start,9,57,,
770,entry,0,,73,
770,entry,2,57,,
770,entry,3,26,,
770,entry,4,50,,
770,entry,5,39,,
770,entry,6,20,,
770,entry,7,8,,
770,entry,8,35,,
770,entry,9,,64,
770,entry,10,48,,
770,entry,13,4,,
770,entry,14,40,,
770,entry,15,49,,
770,entry,16,47,,
770,entry,17,18,,
770,entry,18,,55,
770,entry,19,16,,
770,entry,20,,19,
770,entry,24,90,,
770,entry,25,59,,
770,entry,26,37,,
770,entry,27,,28,6
770,entry,28,14,,
770,entry,29,29,,
770,entry,30,68,,
770,entry,35,30,,1
770,entry,36,17,,
770,entry,37,79,,8
770,entry,38,24,,4
770,entry,39,15,,
770,entry,40,,82,
770,entry,46,38,,
770,entry,47,7,,3
770,entry,48,46,,
770,entry,49,25,,
770,entry,50,9,,
770,entry,57,,46,
770,entry,58,58,,
770,entry,59,70,,
770,entry,60,80,,
770,entry,68,6,,
770,entry,69,27,,
770,entry,70,13,,
770,entry,79,2,,2
770,entry,80,3,,
770,entry,90,28,,5
770,start,2,10,,
770,start,3,,37,
770,start,4,19,,
770,start,5,36,,
770,start,6,60,,7
770,start,7,69,,
770,start,8,5,,
770,start,9,0,,
771,entry,0,59,,
771,entry,2,49,,
771,entry,3,15,,3
771,entry,4,4,,
771,entry,5,30,,
771,entry,6,18,,
771,entry,7,50,,
771,entry,8,68,,5
771,entry,9,6,,
771,entry,10,2,,
771,entry,13,,82,
771,entry,14,,64,
771,entry,15,3,,
771,entry,16,28,,
771,entry,17,60,,
771,entry,18,79,,
771,entry,19,16,,4
771,entry,20,58,,
771,entry,24,5,,
771,entry,25,13,,
771,entry,26,,46,1 7
771,entry,27,90,,
771,entry,28,9,,
771,entry,29,37,,6
771,entry,30,17,,
771,entry,35,,37,
771,entry,36,19,,
771,entry,37,,19,
771,entry,38,7,,
771,entry,39,46,,
771,entry,40,70,,
771,entry,46,29,,
771,entry,47,25,,2
771,entry,48,35,,
771,entry,49,14,,8
771,entry,50,39,,
771,entry,57,20,,
771,entry,58,57,,
771,entry,59,69,,
771,entry,60,26,,
771,entry,68,40,,
771,entry,69,80,,
771,entry,70,36,,
771,entry,79,,55,
771,entry,80,48,,
771,entry,90,47,,
771,start,2,38,,
771,start,3,10,,
771,start,4,,73,
771,start,5,27,,
771,start,6,,28,
771,start,7,0,,
771,start,8,8,,
771,start,9,24,,
772,entry,0,26,,
772,entry,2,80,,2 4
772,entry,3,13,,
772,entry,4,16,,
772,entry,5,37,,
772,entry,6,69,,
772,entry,7,,82,
772,entry,8,6,,
772,entry,9,25,,6
772,entry,10,90,,
772,entry,13,18,,
772,entry,14,40,,
772,entry,15,10,,
772,entry,16,79,,
772,entry,17,7,,
772,entry,18,19,,1
772,entry,19,70,,3
772,entry,20,4,,
772,entry,24,3,,
772,entry,25,2,,
772,entry,26,0,,7
772,entry,27,17,,
772,entry,28,24,,
772,entry,29,,64,
772,entry,30,,73,
772,entry,35,47,,8
772,entry,36,30,,
772,entry,37,29,,5
772,entry,38,,46,
772,entry,39,68,,
772,entry,40,,55,
772,entry,46,27,,
772,entry,47,14,,
772,entry,48,5,,
772,entry,49,49,,
772,entry,50,36,,
772,entry,57,9,,
772,entry,58,,19,
772,entry,59,59,,
772,entry,60,46,,
772,entry,68,28,,
772,entry,69,8,,
772,entry,70,38,,
772,entry,79,39,,
772,entry,80,48,,
772,entry,90,15,,
772,start,2,58,,
772,start,3,35,,
772,start,4,50,,
772,start,5,,28,
772,start,6,,37,
772,start,7,60,,
772,start,8,20,,
772,start,9,57,,
773,entry,0,68,,
773,entry,2,38,,
773,entry,3,,46,
773,entry,4,,64,5
773,entry,5,18,,
773,entry,6,37,,
773,entry,7,80,,
773,entry,8,59,,
773,entry,9,30,,
773,entry,10,10,,
773,entry,13,47,,
773,entry,14,14,,
773,entry,15,6,,
773,entry,16,50,,
773,entry,17,,37,
773,entry,18,13,,
773,entry,19,,82,
773,entry,20,26,,
773,entry,24,24,,
773,entry,25,16,,
773,entry,26,69,,
773,entry,27,4,,
773,entry,28,48,,
773,entry,29,9,,
773,entry,30,36,,7
773,entry,35,60,,
773,entry,36,79,,4 8
773,entry,37,3,,
773,entry,38,,19,
773,entry,39,19,,3
773,entry,40,15,,
773,entry,46,25,,
773,entry,47,46,,
773,entry,48,40,,
773,entry,49,17,,
773,entry,50,27,,
773,entry,57,35,,
773,entry,58,57,,6
773,entry,59,28,,
773,entry,60,39,,
773,entry,68,70,,
773,entry,69,90,,
773,entry,70,,55,2
773,entry,79,,73,1
773,entry,80,58,,
773,entry,90,20,,
773,start,2,49,,
773,start,3,29,,
773,start,4,7,,
773,start,5,2,,
773,start,6,8,,
773,start,7,,28,
773,start,8,5,,
773,start,9,0,,
774,entry,0,,64,
774,entry,2,46,,
774,entry,3,70,,1
774,entry,4,2,,
774,entry,5,48,,
774,entry,6,19,,7
774,entry,7,10,,
774,entry,8,69,,
774,entry,9,68,,
774,entry,10,,37,
774,entry,13,20,,
774,entry,14,,28,
774,entry,15,,82,
774,entry,16,18,,
774,entry,17,90,,
774,entry,18,57,,6
774,entry,19,35,,
774,entry,20,4,,
774,entry,24,3,,
774,entry,25,13,,
774,entry,26,80,,
774,entry,27,47,,
774,entry,28,40,,
774,entry,29,,55,
774,entry,30,14,,8
774,entry,35,,19,
774,entry,36,26,,
774,entry,37,9,,
774,entry,38,50,,3
774,entry,39,27,,
774,entry,40,16,,
774,entry,46,,73,4
774,entry,47,38,,
774,entry,48,49,,
774,entry,49,37,,
774,entry,50,17,,
774,entry,57,7,,
774,entry,58,36,,
774,entry,59,39,,
774,entry,60,5,,
774,entry,68,0,,
774,entry,69,79,,
774,entry,70,15,,
774,entry,79,59,,
774,entry,80,29,,
774,entry,90,60,,2
774,start,2,28,,5
774,start,3,58,,
774,start,4,30,,
774,start,5,6,,
774,start,6,25,,
774,start,7,,46,
774,start,8,8,,
774,start,9,24,,
775,entry,0,,55,
775,entry,2,35,,
775,entry,3,28,,6
775,entry,4,29,,
775,entry,5,26,,
775,entry,6,24,,
775,entry,7,47,,8
775,entry,8,14,,
775,entry,9,79,,
775,entry,10,,46,
775,entry,13,25,,
775,entry,14,39,,
775,entry,15,50,,
775,entry,16,49,,
775,entry,17,46,,
775,entry,18,59,,
775,entry,19,0,,
775,entry,20,,82,
775,entry,24,7,,
775,entry,25,60,,
775,entry,26,6,,
775,entry,27,,64,1 7
775,entry,28,69,,
775,entry,29,37,,
775,entry,30,30,,
775,entry,35,90,,
775,entry,36,8,,
775,entry,37,4,,
775,entry,38,,28,3
775,entry,39,,19,2 4
775,entry,40,40,,
775,entry,46,18,,
775,entry,47,9,,
775,entry,48,58,,
775,entry,49,38,,5
775,entry,50,2,,
775,entry,57,16,,
775,entry,58,13,,
775,entry,59,10,,
775,entry,60,17,,
775,entry,68,,37,
775,entry,69,36,,
775,entry,70,27,,
775,entry,79,80,,
775,entry,80,19,,
775,entry,90,68,,
775,start,2,5,,
775,start,3,,73,
775,start,4,48,,
775,start,5,15,,
775,start,6,70,,
775,start,7,3,,
775,start,8,20,,
775,start,9,57,,
776,entry,0,15,,
776,entry,2,46,,
776,entry,3,20,,
776,entry,4,80,,
776,entry,5,6,,
776,entry,6,,55,
776,entry,7,,82,
776,entry,8,36,,
776,entry,9,59,,
776,entry,10,38,,
776,entry,13,47,,
776,entry,14,4,,3 7
776,entry,15,3,,
776,entry,16,19,,
776,entry,17,9,,
776,entry,18,57,,
776,entry,19,24,,
776,entry,20,10,,
776,entry,24,39,,
776,entry,25,14,,
776,entry,26,29,,4
776,entry,27,8,,
776,entry,28,,73,
776,entry,29,,46,
776,entry,30,50,,
776,entry,35,,28,6
776,entry,36,37,,
776,entry,37,25,,
776,entry,38,28,,5
776,entry,39,48,,
776,entry,40,60,,
776,entry,46,58,,
776,entry,47,2,,2
776,entry,48,68,,
776,entry,49,,19,
776,entry,50,30,,1
776,entry,57,35,,
776,entry,58,16,,
776,entry,59,,64,
776,entry,60,,37,
776,entry,68,79,,8
776,entry,69,7,,
776,entry,70,40,,
776,entry,79,17,,
776,entry,80,90,,
776,entry,90,49,,
776,start,2,13,,
776,start,3,26,,
776,start,4,69,,
776,start,5,27,,
776,start,6,18,,
776,start,7,70,,
776,start,8,5,,
776,start,9,0,,
777,entry,0,68,,5
777,entry,2,,28,
777,entry,3,,73,
777,entry,4,14,,6 8
777,entry,5,46,,
777,entry,6,,37,
777,entry,7,15,,3
777,entry,8,30,,
777,entry,9,35,,
777,entry,10,60,,
777,entry,13,,82,
777,entry,14,17,,
777,entry,15,7,,
777,entry,16,70,,
777,entry,17,6,,
777,entry,18,49,,
777,entry,19,25,,2
777,entry,20,9,,
777,entry,24,90,,
777,entry,25,3,,
777,entry,26,39,,
777,entry,27,47,,
777,entry,28,59,,
777,entry,29,20,,
777,entry,30,37,,
777,entry,35,13,,4
777,entry,36,79,,
777,entry,37,57,,
777,entry,38,69,,
777,entry,39,18,,
777,entry,40,26,,
777,entry,46,16,,
777,entry,47,40,,
777,entry,48,80,,
777,entry,49,28,,
777,entry,50,2,,
777,entry,57,,64,
777,entry,58,27,,
777,entry,59,,19,1 7
777,entry,60,38,,
777,entry,68,5,,
777,entry,69,19,,
777,entry,70,48,,
777,entry,79,29,,
777,entry,80,58,,
777,entry,90,,46,
777,start,2,36,,
777,start,3,10,,
777,start,4,,55,
777,start,5,4,,
777,start,6,50,,
777,start,7,0,,
777,start,8,8,,
777,start,9,24,,
778,entry,0,3,,
778,entry,2,,28,
778,entry,3,59,,
778,entry,4,38,,
778,entry,5,8,,
778,entry,6,47,,8
778,entry,7,,46,
778,entry,8,,19,
778,entry,9,7,,
778,entry,10,13,,7
778,entry,13,48,,
778,entry,14,,37,
778,entry,15,18,,
778,entry,16,29,,5
778,entry,17,5,,
778,entry,18,37,,
778,entry,19,79,,
778,entry,20,27,,
778,entry,24,26,,
778,entry,25,2,,
778,entry,26,14,,
778,entry,27,16,,
778,entry,28,49,,
778,entry,29,0,,
778,entry,30,80,,2 4
778,entry,35,,73,
778,entry,36,9,,
778,entry,37,28,,
778,entry,38,39,,
778,entry,39,15,,
778,entry,40,58,,
778,entry,46,6,,
778,entry,47,,82,
778,entry,48,68,,
778,entry,49,25,,6
778,entry,50,4,,
778,entry,57,,55,
778,entry,58,19,,1
778,entry,59,70,,3
778,entry,60,17,,
778,entry,68,24,,
778,entry,69,35,,
778,entry,70,69,,
778,entry,79,90,,
778,entry,80,46,,
778,entry,90,,64,
778,start,2,10,,
778,start,3,40,,
778,start,4,50,,
778,start,5,36,,
778,start,6,30,,
778,start,7,60,,
778,start,8,20,,
778,start,9,57,,
779,entry,0,80,,
779,entry,2,10,,
779,entry,3,16,,
779,entry,4,68,,
779,entry,5,8,,
779,entry,6,50,,
779,entry,7,37,,
779,entry,8,7,,
779,entry,9,90,,
779,entry,10,24,,2
779,entry,13,47,,
779,entry,14,36,,
779,entry,15,,55,
779,entry,16,60,,
779,entry,17,46,,
779,entry,18,17,,
779,entry,19,4,,1
779,entry,20,58,,
779,entry,24,6,,
779,entry,25,70,,
779,entry,26,,64,
779,entry,27,,46,
779,entry,28,39,,7
779,entry,29,27,,
779,entry,30,20,,
779,entry,35,38,,
779,entry,36,59,,5
779,entry,37,26,,4
779,entry,38,15,,
779,entry,39,29,,
779,entry,40,30,,
779,entry,46,,73,
779,entry,47,25,,
779,entry,48,3,,
779,entry,49,48,,
779,entry,50,,82,
779,entry,57,18,,
779,entry,58,49,,
779,entry,59,,19,
779,entry,60,9,,
779,entry,68,35,,
779,entry,69,40,,
779,entry,70,19,,3
779,entry,79,57,,6
779,entry,80,79,,8
779,entry,90,28,,
779,start,2,13,,
779,start,3,,37,
779,start,4,69,,
779,start,5,2,,
779,start,6,14,,
779,start,7,,28,
779,start,8,5,,
779,start,9,0,,
780,entry,0,,82,
780,entry,2,,73,
780,entry,3,17,,
780,entry,4,90,,
780,entry,5,47,,
780,entry,6,29,,
780,entry,7,2,,
780,entry,8,18,,
780,entry,9,15,,
780,entry,10,4,,
780,entry,13,27,,
780,entry,14,60,,2
780,entry,15,57,,
780,entry,16,39,,
780,entry,17,0,,
780,entry,18,,28,
780,entry,19,25,,
780,entry,20,79,,
780,entry,24,68,,
780,entry,25,,64,
780,entry,26,35,,
780,entry,27,10,,
780,entry,28,38,,
780,entry,29,3,,
780,entry,30,70,,
780,entry,35,7,,
780,entry,36,,55,
780,entry,37,20,,
780,entry,38,13,,4
780,entry,39,9,,
780,entry,40,5,,
780,entry,46,6,,
780,entry,47,46,,1
780,entry,48,48,,
780,entry,49,49,,
780,entry,50,19,,6
780,entry,57,26,,
780,entry,58,,37,
780,entry,59,,19,
780,entry,60,40,,
780,entry,68,,46,
780,entry,69,80,,
780,entry,70,50,,3
780,entry,79,59,,7
780,entry,80,14,,8
780,entry,90,36,,
780,start,2,28,,5
780,start,3,58,,
780,start,4,30,,
780,start,5,37,,
780,start,6,69,,
780,start,7,16,,
780,start,8,8,,
780,start,9,24,,
781,entry,0,38,,
781,entry,2,,46,
781,entry,3,35,,
781,entry,4,59,,
781,entry,5,60,,
781,entry,6,6,,
781,entry,7,40,,1
781,entry,8,26,,
781,entry,9,70,,
781,entry,10,7,,
781,entry,13,,55,
781,entry,14,28,,6
781,entry,15,9,,
781,entry,16,8,,
781,entry,17,,73,
781,entry,18,17,,3
781,entry,19,,64,2 4
781,entry,20,69,,
781,entry,24,25,,
781,entry,25,29,,
781,entry,26,18,,
781,entry,27,48,,
781,entry,28,,28,
781,entry,29,,19,5
781,entry,30,79,,
781,entry,35,39,,
781,entry,36,68,,
781,entry,37,58,,
781,entry,38,37,,
781,entry,39,,82,
781,entry,40,0,,
781,entry,46,50,,
781,entry,47,24,,
781,entry,48,47,,8
781,entry,49,49,,7
781,entry,50,10,,
781,entry,57,13,,
781,entry,58,80,,
781,entry,59,,37,
781,entry,60,19,,
781,entry,68,30,,
781,entry,69,4,,
781,entry,70,3,,
781,entry,79,16,,
781,entry,80,36,,
781,entry,90,46,,
781,start,2,5,,
781,start,3,90,,
781,start,4,2,,
781,start,5,15,,
781,start,6,14,,
781,start,7,27,,
781,start,8,20,,
781,start,9,57,,
782,entry,0,,46,
782,entry,2,24,,
782,entry,3,4,,
782,entry,4,,19,
782,entry,5,27,,
782,entry,6,30,,1
782,entry,7,50,,7
782,entry,8,70,,
782,entry,9,35,,
782,entry,10,28,,5
782,entry,13,14,,
782,entry,14,15,,
782,entry,15,37,,
782,entry,16,10,,
782,entry,17,3,,
782,entry,18,,28,6
782,entry,19,,55,
782,entry,20,46,,
782,entry,24,25,,
782,entry,25,68,,
782,entry,26,40,,
782,entry,27,38,,
782,entry,28,69,,
782,entry,29,18,,
782,entry,30,16,,
782,entry,35,48,,
782,entry,36,90,,
782,entry,37,29,,
782,entry,38,80,,3
782,entry,39,,64,4
782,entry,40,19,,
782,entry,46,17,,
782,entry,47,39,,
782,entry,48,7,,
782,entry,49,36,,
782,entry,50,,73,
782,entry,57,49,,
782,entry,58,20,,
782,entry,59,58,,
782,entry,60,8,,
782,entry,68,47,,
782,entry,69,6,,
782,entry,70,,37,
782,entry,79,,82,
782,entry,80,60,,
782,entry,90,2,,2
782,start,2,79,,8
782,start,3,13,,
782,start,4,9,,
782,start,5,26,,
782,start,6,57,,
782,start,7,59,,
782,start,8,5,,
782,start,9,0,,
783,entry,0,58,,
783,entry,2,80,,1 7
783,entry,3,18,,
783,entry,4,,64,
783,entry,5,17,,
783,entry,6,38,,
783,entry,7,60,,
783,entry,8,40,,
783,entry,9,35,,
783,entry,10,4,,
783,entry,13,28,,
783,entry,14,25,,2
783,entry,15,26,,
783,entry,16,48,,
783,entry,17,69,,
783,entry,18,50,,
783,entry,19,27,,
783,entry,20,30,,
783,entry,24,20,,
783,entry,25,36,,
783,entry,26,,82,
783,entry,27,47,,
783,entry,28,79,,
783,entry,29,37,,
783,entry,30,29,,
783,entry,35,46,,
783,entry,36,9,,
783,entry,37,57,,
783,entry,38,6,,
783,entry,39,7,,
783,entry,40,39,,
783,entry,46,16,,
783,entry,47,,19,
783,entry,48,2,,
783,entry,49,,55,
783,entry,50,49,,
783,entry,57,68,,5
783,entry,58,,28,4
783,entry,59,3,,
783,entry,60,59,,
783,entry,68,,37,6
783,entry,69,70,,
783,entry,70,,73,
783,entry,79,14,,8
783,entry,80,5,,
783,entry,90,15,,3
783,start,2,19,,
783,start,3,10,,
783,start,4,,46,
783,start,5,13,,
783,start,6,90,,
783,start,7,0,,
783,start,8,8,,
783,start,9,24,,
784,entry,0,,19,
784,entry,2,39,,
784,entry,3,59,,
784,entry,4,68,,
784,entry,5,4,,
784,entry,6,13,,
784,entry,7,7,,
784,entry,8,0,,
784,entry,9,29,,5
784,entry,10,19,,1
784,entry,13,2,,
784,entry,14,26,,
784,entry,15,15,,
784,entry,16,40,,
784,entry,17,,28,
784,entry,18,27,,
784,entry,19,14,,
784,entry,20,24,,
784,entry,24,36,,
784,entry,25,25,,6
784,entry,26,48,,
784,entry,27,80,,2 4
784,entry,28,,73,
784,entry,29,9,,
784,entry,30,,46,
784,entry,35,70,,3
784,entry,36,58,,
784,entry,37,90,,
784,entry,38,3,,
784,entry,39,69,,
784,entry,40,5,,
784,entry,46,,37,
784,entry,47,37,,
784,entry,48,10,,
784,entry,49,6,,
784,entry,50,47,,8
784,entry,57,49,,
784,entry,58,46,,
784,entry,59,8,,
784,entry,60,28,,
784,entry,68,,64,
784,entry,69,18,,
784,entry,70,,82,
784,entry,79,79,,
784,entry,80,35,,
784,entry,90,,55,
784,start,2,16,,
784,start,3,30,,
784,start,4,50,,
784,start,5,38,,
784,start,6,17,,7
784,start,7,60,,
784,start,8,20,,
784,start,9,57,,
785,entry,0,,82,
785,entry,2,14,,
785,entry,3,27,,
785,entry,4,18,,
785,entry,5,17,,
785,entry,6,4,,
785,entry,7,,19,
785,entry,8,60,,
785,entry,9,,55,
785,entry,10,9,,
785,entry,13,10,,5
785,entry,14,15,,
785,entry,15,46,,
785,entry,16,3,,
785,entry,17,40,,
785,entry,18,28,,
785,entry,19,69,,2 7
785,entry,20,8,,
785,entry,24,,73,
785,entry,25,,64,4
785,entry,26,79,,8
785,entry,27,57,,6
785,entry,28,90,,
785,entry,29,58,,
785,entry,30,38,,
785,entry,35,25,,
785,entry,36,35,,
785,entry,37,37,,
785,entry,38,49,,1
785,entry,39,20,,
785,entry,40,,46,
785,entry,46,47,,
785,entry,47,68,,
785,entry,48,16,,
785,entry,49,30,,
785,entry,50,7,,
785,entry,57,,37,
785,entry,58,13,,
785,entry,59,26,,
785,entry,60,19,,
785,entry,68,48,,
785,entry,69,36,,
785,entry,70,29,,
785,entry,79,80,,3
785,entry,80,39,,
785,entry,90,70,,
785,start,2,6,,
785,start,3,24,,
785,start,4,50,,
785,start,5,2,,
785,start,6,59,,
785,start,7,,28,
785,start,8,5,,
785,start,9,0,,
786,entry,0,90,,
786,entry,2,,73,
786,entry,3,16,,
786,entry,4,14,,8
786,entry,5,39,,
786,entry,6,10,,
786,entry,7,69,,7
786,entry,8,80,,
786,entry,9,79,,
786,entry,10,,19,
786,entry,13,57,,
786,entry,14,,55,
786,entry,15,49,,1
786,entry,16,35,,
786,entry,17,18,,
786,entry,18,38,,
786,entry,19,,64,
786,entry,20,70,,
786,entry,24,6,,
786,entry,25,,37,
786,entry,26,15,,
786,entry,27,3,,
786,entry,28,13,,
786,entry,29,7,,
786,entry,30,60,,2
786,entry,35,4,,
786,entry,36,25,,
786,entry,37,,28,
786,entry,38,19,,
786,entry,39,29,,6
786,entry,40,68,,
786,entry,46,26,,
786,entry,47,0,,4
786,entry,48,59,,
786,entry,49,40,,
786,entry,50,27,,
786,entry,57,48,,
786,entry,58,5,,
786,entry,59,50,,3
786,entry,60,37,,
786,entry,68,,46,
786,entry,69,46,,
786,entry,70,,82,
786,entry,79,36,,
786,entry,80,9,,
786,entry,90,20,,
786,start,2,28,,5
786,start,3,58,,
786,start,4,30,,
786,start,5,47,,
786,start,6,2,,
786,start,7,17,,
786,start,8,8,,
786,start,9,24,,
787,entry,0,46,,5
787,entry,2,68,,2 4
787,entry,3,4,,
787,entry,4,19,,
787,entry,5,58,,
787,entry,6,35,,
787,entry,7,26,,
787,entry,8,27,,
787,entry,9,0,,
787,entry,10,16,,
787,entry,13,,19,
787,entry,14,17,,
787,entry,15,,82,
787,entry,16,,55,
787,entry,17,29,,
787,entry,18,6,,
787,entry,19,2,,
787,entry,20,47,,8
787,entry,24,,37,
787,entry,25,9,,
787,entry,26,,46,
787,entry,27,39,,
787,entry,28,8,,
787,entry,29,,73,
787,entry,30,3,,7
787,entry,35,90,,
787,entry,36,70,,
787,entry,37,13,,
787,entry,38,18,,
787,entry,39,38,,1
787,entry,40,30,,
787,entry,46,48,,
787,entry,47,28,,6
787,entry,48,37,,
787,entry,49,10,,
787,entry,50,40,,
787,entry,57,25,,
787,entry,58,50,,
787,entry,59,80,,
787,entry,60,49,,
787,entry,68,60,,
787,entry,69,14,,
787,entry,70,59,,3
787,entry,79,24,,
787,entry,80,7,,
787,entry,90,79,,
787,start,2,5,,
787,start,3,36,,
787,start,4,,64,
787,start,5,15,,
787,start,6,,28,
787,start,7,69,,
787,start,8,20,,
787,start,9,57,,
788,entry,0,4,,
788,entry,2,38,,
788,entry,3,19,,
788,entry,4,80,,
788,entry,5,15,,
788,entry,6,70,,4
788,entry,7,69,,
788,entry,8,18,,
788,entry,9,7,,
788,entry,10,14,,
788,entry,13,,82,
788,entry,14,20,,
788,entry,15,,28,6
788,entry,16,49,,
788,entry,17,9,,
788,entry,18,28,,5
788,entry,19,48,,
788,entry,20,24,,
788,entry,24,47,,
788,entry,25,26,,
788,entry,26,58,,
788,entry,27,2,,2
788,entry,28,59,,
788,entry,29,,19,
788,entry,30,30,,1
788,entry,35,25,,3
788,entry,36,6,,
788,entry,37,35,,
788,entry,38,16,,
788,entry,39,29,,
788,entry,40,46,,
788,entry,46,,64,7
788,entry,47,,55,
788,entry,48,,37,
788,entry,49,68,,
788,entry,50,40,,
788,entry,57,60,,
788,entry,58,10,,
788,entry,59,57,,
788,entry,60,90,,
788,entry,68,50,,
788,entry,69,,73,
788,entry,70,17,,
788,entry,79,8,,
788,entry,80,27,,
788,entry,90,3,,
788,start,2,36,,
788,start,3,37,,
788,start,4,13,,
788,start,5,39,,
788,start,6,79,,8
788,start,7,,46,
788,start,8,5,,
788,start,9,0,,
789,entry,0,,46,
789,entry,2,14,,8
789,entry,3,60,,
789,entry,4,28,,
789,entry,5,48,,
789,entry,6,46,,
789,entry,7,27,,
789,entry,8,37,,
789,entry,9,26,,
789,entry,10,35,,
789,entry,13,30,,
789,entry,14,16,,1 7
789,entry,15,25,,2
789,entry,16,,64,
789,entry,17,68,,5
789,entry,18,47,,4
789,entry,19,57,,
789,entry,20,,55,
789,entry,24,50,,
789,entry,25,20,,
789,entry,26,7,,
789,entry,27,19,,
789,entry,28,,82,6
789,entry,29,70,,
789,entry,30,79,,
789,entry,35,18,,
789,entry,36,17,,
789,entry,37,40,,
789,entry,38,4,,
789,entry,39,3,,
789,entry,40,5,,
789,entry,46,38,,
789,entry,47,49,,
789,entry,48,6,,
789,entry,49,13,,
789,entry,50,15,,3
789,entry,57,59,,
789,entry,58,2,,
789,entry,59,,37,
789,entry,60,39,,
789,entry,68,,28,
789,entry,69,80,,
789,entry,70,90,,
789,entry,79,36,,
789,entry,80,,19,
789,entry,90,58,,
789,start,2,69,,
789,start,3,10,,
789,start,4,29,,
789,start,5,,73,
789,start,6,9,,
789,start,7,0,,
789,start,8,8,,
789,start,9,24,,
790,entry,0,16,,
790,entry,2,70,,3
790,entry,3,15,,
790,entry,4,4,,
790,entry,5,,73,
790,entry,6,48,,
790,entry,7,36,,
790,entry,8,9,,
790,entry,9,5,,
790,entry,10,3,,
790,entry,13,25,,6
790,entry,14,,19,
790,entry,15,90,,
790,entry,16,58,,
790,entry,17,7,,
790,entry,18,49,,
790,entry,19,,64,
790,entry,20,13,,
790,entry,24,2,,
790,entry,25,18,,
790,entry,26,80,,2 4
790,entry,27,10,,
790,entry,28,59,,
790,entry,29,28,,
790,entry,30,68,,
790,entry,35,,37,
790,entry,36,47,,8
790,entry,37,37,,
790,entry,38,69,,
790,entry,39,,82,
790,entry,40,,55,
790,entry,46,46,,
790,entry,47,0,,
790,entry,48,79,,
790,entry,49,26,,7
790,entry,50,39,,
790,entry,57,38,,
790,entry,58,40,,
790,entry,59,30,,
790,entry,60,35,,
790,entry,68,27,,
790,entry,69,29,,5
790,entry,70,19,,1
790,entry,79,14,,
790,entry,80,24,,
790,entry,90,,46,
790,start,2,,28,
790,start,3,8,,
790,start,4,50,,
790,start,5,17,,
790,start,6,6,,
790,start,7,60,,
790,start,8,20,,
790,start,9,57,,
791,entry,0,3,,
791,entry,2,,37,7
791,entry,3,69,,
791,entry,4,40,,
791,entry,5,17,,
791,entry,6,70,,3
791,entry,7,68,,2
791,entry,8,10,,
791,entry,9,36,,
791,entry,10,4,,
791,entry,13,13,,
791,entry,14,57,,6
791,entry,15,80,,
791,entry,16,,46,
791,entry,17,58,,
791,entry,18,29,,
791,entry,19,49,,
791,entry,20,35,,
791,entry,24,59,,
791,entry,25,48,,
791,entry,26,28,,
791,entry,27,20,,
791,entry,28,,55,
791,entry,29,14,,5
791,entry,30,79,,8
791,entry,35,,19,
791,entry,36,90,,
791,entry,37,30,,
791,entry,38,6,,
791,entry,39,15,,
791,entry,40,39,,
791,entry,46,47,,1
791,entry,47,50,,
791,entry,48,16,,
791,entry,49,,73,
791,entry,50,9,,
791,entry,57,60,,
791,entry,58,26,,
791,entry,59,8,,
791,entry,60,19,,4
791,entry,68,,64,
791,entry,69,46,,
791,entry,70,25,,
791,entry,79,38,,
791,entry,80,18,,
791,entry,90,,82,
791,start,2,7,,
791,start,3,27,,
791,start,4,24,,
791,start,5,2,,
791,start,6,37,,
791,start,7,,28,
791,start,8,5,,
791,start,9,0,,
792,entry,0,,55,
792,entry,2,,37,
792,entry,3,3,,
792,entry,4,9,,
792,entry,5,5,,
792,entry,6,39,,4
792,entry,7,2,,
792,entry,8,10,,
792,entry,9,17,,
792,entry,10,6,,
792,entry,13,13,,
792,entry,14,38,,
792,entry,15,15,,
792,entry,16,48,,
792,entry,17,90,,
792,entry,18,36,,
792,entry,19,0,,
792,entry,20,47,,
792,entry,24,80,,
792,entry,25,25,,
792,entry,26,49,,
792,entry,27,,82,7
792,entry,28,,64,
792,entry,29,79,,
792,entry,30,57,,
792,entry,35,26,,1
792,entry,36,,28,
792,entry,37,18,,
792,entry,38,7,,
792,entry,39,20,,
792,entry,40,,19,
792,entry,46,70,,
792,entry,47,59,,
792,entry,48,69,,
792,entry,49,46,,
792,entry,50,60,,2
792,entry,57,29,,
792,entry,58,27,,
792,entry,59,37,,6
792,entry,60,68,,
792,entry,68,,73,
792,entry,69,40,,
792,entry,70,14,,8
792,entry,79,50,,3
792,entry,80,,46,
792,entry,90,16,,
792,start,2,28,,5
792,start,3,58,,
792,start,4,30,,
792,start,5,35,,
792,start,6,19,,
792,start,7,4,,
792,start,8,8,,
792,start,9,24,,
793,entry,0,29,,
793,entry,2,14,,
793,entry,3,50,,
793,entry,4,8,,
793,entry,5,,37,
793,entry,6,30,,
793,entry,7,59,,
793,entry,8,58,,7
793,entry,9,47,,8
793,entry,10,39,,
793,entry,13,60,,
793,entry,14,18,,
793,entry,15,24,,
793,entry,16,26,,
793,entry,17,69,,
793,entry,18,36,,2 4
793,entry,19,,73,
793,entry,20,68,,
793,entry,24,4,,
793,entry,25,,28,
793,entry,26,,82,1
793,entry,27,,64,3
793,entry,28,10,,5
793,entry,29,38,,
793,entry,30,28,,6
793,entry,35,6,,
793,entry,36,37,,
793,entry,37,,19,
793,entry,38,80,,
793,entry,39,48,,
793,entry,40,25,,
793,entry,46,13,,
793,entry,47,17,,
793,entry,48,16,,
793,entry,49,19,,
793,entry,50,35,,
793,entry,57,27,,
793,entry,58,46,,
793,entry,59,2,,
793,entry,60,,55,
793,entry,68,49,,
793,entry,69,79,,
793,entry,70,,46,
793,entry,79,70,,
793,entry,80,3,,
793,entry,90,9,,
793,start,2,5,,
793,start,3,0,,
793,start,4,90,,
793,start,5,15,,
793,start,6,40,,
793,start,7,7,,
793,start,8,20,,
793,start,9,57,,
794,entry,0,,46,7
794,entry,2,,55,
794,entry,3,2,,2
794,entry,4,26,,
794,entry,5,19,,
794,entry,6,59,,
794,entry,7,37,,
794,entry,8,13,,
794,entry,9,25,,
794,entry,10,15,,4
794,entry,13,35,,
794,entry,14,36,,
794,entry,15,16,,
794,entry,16,69,,
794,entry,17,68,,
794,entry,18,30,,1
794,entry,19,20,,
794,entry,20,9,,
794,entry,24,18,,
794,entry,25,60,,
794,entry,26,79,,8
794,entry,27,48,,
794,entry,28,24,,
794,entry,29,47,,
794,entry,30,58,,
794,entry,35,3,,
794,entry,36,10,,
794,entry,37,,19,
794,entry,38,40,,
794,entry,39,29,,
794,entry,40,6,,
794,entry,46,28,,5
794,entry,47,39,,
794,entry,48,90,,
794,entry,49,8,,
794,entry,50,7,,
794,entry,57,49,,
794,entry,58,17,,
794,entry,59,38,,
794,entry,60,57,,
794,entry,68,27,,
794,entry,69,70,,
794,entry,70,,28,6
794,entry,79,80,,
794,entry,80,4,,
794,entry,90,,73,3
794,start,2,14,,
794,start,3,,64,
794,start,4,50,,
794,start,5,,82,
794,start,6,46,,
794,start,7,,37,
794,start,8,5,,
794,start,9,0,,
795,entry,0,9,,
795,entry,2,,82,
795,entry,3,79,,
795,entry,4,13,,
795,entry,5,39,,
795,entry,6,35,,
795,entry,7,17,,
795,entry,8,60,,
795,entry,9,38,,
795,entry,10,3,,
795,entry,13,,19,
795,entry,14,,37,4
795,entry,15,49,,
795,entry,16,36,,
795,entry,17,5,,
795,entry,18,19,,
795,entry,19,48,,
795,entry,20,68,,5
795,entry,24,,46,6
795,entry,25,26,,
795,entry,26,4,,
795,entry,27,15,,3
795,entry,28,30,,
795,entry,29,58,,
795,entry,30,40,,
795,entry,35,46,,
795,entry,36,70,,
795,entry,37,16,,
795,entry,38,59,,
795,entry,39,25,,2
795,entry,40,50,,
795,entry,46,29,,
795,entry,47,57,,
795,entry,48,69,,
795,entry,49,20,,
795,entry,50,27,,
795,entry,57,,73,
795,entry,58,80,,
795,entry,59,18,,
795,entry,60,37,,
795,entry,68,90,,
795,entry,69,28,,
795,entry,70,,64,
795,entry,79,2,,1 7
795,entry,80,7,,
795,entry,90,,28,
795,start,2,47,,
795,start,3,10,,
795,start,4,6,,
795,start,5,14,,8
795,start,6,,55,
795,start,7,0,,
795,start,8,8,,
795,start,9,24,,
796,entry,0,5,,
796,entry,2,,46,
796,entry,3,19,,1
796,entry,4,6,,
796,entry,5,10,,
796,entry,6,4,,
796,entry,7,47,,8
796,entry,8,3,,
796,entry,9,7,,
796,entry,10,,73,
796,entry,13,24,,
796,entry,14,39,,
796,entry,15,36,,
796,entry,16,16,,
796,entry,17,59,,
796,entry,18,30,,
796,entry,19,17,,
796,entry,20,28,,
796,entry,24,79,,
796,entry,25,46,,
796,entry,26,15,,
796,entry,27,,37,
796,entry,28,40,,
796,entry,29,27,,7
796,entry,30,,82,
796,entry,35,18,,
796,entry,36,25,,6
796,entry,37,35,,
796,entry,38,58,,
796,entry,39,2,,
796,entry,40,90,,
796,entry,46,70,,3
796,entry,47,,55,
796,entry,48,8,,
796,entry,49,,28,
796,entry,50,,19,
796,entry,57,0,,
796,entry,58,80,,2 4
796,entry,59,37,,
796,entry,60,29,,5
796,entry,68,69,,
796,entry,69,38,,
796,entry,70,14,,
796,entry,79,13,,
796,entry,80,9,,
796,entry,90,,64,
796,start,2,26,,
796,start,3,49,,
796,start,4,50,,
796,start,5,48,,
796,start,6,68,,
796,start,7,60,,
796,start,8,20,,
796,start,9,57,,
797,entry,0,18,,
797,entry,2,25,,
797,entry,3,29,,
797,entry,4,35,,
797,entry,5,47,,
797,entry,6,,19,
797,entry,7,28,,
797,entry,8,58,,
797,entry,9,,73,
797,entry,10,70,,
797,entry,13,39,,4
797,entry,14,15,,
797,entry,15,,82,
797,entry,16,40,,
797,entry,17,90,,
797,entry,18,20,,
797,entry,19,49,,
797,entry,20,80,,
797,entry,24,59,,
797,entry,25,3,,
797,entry,26,57,,6
797,entry,27,37,,1
797,entry,28,30,,
797,entry,29,7,,
797,entry,30,69,,
797,entry,35,24,,
797,entry,36,79,,8
797,entry,37,14,,7
797,entry,38,8,,
797,entry,39,17,,
797,entry,40,,46,5
797,entry,46,10,,
797,entry,47,16,,
797,entry,48,,55,
797,entry,49,27,,
797,entry,50,9,,
797,entry,57,48,,
797,entry,58,6,,3
797,entry,59,46,,
797,entry,60,19,,
797,entry,68,36,,
797,entry,69,,37,
797,entry,70,,64,
797,entry,79,60,,2
797,entry,80,13,,
797,entry,90,38,,
797,start,2,4,,
797,start,3,68,,
797,start,4,26,,
797,start,5,2,,
797,start,6,50,,
797,start,7,,28,
797,start,8,5,,
797,start,9,0,,
798,entry,0,29,,
798,entry,2,9,,
798,entry,3,,82,4
798,entry,4,18,,
798,entry,5,35,,
798,entry,6,36,,
798,entry,7,5,,
798,entry,8,68,,
798,entry,9,49,,
798,entry,10,0,,
798,entry,13,48,,
798,entry,14,47,,
798,entry,15,37,,
798,entry,16,25,,
798,entry,17,15,,
798,entry,18,80,,
798,entry,19,59,,
798,entry,20,10,,
798,entry,24,,73,
798,entry,25,17,,
798,entry,26,26,,
798,entry,27,4,,6
798,entry,28,90,,
798,entry,29,2,,
798,entry,30,20,,
798,entry,35,,55,7
798,entry,36,57,,
798,entry,37,40,,
798,entry,38,3,,
798,entry,39,,28,
798,entry,40,46,,
798,entry,46,,37,
798,entry,47,50,,3
798,entry,48,13,,
798,entry,49,7,,
798,entry,50,,64,1
798,entry,57,70,,
798,entry,58,19,,
798,entry,59,6,,
798,entry,60,14,,8
798,entry,68,79,,
798,entry,69,27,,
798,entry,70,,46,
798,entry,79,60,,2
798,entry,80,16,,
798,entry,90,39,,
798,start,2,28,,5
798,start,3,58,,
798,start,4,30,,
798,start,5,,19,
798,start,6,38,,
798,start,7,69,,
798,start,8,8,,
798,start,9,24,,
799,entry,0,9,,
799,entry,2,16,,
799,entry,3,10,,
799,entry,4,,37,
799,entry,5,68,,
799,entry,6,28,,6
799,entry,7,50,,
799,entry,8,70,,
799,entry,9,0,,
799,entry,10,4,,2 4
799,entry,13,40,,
799,entry,14,,82,
799,entry,15,,28,
799,entry,16,25,,
799,entry,17,60,,
799,entry,18,24,,
799,entry,19,46,,
799,entry,20,69,,5
799,entry,24,19,,
799,entry,25,3,,
799,entry,26,35,,
799,entry,27,58,,
799,entry,28,90,,
799,entry,29,,64,
799,entry,30,48,,
799,entry,35,13,,
799,entry,36,,55,
799,entry,37,29,,
799,entry,38,6,,
799,entry,39,17,,
799,entry,40,14,,
799,entry,46,,46,
799,entry,47,39,,
799,entry,48,8,,
799,entry,49,,19,
799,entry,50,37,,
799,entry,57,38,,
799,entry,58,18,,
799,entry,59,2,,1
799,entry,60,47,,8
799,entry,68,80,,
799,entry,69,7,,
799,entry,70,,73,7
799,entry,79,49,,
799,entry,80,30,,
799,entry,90,26,,3
799,start,2,5,,
799,start,3,59,,
799,start,4,79,,
799,start,5,15,,
799,start,6,27,,
799,start,7,36,,
799,start,8,20,,
799,start,9,57,,
800,entry,0,,64,
800,entry,2,49,,
800,entry,3,69,,
800,entry,4,9,,
800,entry,5,19,,
800,entry,6,48,,
800,entry,7,40,,
800,entry,8,37,,
800,entry,9,17,,
800,entry,10,2,,2
800,entry,13,79,,8
800,entry,14,16,,
800,entry,15,29,,
800,entry,16,,19,
800,entry,17,90,,
800,entry,18,38,,
800,entry,19,,28,6
800,entry,20,35,,
800,entry,24,50,,
800,entry,25,39,,
800,entry,26,,73,
800,entry,27,,46,
800,entry,28,60,,
800,entry,29,,37,
800,entry,30,,55,
800,entry,35,28,,5
800,entry,36,8,,
800,entry,37,24,,7
800,entry,38,70,,
800,entry,39,27,,3
800,entry,40,26,,
800,entry,46,18,,
800,entry,47,15,,
800,entry,48,80,,
800,entry,49,3,,
800,entry,50,36,,4
800,entry,57,25,,
800,entry,58,30,,1
800,entry,59,20,,
800,entry,60,,82,
800,entry,68,14,,
800,entry,69,47,,
800,entry,70,58,,
800,entry,79,57,,
800,entry,80,6,,
800,entry,90,7,,
800,start,2,4,,
800,start,3,46,,
800,start,4,10,,
800,start,5,68,,
800,start,6,59,,
800,start,7,13,,
800,start,8,5,,
800,start,9,0,,
801,entry,0,7,,
801,entry,2,,64,
801,entry,3,27,,
801,entry,4,,55,
801,entry,5,80,,6
801,entry,6,26,,
801,entry,7,16,,
801,entry,8,,73,
801,entry,9,28,,
801,entry,10,90,,
801,entry,13,79,,
801,entry,14,29,,
801,entry,15,36,,
801,entry,16,38,,
801,entry,17,48,,
801,entry,18,46,,
801,entry,19,9,,1 7
801,entry,20,,19,
801,entry,24,68,,5
801,entry,25,,82,
801,entry,26,58,,
801,entry,27,59,,
801,entry,28,5,,
801,entry,29,3,,
801,entry,30,40,,
801,entry,35,35,,
801,entry,36,39,,
801,entry,37,70,,
801,entry,38,15,,3
801,entry,39,13,,
801,entry,40,50,,
801,entry,46,49,,4
801,entry,47,,37,
801,entry,48,,28,
801,entry,49,30,,
801,entry,50,60,,
801,entry,57,4,,
801,entry,58,14,,8
801,entry,59,37,,
801,entry,60,6,,
801,entry,68,,46,
801,entry,69,47,,
801,entry,70,25,,2
801,entry,79,57,,
801,entry,80,20,,
801,entry,90,18,,
801,start,2,19,,
801,start,3,10,,
801,start,4,2,,
801,start,5,69,,
801,start,6,17,,
801,start,7,0,,
801,start,8,8,,
801,start,9,24,,
802,entry,0,26,,
802,entry,2,16,,
802,entry,3,38,,
802,entry,4,9,,
802,entry,5,30,,
802,entry,6,,46,
802,entry,7,37,,
802,entry,8,59,,
802,entry,9,35,,
802,entry,10,,28,
802,entry,13,48,,
802,entry,14,47,,8
802,entry,15,40,,
802,entry,16,5,,
802,entry,17,17,,
802,entry,18,15,,
802,entry,19,3,,
802,entry,20,,37,
802,entry,24,,73,
802,entry,25,29,,5
802,entry,26,13,,
802,entry,27,39,,
802,entry,28,25,,6
802,entry,29,46,,
802,entry,30,58,,
802,entry,35,14,,
802,entry,36,28,,
802,entry,37,,55,
802,entry,38,70,,3
802,entry,39,68,,
802,entry,40,36,,
802,entry,46,,82,
802,entry,47,19,,1
802,entry,48,2,,7
802,entry,49,10,,
802,entry,50,,64,
802,entry,57,24,,
802,entry,58,79,,
802,entry,59,90,,
802,entry,60,7,,
802,entry,68,0,,
802,entry,69,,19,
802,entry,70,6,,
802,entry,79,49,,
802,entry,80,27,,
802,entry,90,80,,2 4
802,start,2,69,,
802,start,3,18,,
802,start,4,50,,
802,start,5,4,,
802,start,6,8,,
802,start,7,60,,
802,start,8,20,,
802,start,9,57,,
803,entry,0,9,,
803,entry,2,,82,
803,entry,3,25,,
803,entry,4,36,,
803,entry,5,3,,
803,entry,6,57,,6
803,entry,7,27,,1
803,entry,8,30,,
803,entry,9,70,,
803,entry,10,46,,
803,entry,13,18,,
803,entry,14,24,,
803,entry,15,39,,
803,entry,16,,64,
803,entry,17,,73,
803,entry,18,6,,
803,entry,19,80,,
803,entry,20,49,,5
803,entry,24,,46,4
803,entry,25,35,,
803,entry,26,7,,
803,entry,27,,37,
803,entry,28,16,,
803,entry,29,17,,
803,entry,30,10,,
803,entry,35,8,,
803,entry,36,4,,
803,entry,37,48,,
803,entry,38,47,,3
803,entry,39,79,,8
803,entry,40,50,,
803,entry,46,14,,
803,entry,47,,19,
803,entry,48,69,,
803,entry,49,29,,7
803,entry,50,60,,
803,entry,57,40,,
803,entry,58,28,,
803,entry,59,68,,2
803,entry,60,19,,
803,entry,68,90,,
803,entry,69,58,,
803,entry,70,38,,
803,entry,79,20,,
803,entry,80,,55,
803,entry,90,26,,
803,start,2,15,,
803,start,3,13,,
803,start,4,59,,
803,start,5,2,,
803,start,6,37,,
803,start,7,,28,
803,start,8,5,,
803,start,9,0,,
804,entry,0,13,,
804,entry,2,3,,
804,entry,3,60,,2
804,entry,4,20,,
804,entry,5,,19,
804,entry,6,10,,1
804,entry,7,38,,
804,entry,8,16,,
804,entry,9,49,,
804,entry,10,,46,
804,entry,13,68,,
804,entry,14,46,,
804,entry,15,2,,
804,entry,16,15,,
804,entry,17,80,,
804,entry,18,37,,7
804,entry,19,36,,
804,entry,20,35,,
804,entry,24,17,,
804,entry,25,4,,
804,entry,26,25,,
804,entry,27,,73,
804,entry,28,18,,
804,entry,29,70,,
804,entry,30,39,,
804,entry,35,14,,8
804,entry,36,26,,
804,entry,37,,82,
804,entry,38,19,,
804,entry,39,5,,
804,entry,40,79,,
804,entry,46,90,,
804,entry,47,9,,
804,entry,48,7,,
804,entry,49,29,,
804,entry,50,59,,
804,entry,57,0,,
804,entry,58,47,,4
804,entry,59,,55,
804,entry,60,69,,
804,entry,68,48,,
804,entry,69,27,,
804,entry,70,6,,6
804,entry,79,57,,
804,entry,80,40,,
804,entry,90,50,,3
804,start,2,28,,5
804,start,3,58,,
804,start,4,30,,
804,start,5,,37,
804,start,6,,64,
804,start,7,,28,
804,start,8,8,,
804,start,9,24,,
805,entry,0,13,,
805,entry,2,7,,1
805,entry,3,49,,
805,entry,4,38,,
805,entry,5,79,,
805,entry,6,10,,2 4
805,entry,7,14,,
805,entry,8,,55,
805,entry,9,60,,
805,entry,10,36,,7
805,entry,13,,64,
805,entry,14,,28,
805,entry,15,0,,
805,entry,16,47,,5 8
805,entry,17,19,,
805,entry,18,,46,
805,entry,19,16,,
805,entry,20,30,,
805,entry,24,3,,
805,entry,25,,82,
805,entry,26,4,,
805,entry,27,48,,
805,entry,28,26,,
805,entry,29,29,,
805,entry,30,24,,
805,entry,35,,19,3
805,entry,36,90,,
805,entry,37,9,,
805,entry,38,17,,
805,entry,39,39,,
805,entry,40,58,,
805,entry,46,69,,
805,entry,47,,37,
805,entry,48,27,,
805,entry,49,46,,
805,entry,50,6,,
805,entry,57,68,,
805,entry,58,70,,
805,entry,59,28,,6
805,entry,60,8,,
805,entry,68,80,,
805,entry,69,25,,
805,entry,70,18,,
805,entry,79,35,,
805,entry,80,40,,
805,entry,90,50,,
805,start,2,5,,
805,start,3,37,,
805,start,4,,73,
805,start,5,15,,
805,start,6,59,,
805,start,7,2,,
805,start,8,20,,
805,start,9,57,,
806,entry,0,26,,
806,entry,2,,46,
806,entry,3,38,,
806,entry,4,47,,
806,entry,5,46,,
806,entry,6,58,,
806,entry,7,2,,2
806,entry,8,79,,8
806,entry,9,,19,
806,entry,10,30,,1
806,entry,13,24,,
806,entry,14,9,,
806,entry,15,29,,3
806,entry,16,6,,
806,entry,17,35,,
806,entry,18,16,,
806,entry,19,57,,
806,entry,20,7,,
806,entry,24,39,,
806,entry,25,68,,
806,entry,26,25,,
806,entry,27,,55,
806,entry,28,14,,
806,entry,29,,73,
806,entry,30,40,,
806,entry,35,20,,
806,entry,36,19,,
806,entry,37,,37,
806,entry,38,80,,
806,entry,39,8,,
806,entry,40,90,,
806,entry,46,,28,6
806,entry,47,37,,4
806,entry,48,13,,
806,entry,49,18,,
806,entry,50,3,,
806,entry,57,69,,
806,entry,58,60,,
806,entry,59,10,,
806,entry,60,27,,
806,entry,68,49,,
806,entry,69,50,,
806,entry,70,17,,7
806,entry,79,28,,5
806,entry,80,15,,
806,entry,90,48,,
806,start,2,,64,
806,start,3,,82,
806,start,4,4,,
806,start,5,59,,
806,start,6,70,,
806,start,7,36,,
806,start,8,5,,
806,start,9,0,,
807,entry,0,,55,6
807,entry,2,14,,4 8
807,entry,3,57,,
807,entry,4,50,,
807,entry,5,47,,
807,entry,6,15,,3
807,entry,7,80,,
807,entry,8,20,,
807,entry,9,69,,
807,entry,10,39,,
807,entry,13,4,,
807,entry,14,60,,
807,entry,15,,46,
807,entry,16,27,,
807,entry,17,90,,
807,entry,18,18,,
807,entry,19,,73,
807,entry,20,,28,
807,entry,24,37,,
807,entry,25,70,,
807,entry,26,,82,
807,entry,27,,19,
807,entry,28,28,,
807,entry,29,26,,
807,entry,30,19,,
807,entry,35,40,,
807,entry,36,9,,
807,entry,37,2,,
807,entry,38,3,,1 7
807,entry,39,36,,
807,entry,40,29,,
807,entry,46,13,,
807,entry,47,49,,
807,entry,48,6,,
807,entry,49,46,,
807,entry,50,,37,
807,entry,57,5,,
807,entry,58,16,,
807,entry,59,,64,
807,entry,60,68,,5
807,entry,68,30,,
807,entry,69,7,,
807,entry,70,48,,
807,entry,79,25,,2
807,entry,80,58,,
807,entry,90,59,,
807,start,2,79,,
807,start,3,10,,
807,start,4,17,,
807,start,5,35,,
807,start,6,38,,
807,start,7,0,,
807,start,8,8,,
807,start,9,24,,
808,entry,0,29,,5
808,entry,2,6,,
808,entry,3,,82,
808,entry,4,5,,
808,entry,5,13,,
808,entry,6,,19,
808,entry,7,0,,
808,entry,8,3,,
808,entry,9,36,,
808,entry,10,14,,
808,entry,13,47,,8
808,entry,14,26,,
808,entry,15,19,,1
808,entry,16,2,,
808,entry,17,10,,
808,entry,18,16,,
808,entry,19,69,,
808,entry,20,9,,
808,entry,24,28,,
808,entry,25,24,,
808,entry,26,40,,
808,entry,27,15,,
808,entry,28,27,,
808,entry,29,,28,
808,entry,30,,64,
808,entry,35,,46,
808,entry,36,,37,7
808,entry,37,25,,6
808,entry,38,79,,
808,entry,39,,55,
808,entry,40,7,,
808,entry,46,39,,
808,entry,47,70,,3
808,entry,48,68,,
808,entry,49,,73,
808,entry,50,17,,
808,entry,57,37,,
808,entry,58,49,,
808,entry,59,38,,
808,entry,60,35,,
808,entry,68,59,,
808,entry,69,30,,
808,entry,70,8,,
808,entry,79,80,,2 4
808,entry,80,18,,
808,entry,90,4,,
808,start,2,90,,
808,start,3,58,,
808,start,4,50,,
808,start,5,46,,
808,start,6,48,,
808,start,7,60,,
808,start,8,20,,
808,start,9,57,,
809,entry,0,6,,
809,entry,2,,55,
809,entry,3,19,,
809,entry,4,26,,
809,entry,5,4,,5
809,entry,6,25,,
809,entry,7,,37,
809,entry,8,40,,
809,entry,9,24,,
809,entry,10,,46,
809,entry,13,8,,
809,entry,14,38,,
809,entry,15,13,,7
809,entry,16,18,,
809,entry,17,35,,
809,entry,18,57,,6
809,entry,19,28,,
809,entry,20,36,,
809,entry,24,69,,
809,entry,25,15,,
809,entry,26,37,,
809,entry,27,7,,
809,entry,28,49,,
809,entry,29,90,,
809,entry,30,27,,2
809,entry,35,,73,
809,entry,36,68,,
809,entry,37,29,,
809,entry,38,59,,
809,entry,39,16,,1
809,entry,40,58,,
809,entry,46,39,,
809,entry,47,,82,
809,entry,48,70,,
809,entry,49,,64,
809,entry,50,20,,
809,entry,57,9,,4
809,entry,58,80,,
809,entry,59,60,,
809,entry,60,30,,
809,entry,68,3,,
809,entry,69,48,,
809,entry,70,79,,8
809,entry,79,,19,
809,entry,80,10,,
809,entry,90,50,,3
809,start,2,46,,
809,start,3,17,,
809,start,4,14,,
809,start,5,2,,
809,start,6,47,,
809,start,7,,28,
809,start,8,5,,
809,start,9,0,,
810,entry,0,46,,
810,entry,2,20,,
810,entry,3,70,,
810,entry,4,,82,
810,entry,5,27,,
810,entry,6,14,,8
810,entry,7,,37,6
810,entry,8,80,,
810,entry,9,,19,
810,entry,10,,64,
810,entry,13,19,,
810,entry,14,9,,4
810,entry,15,35,,7
810,entry,16,47,,
810,entry,17,40,,
810,entry,18,,28,
810,entry,19,2,,
810,entry,20,7,,
810,entry,24,48,,
810,entry,25,18,,
810,entry,26,13,,
810,entry,27,50,,3
810,entry,28,3,,
810,entry,29,38,,
810,entry,30,,55,1
810,entry,35,37,,
810,entry,36,,46,
810,entry,37,15,,
810,entry,38,5,,
810,entry,39,57,,
810,entry,40,6,,
810,entry,46,10,,
810,entry,47,36,,
810,entry,48,79,,
810,entry,49,0,,
810,entry,50,16,,
810,entry,57,4,,
810,entry,58,25,,
810,entry,59,60,,2
810,entry,60,17,,
810,entry,68,26,,
810,entry,69,68,,
810,entry,70,29,,
810,entry,79,69,,
810,entry,80,39,,
810,entry,90,49,,
810,start,2,28,,5
810,start,3,58,,
810,start,4,30,,
810,start,5,90,,
810,start,6,,73,
810,start,7,59,,
810,start,8,8,,
810,start,9,24,,
811,entry,0,38,,
811,entry,2,24,,
811,entry,3,36,,
811,entry,4,70,,
811,entry,5,47,,8
811,entry,6,9,,
811,entry,7,16,,7
811,entry,8,48,,
811,entry,9,26,,
811,entry,10,6,,
811,entry,13,46,,
811,entry,14,80,,1
811,entry,15,,19,
811,entry,16,3,,
811,entry,17,59,,
811,entry,18,58,,
811,entry,19,28,,6
811,entry,20,8,,
811,entry,24,,28,
811,entry,25,2,,
811,entry,26,13,,
811,entry,27,79,,2 4
811,entry,28,68,,
811,entry,29,25,,
811,entry,30,18,,
811,entry,35,69,,
811,entry,36,,37,
811,entry,37,27,,5
811,entry,38,49,,
811,entry,39,35,,
811,entry,40,,64,
811,entry,46,10,,3
811,entry,47,30,,
811,entry,48,19,,
811,entry,49,,55,
811,entry,50,50,,
811,entry,57,7,,
811,entry,58,,73,
811,entry,59,,46,
811,entry,60,60,,
811,entry,68,4,,
811,entry,69,0,,
811,entry,70,40,,
811,entry,79,14,,
811,entry,80,29,,
811,entry,90,39,,
811,start,2,5,,
811,start,3,17,,
811,start,4,37,,
811,start,5,15,,
811,start,6,,82,
811,start,7,90,,
811,start,8,20,,
811,start,9,57,,
812,entry,0,47,,
812,entry,2,20,,
812,entry,3,3,,3
812,entry,4,79,,8
812,entry,5,4,,
812,entry,6,2,,2
812,entry,7,16,,
812,entry,8,60,,
812,entry,9,90,,
812,entry,10,15,,
812,entry,13,26,,
812,entry,14,,28,6
812,entry,15,58,,
812,entry,16,35,,
812,entry,17,27,,
812,entry,18,70,,
812,entry,19,36,,
812,entry,20,59,,
812,entry,24,19,,
812,entry,25,6,,
812,entry,26,,55,
812,entry,27,8,,
812,entry,28,80,,
812,entry,29,46,,
812,entry,30,38,,
812,entry,35,69,,
812,entry,36,24,,
812,entry,37,18,,
812,entry,38,13,,
812,entry,39,,64,
812,entry,40,37,,
812,entry,46,,46,4
812,entry,47,57,,
812,entry,48,50,,
812,entry,49,7,,
812,entry,50,68,,
812,entry,57,49,,7
812,entry,58,28,,5
812,entry,59,48,,
812,entry,60,,82,
812,entry,68,14,,
812,entry,69,,19,
812,entry,70,30,,1
812,entry,79,25,,
812,entry,80,39,,
812,entry,90,40,,
812,start,2,29,,
812,start,3,10,,
812,start,4,17,,
812,start,5,,37,
812,start,6,,73,
812,start,7,9,,
812,start,8,5,,
812,start,9,0,,
813,entry,0,57,,
813,entry,2,15,,3
813,entry,3,36,,
813,entry,4,,28,
813,entry,5,79,,
813,entry,6,25,,2
813,entry,7,58,,
813,entry,8,59,,
813,entry,9,14,,8
813,entry,10,29,,
813,entry,13,5,,
813,entry,14,3,,
813,entry,15,,73,
813,entry,16,20,,
813,entry,17,27,,
813,entry,18,,46,
813,entry,19,48,,
813,entry,20,39,,
813,entry,24,13,,
813,entry,25,30,,
813,entry,26,18,,
813,entry,27,37,,
813,entry,28,68,,5
813,entry,29,35,,
813,entry,30,69,,
813,entry,35,2,,
813,entry,36,28,,
813,entry,37,40,,
813,entry,38,90,,
813,entry,39,,55,4
813,entry,40,38,,
813,entry,46,4,,1 7
813,entry,47,50,,
813,entry,48,,19,
813,entry,49,17,,6
813,entry,50,6,,
813,entry,57,60,,
813,entry,58,46,,
813,entry,59,26,,
813,entry,60,70,,
813,entry,68,,64,
813,entry,69,,37,
813,entry,70,,82,
813,entry,79,49,,
813,entry,80,9,,
813,entry,90,19,,
813,start,2,7,,
813,start,3,10,,
813,start,4,47,,
813,start,5,16,,
813,start,6,80,,
813,start,7,0,,
813,start,8,8,,
813,start,9,24,,
814,entry,0,69,,
814,entry,2,,82,
814,entry,3,36,,
814,entry,4,24,,
814,entry,5,13,,
814,entry,6,70,,3
814,entry,7,68,,
814,entry,8,,37,
814,entry,9,6,,
814,entry,10,47,,8
814,entry,13,28,,
814,entry,14,,46,
814,entry,15,39,,
814,entry,16,59,,
814,entry,17,49,,
814,entry,18,80,,2 4
814,entry,19,16,,
814,entry,20,29,,5
814,entry,24,5,,
814,entry,25,3,,
814,entry,26,2,,
814,entry,27,10,,
814,entry,28,18,,
814,entry,29,46,,
814,entry,30,14,,
814,entry,35,19,,1
814,entry,36,,28,
814,entry,37,90,,
814,entry,38,26,,
814,entry,39,79,,
814,entry,40,9,,
814,entry,46,4,,7
814,entry,47,15,,
814,entry,48,37,,
814,entry,49,8,,
814,entry,50,30,,
814,entry,57,25,,6
814,entry,58,0,,
814,entry,59,27,,
814,entry,60,40,,
814,entry,68,58,,
814,entry,69,35,,
814,entry,70,7,,
814,entry,79,,55,
814,entry,80,17,,
814,entry,90,,73,
814,start,2,,19,
814,start,3,48,,
814,start,4,50,,
814,start,5,,64,
814,start,6,38,,
814,start,7,60,,
814,start,8,20,,
814,start,9,57,,
815,entry,0,35,,
815,entry,2,17,,
815,entry,3,,73,
815,entry,4,,37,
815,entry,5,48,,
815,entry,6,28,,
815,entry,7,20,,
815,entry,8,16,,
815,entry,9,27,,5
815,entry,10,,46,
815,entry,13,3,,
815,entry,14,4,,
815,entry,15,,19,
815,entry,16,90,,
815,entry,17,30,,
815,entry,18,47,,
815,entry,19,8,,
815,entry,20,80,,
815,entry,24,15,,
815,entry,25,40,,
815,entry,26,79,,1 8
815,entry,27,36,,
815,entry,28,69,,
815,entry,29,,55,
815,entry,30,50,,
815,entry,35,57,,6
815,entry,36,24,,
815,entry,37,46,,
815,entry,38,,82,
815,entry,39,6,,
815,entry,40,60,,4
815,entry,46,7,,7
815,entry,47,,64,3
815,entry,48,49,,
815,entry,49,39,,
815,entry,50,25,,
815,entry,57,68,,
815,entry,58,9,,2
815,entry,59,38,,
815,entry,60,18,,
815,entry,68,58,,
815,entry,69,26,,
815,entry,70,19,,
815,entry,79,70,,
815,entry,80,29,,
815,entry,90,13,,
815,start,2,14,,
815,start,3,59,,
815,start,4,37,,
815,start,5,2,,
815,start,6,10,,
815,start,7,,28,
815,start,8,5,,
815,start,9,0,,
816,entry,0,10,,
816,entry,2,36,,
816,entry,3,50,,3
816,entry,4,0,,
816,entry,5,47,,
816,entry,6,60,,2
816,entry,7,,46,
816,entry,8,70,,
816,entry,9,,82,
816,entry,10,20,,
816,entry,13,69,,
816,entry,14,,73,6
816,entry,15,59,,
816,entry,16,68,,
816,entry,17,17,,
816,entry,18,5,,1
816,entry,19,9,,4
816,entry,20,,19,
816,entry,24,40,,
816,entry,25,79,,
816,entry,26,,55,
816,entry,27,27,,
816,entry,28,46,,
816,entry,29,48,,
816,entry,30,57,,
816,entry,35,80,,
816,entry,36,6,,
816,entry,37,15,,
816,entry,38,,64,
816,entry,39,49,,
816,entry,40,19,,
816,entry,46,37,,
816,entry,47,25,,
816,entry,48,7,,
816,entry,49,,37,
816,entry,50,2,,
816,entry,57,38,,
816,entry,58,4,,
816,entry,59,,28,
816,entry,60,39,,
816,entry,68,14,,8
816,entry,69,3,,
816,entry,70,29,,7
816,entry,79,13,,
816,entry,80,18,,
816,entry,90,90,,
816,start,2,28,,5
816,start,3,58,,
816,start,4,30,,
816,start,5,16,,
816,start,6,26,,
816,start,7,35,,
816,start,8,8,,
816,start,9,24,,
817,entry,0,68,,7
817,entry,2,,28,
817,entry,3,26,,
817,entry,4,,37,
817,entry,5,,55,
817,entry,6,39,,
817,entry,7,18,,
817,entry,8,47,,8
817,entry,9,58,,
817,entry,10,30,,
817,entry,13,19,,
817,entry,14,4,,
817,entry,15,,46,
817,entry,16,49,,
817,entry,17,0,,
817,entry,18,69,,
817,entry,19,7,,3
817,entry,20,36,,
817,entry,24,16,,
817,entry,25,59,,
817,entry,26,28,,6
817,entry,27,50,,
817,entry,28,79,,
817,entry,29,2,,
817,entry,30,46,,2 4
817,entry,35,13,,
817,entry,36,25,,
817,entry,37,60,,
817,entry,38,24,,
817,entry,39,27,,
817,entry,40,90,,5
817,entry,46,35,,
817,entry,47,,64,
817,entry,48,3,,
817,entry,49,37,,
817,entry,50,40,,
817,entry,57,29,,
817,entry,58,6,,
817,entry,59,,82,
817,entry,60,70,,
817,entry,68,8,,
817,entry,69,80,,
817,entry,70,,73,
817,entry,79,14,,1
817,entry,80,38,,
817,entry,90,48,,
817,start,2,5,,
817,start,3,10,,
817,start,4,,19,
817,start,5,15,,
817,start,6,9,,
817,start,7,17,,
817,start,8,20,,
817,start,9,57,,
818,entry,0,90,,
818,entry,2,40,,
818,entry,3,30,,1
818,entry,4,46,,
818,entry,5,47,,
818,entry,6,,28,6
818,entry,7,,82,4 7
818,entry,8,3,,
818,entry,9,4,,
818,entry,10,25,,
818,entry,13,68,,
818,entry,14,,64,
818,entry,15,18,,
818,entry,16,27,,
818,entry,17,60,,
818,entry,18,,46,
818,entry,19,14,,
818,entry,20,59,,
818,entry,24,7,,
818,entry,25,,73,
818,entry,26,57,,3
818,entry,27,58,,
818,entry,28,8,,
818,entry,29,24,,
818,entry,30,69,,
818,entry,35,38,,
818,entry,36,15,,
818,entry,37,6,,
818,entry,38,2,,2
818,entry,39,28,,5
818,entry,40,79,,8
818,entry,46,20,,
818,entry,47,10,,
818,entry,48,35,,
818,entry,49,70,,
818,entry,50,48,,
818,entry,57,49,,
818,entry,58,,55,
818,entry,59,16,,
818,entry,60,,19,
818,entry,68,9,,
818,entry,69,36,,
818,entry,70,80,,
818,entry,79,29,,
818,entry,80,13,,
818,entry,90,,37,
818,start,2,37,,
818,start,3,39,,
818,start,4,26,,
818,start,5,50,,
818,start,6,19,,
818,start,7,17,,
818,start,8,5,,
818,start,9,0,,
819,entry,0,38,,
819,entry,2,37,,
819,entry,3,,82,
819,entry,4,,28,
819,entry,5,5,,
819,entry,6,35,,
819,entry,7,18,,
819,entry,8,,46,
819,entry,9,13,,
819,entry,10,48,,
819,entry,13,70,,
819,entry,14,,19,
819,entry,15,15,,3
819,entry,16,,55,
819,entry,17,28,,
819,entry,18,79,,
819,entry,19,47,,
819,entry,20,60,,
819,entry,24,,37,
819,entry,25,59,,
819,entry,26,6,,
819,entry,27,27,,1 7
819,entry,28,69,,
819,entry,29,68,,5
819,entry,30,4,,
819,entry,35,2,,
819,entry,36,16,,
819,entry,37,,64,
819,entry,38,80,,
819,entry,39,36,,
819,entry,40,57,,
819,entry,46,29,,
819,entry,47,7,,
819,entry,48,90,,
819,entry,49,46,,
819,entry,50,,73,4
819,entry,57,30,,
819,entry,58,25,,2
819,entry,59,39,,
819,entry,60,19,,6
819,entry,68,20,,
819,entry,69,40,,
819,entry,70,58,,
819,entry,79,14,,8
819,entry,80,17,,
819,entry,90,3,,
819,start,2,50,,
819,start,3,10,,
819,start,4,49,,
819,start,5,9,,
819,start,6,26,,
819,start,7,0,,
819,start,8,8,,
819,start,9,24,,
820,entry,0,69,,
820,entry,2,59,,
820,entry,3,70,,3
820,entry,4,68,,
820,entry,5,0,,
820,entry,6,80,,2 4
820,entry,7,38,,
820,entry,8,47,,8
820,entry,9,28,,
820,entry,10,27,,
820,entry,13,30,,
820,entry,14,15,,
820,entry,15,10,,
820,entry,16,,55,
820,entry,17,35,,
820,entry,18,,73,
820,entry,19,,82,
820,entry,20,7,,
820,entry,24,25,,6
820,entry,25,90,,7
820,entry,26,2,,
820,entry,27,46,,
820,entry,28,36,,
820,entry,29,40,,
820,entry,30,39,,
820,entry,35,58,,
820,entry,36,26,,
820,entry,37,6,,
820,entry,38,4,,
820,entry,39,,37,
820,entry,40,,64,
820,entry,46,48,,
820,entry,47,8,,
820,entry,48,16,,
820,entry,49,29,,5
820,entry,50,19,,1
820,entry,57,17,,
820,entry,58,,19,
820,entry,59,14,,
820,entry,60,24,,
820,entry,68,3,,
820,entry,69,9,,
820,entry,70,,46,
820,entry,79,37,,
820,entry,80,5,,
820,entry,90,,28,
820,start,2,49,,
820,start,3,79,,
820,start,4,50,,
820,start,5,13,,
820,start,6,18,,
820,start,7,60,,
820,start,8,20,,
820,start,9,57,,
821,entry,0,15,,
821,entry,2,,82,
821,entry,3,38,,
821,entry,4,60,,
821,entry,5,7,,
821,entry,6,37,,
821,entry,7,10,,
821,entry,8,48,,
821,entry,9,49,,
821,entry,10,,73,
821,entry,13,36,,
821,entry,14,70,,7
821,entry,15,19,,
821,entry,16,68,,4
821,entry,17,3,,
821,entry,18,,19,
821,entry,19,59,,3
821,entry,20,8,,
821,entry,24,17,,
821,entry,25,13,,5
821,entry,26,25,,
821,entry,27,80,,
821,entry,28,40,,
821,entry,29,4,,
821,entry,30,14,,
821,entry,35,50,,
821,entry,36,18,,
821,entry,37,35,,
821,entry,38,57,,6
821,entry,39,28,,
821,entry,40,27,,
821,entry,46,47,,
821,entry,47,26,,
821,entry,48,29,,
821,entry,49,90,,
821,entry,50,16,,2
821,entry,57,9,,
821,entry,58,39,,
821,entry,59,,55,1
821,entry,60,58,,
821,entry,68,79,,8
821,entry,69,,46,
821,entry,70,20,,
821,entry,79,69,,
821,entry,80,30,,
821,entry,90,46,,
821,start,2,24,,
821,start,3,,64,
821,start,4,,37,
821,start,5,2,,
821,start,6,6,,
821,start,7,,28,
821,start,8,5,,
821,start,9,0,,
822,entry,0,40,,
822,entry,2,27,,6
822,entry,3,47,,
822,entry,4,16,,
822,entry,5,68,,
822,entry,6,,55,
822,entry,7,0,,
822,entry,8,2,,
822,entry,9,20,,
822,entry,10,50,,3
822,entry,13,9,,
822,entry,14,26,,
822,entry,15,4,,
822,entry,16,90,,
822,entry,17,10,,
822,entry,18,7,,
822,entry,19,,73,7
822,entry,20,37,,
822,entry,24,79,,
822,entry,25,14,,8
822,entry,26,,19,
822,entry,27,,28,
822,entry,28,,82,
822,entry,29,18,,
822,entry,30,36,,
822,entry,35,6,,
822,entry,36,46,,
822,entry,37,3,,
822,entry,38,38,,
822,entry,39,49,,
822,entry,40,19,,
822,entry,46,60,,2
822,entry,47,13,,
822,entry,48,69,,
822,entry,49,5,,
822,entry,50,29,,
822,entry,57,35,,
822,entry,58,80,,1
822,entry,59,15,,4
822,entry,60,59,,
822,entry,68,39,,
822,entry,69,48,,
822,entry,70,17,,
822,entry,79,25,,
822,entry,80,57,,
822,entry,90,,64,
822,start,2,28,,5
822,start,3,58,,
822,start,4,30,,
822,start,5,,46,
822,start,6,70,,
822,start,7,,37,
822,start,8,8,,
822,start,9,24,,
823,entry,0,79,,
823,entry,2,70,,
823,entry,3,90,,2 4
823,entry,4,27,,
823,entry,5,16,,
823,entry,6,,46,
823,entry,7,39,,
823,entry,8,8,,
823,entry,9,0,,
823,entry,10,40,,
823,entry,13,,73,5
823,entry,14,37,,
823,entry,15,26,,
823,entry,16,14,,
823,entry,17,,64,
823,entry,18,18,,
823,entry,19,10,,1
823,entry,20,,19,
823,entry,24,36,,
823,entry,25,19,,
823,entry,26,,82,
823,entry,27,28,,6
823,entry,28,69,,
823,entry,29,,37,
823,entry,30,7,,
823,entry,35,58,,
823,entry,36,9,,
823,entry,37,25,,
823,entry,38,50,,
823,entry,39,49,,
823,entry,40,17,,
823,entry,46,4,,
823,entry,47,35,,
823,entry,48,60,,
823,entry,49,59,,
823,entry,50,2,,3
823,entry,57,,55,
823,entry,58,80,,
823,entry,59,24,,
823,entry,60,48,,
823,entry,68,29,,
823,entry,69,68,,
823,entry,70,3,,
823,entry,79,6,,
823,entry,80,13,,
823,entry,90,46,,7
823,start,2,5,,
823,start,3,47,,8
823,start,4,38,,
823,start,5,15,,
823,start,6,30,,
823,start,7,,28,
823,start,8,20,,
823,start,9,57,,
824,entry,0,24,,
824,entry,2,28,,5
824,entry,3,60,,
824,entry,4,80,,
824,entry,5,79,,8
824,entry,6,40,,
824,entry,7,38,,
824,entry,8,29,,
824,entry,9,26,,
824,entry,10,16,,
824,entry,13,57,,
824,entry,14,13,,
824,entry,15,48,,
824,entry,16,90,,
824,entry,17,68,,
824,entry,18,69,,3
824,entry,19,36,,4
824,entry,20,37,,
824,entry,24,,37,
824,entry,25,,19,
824,entry,26,,64,
824,entry,27,,82,
824,entry,28,46,,
824,entry,29,14,,
824,entry,30,18,,
824,entry,35,70,,
824,entry,36,7,,
824,entry,37,9,,
824,entry,38,20,,
824,entry,39,58,,
824,entry,40,,46,
824,entry,46,17,,
824,entry,47,30,,1
824,entry,48,47,,
824,entry,49,6,,
824,entry,50,,73,
824,entry,57,49,,
824,entry,58,25,,
824,entry,59,10,,
824,entry,60,15,,
824,entry,68,59,,7
824,entry,69,3,,
824,entry,70,2,,2
824,entry,79,,28,6
824,entry,80,35,,
824,entry,90,,55,
824,start,2,39,,
824,start,3,50,,
824,start,4,27,,
824,start,5,4,,
824,start,6,8,,
824,start,7,19,,
824,start,8,5,,
824,start,9,0,,
825,entry,0,,46,
825,entry,2,49,,
825,entry,3,48,,
825,entry,4,35,,
825,entry,5,80,,
825,entry,6,17,,
825,entry,7,47,,1 7
825,entry,8,2,,
825,entry,9,68,,5
825,entry,10,,55,
825,entry,13,58,,
825,entry,14,19,,
825,entry,15,3,,
825,entry,16,27,,
825,entry,17,57,,
825,entry,18,,28,
825,entry,19,,64,
825,entry,20,,82,
825,entry,24,70,,
825,entry,25,13,,
825,entry,26,40,,
825,entry,27,38,,
825,entry,28,26,,
825,entry,29,7,,
825,entry,30,9,,4
825,entry,35,36,,
825,entry,36,5,,
825,entry,37,30,,
825,entry,38,25,,2
825,entry,39,50,,
825,entry,40,39,,6
825,entry,46,15,,3
825,entry,47,6,,
825,entry,48,20,,
825,entry,49,60,,
825,entry,50,59,,
825,entry,57,16,,
825,entry,58,18,,
825,entry,59,79,,
825,entry,60,37,,
825,entry,68,28,,
825,entry,69,90,,
825,entry,70,,37,
825,entry,79,,19,
825,entry,80,4,,
825,entry,90,,73,
825,start,2,14,,8
825,start,3,10,,
825,start,4,69,,
825,start,5,29,,
825,start,6,46,,
825,start,7,0,,
825,start,8,8,,
825,start,9,24,,
826,entry,0,4,,
826,entry,2,,37,
826,entry,3,3,,
826,entry,4,29,,5
826,entry,5,28,,
826,entry,6,19,,1
826,entry,7,27,,
826,entry,8,47,,8
826,entry,9,,55,
826,entry,10,30,,
826,entry,13,13,,
826,entry,14,14,,
826,entry,15,,82,
826,entry,16,24,,
826,entry,17,37,,
826,entry,18,,64,
826,entry,19,80,,2 4
826,entry,20,40,,
826,entry,24,9,,
826,entry,25,38,,
826,entry,26,,46,
826,entry,27,,28,
826,entry,28,7,,
826,entry,29,0,,
826,entry,30,58,,
826,entry,35,48,,7
826,entry,36,5,,
826,entry,37,35,,
826,entry,38,15,,
826,entry,39,68,,
826,entry,40,59,,
826,entry,46,49,,
826,entry,47,39,,
826,entry,48,25,,6
826,entry,49,90,,
826,entry,50,36,,
826,entry,57,10,,
826,entry,58,70,,3
826,entry,59,46,,
826,entry,60,79,,
826,entry,68,,73,
826,entry,69,8,,
826,entry,70,16,,
826,entry,79,18,,
826,entry,80,26,,
826,entry,90,,19,
826,start,2,17,,
826,start,3,6,,
826,start,4,50,,
826,start,5,69,,
826,start,6,2,,
826,start,7,60,,
826,start,8,20,,
826,start,9,57,,
827,entry,0,6,,
827,entry,2,59,,1
827,entry,3,28,,
827,entry,4,46,,
827,entry,5,58,,
827,entry,6,39,,
827,entry,7,19,,
827,entry,8,18,,
827,entry,9,3,,
827,entry,10,,37,
827,entry,13,90,,
827,entry,14,,64,3
827,entry,15,20,,
827,entry,16,49,,
827,entry,17,,73,
827,entry,18,10,,7
827,entry,19,50,,
827,entry,20,48,,
827,entry,24,80,,
827,entry,25,30,,
827,entry,26,13,,
827,entry,27,38,,
827,entry,28,15,,
827,entry,29,35,,
827,entry,30,,19,
827,entry,35,36,,
827,entry,36,8,,
827,entry,37,47,,
827,entry,38,68,,
827,entry,39,16,,
827,entry,40,40,,
827,entry,46,79,,2 8
827,entry,47,27,,
827,entry,48,60,,5
827,entry,49,37,,
827,entry,50,57,,6
827,entry,57,29,,
827,entry,58,24,,
827,entry,59,7,,
827,entry,60,,82,
827,entry,68,,46,
827,entry,69,17,,4
827,entry,70,9,,
827,entry,79,25,,
827,entry,80,4,,
827,entry,90,14,,
827,start,2,,55,
827,start,3,26,,
827,start,4,70,,
827,start,5,2,,
827,start,6,69,,
827,start,7,,28,
827,start,8,5,,
827,start,9,0,,
828,entry,0,38,,
828,entry,2,,73,
828,entry,3,,64,
828,entry,4,48,,
828,entry,5,18,,
828,entry,6,16,,
828,entry,7,50,,3
828,entry,8,6,,
828,entry,9,69,,
828,entry,10,59,,1
828,entry,13,7,,
828,entry,14,15,,
828,entry,15,39,,
828,entry,16,47,,
828,entry,17,26,,
828,entry,18,25,,
828,entry,19,80,,
828,entry,20,19,,
828,entry,24,,19,
828,entry,25,70,,
828,entry,26,46,,
828,entry,27,36,,
828,entry,28,79,,
828,entry,29,20,,
828,entry,30,29,,
828,entry,35,5,,4
828,entry,36,10,,
828,entry,37,,82,
828,entry,38,27,,
828,entry,39,60,,2
828,entry,40,0,,
828,entry,46,57,,7
828,entry,47,9,,
828,entry,48,37,,
828,entry,49,68,,
828,entry,50,2,,
828,entry,57,49,,
828,entry,58,17,,6
828,entry,59,,37,
828,entry,60,,28,
828,entry,68,40,,
828,entry,69,4,,
828,entry,70,3,,
828,entry,79,,55,
828,entry,80,,46,
828,entry,90,35,,
828,start,2,28,,5
828,start,3,58,,
828,start,4,30,,
828,start,5,14,,8
828,start,6,90,,
828,start,7,13,,
828,start,8,8,,
828,start,9,24,,
829,entry,0,14,,
829,entry,2,80,,
829,entry,3,,37,
829,entry,4,,55,
829,entry,5,2,,
829,entry,6,50,,
829,entry,7,24,,
829,entry,8,59,,
829,entry,9,,28,
829,entry,10,7,,
829,entry,13,70,,
829,entry,14,,46,
829,entry,15,28,,6
829,entry,16,60,,
829,entry,17,,64,
829,entry,18,27,,
829,entry,19,47,,8
829,entry,20,19,,
829,entry,24,,19,7
829,entry,25,25,,
829,entry,26,90,,
829,entry,27,6,,
829,entry,28,3,,
829,entry,29,,73,
829,entry,30,46,,
829,entry,35,35,,
829,entry,36,29,,
829,entry,37,8,,
829,entry,38,13,,1
829,entry,39,,82,
829,entry,40,79,,
829,entry,46,39,,
829,entry,47,18,,
829,entry,48,69,,
829,entry,49,9,,
829,entry,50,0,,
829,entry,57,48,,
829,entry,58,30,,
829,entry,59,58,,3
829,entry,60,17,,
829,entry,68,40,,
829,entry,69,36,,
829,entry,70,38,,2 4
829,entry,79,49,,
829,entry,80,16,,5
829,entry,90,10,,
829,start,2,5,,
829,start,3,4,,
829,start,4,26,,
829,start,5,15,,
829,start,6,37,,
829,start,7,68,,
829,start,8,20,,
829,start,9,57,,
830,entry,0,,19,
830,entry,2,48,,
830,entry,3,8,,
830,entry,4,90,,
830,entry,5,14,,
830,entry,6,60,,
830,entry,7,,28,6
830,entry,8,9,,
830,entry,9,13,,
830,entry,10,70,,
830,entry,13,18,,
830,entry,14,57,,
830,entry,15,30,,1
830,entry,16,10,,
830,entry,17,,46,
830,entry,18,19,,4
830,entry,19,68,,
830,entry,20,7,,
830,entry,24,,73,
830,entry,25,36,,
830,entry,26,38,,
830,entry,27,79,,3 8
830,entry,28,39,,
830,entry,29,,82,
830,entry,30,17,,
830,entry,35,40,,
830,entry,36,,37,
830,entry,37,37,,
830,entry,38,58,,
830,entry,39,15,,
830,entry,40,3,,
830,entry,46,4,,
830,entry,47,20,,
830,entry,48,6,,
830,entry,49,50,,
830,entry,50,,64,
830,entry,57,47,,
830,entry,58,59,,
830,entry,59,2,,2
830,entry,60,46,,7
830,entry,68,69,,
830,entry,69,35,,
830,entry,70,28,,5
830,entry,79,,55,
830,entry,80,49,,
830,entry,90,16,,
830,start,2,26,,
830,start,3,27,,
830,start,4,80,,
830,start,5,29,,
830,start,6,25,,
830,start,7,24,,
830,start,8,5,,
830,start,9,0,,
831,entry,0,49,,
831,entry,2,39,,
831,entry,3,13,,
831,entry,4,2,,
831,entry,5,,37,
831,entry,6,27,,
831,entry,7,,73,
831,entry,8,80,,
831,entry,9,20,,
831,entry,10,36,,
831,entry,13,68,,5
831,entry,14,9,,
831,entry,15,4,,4
831,entry,16,37,,
831,entry,17,,82,
831,entry,18,90,,
831,entry,19,18,,
831,entry,20,46,,
831,entry,24,19,,
831,entry,25,35,,6
831,entry,26,47,,
831,entry,27,60,,
831,entry,28,,19,
831,entry,29,28,,
831,entry,30,48,,
831,entry,35,57,,
831,entry,36,7,,
831,entry,37,3,,
831,entry,38,26,,
831,entry,39,,28,1 7
831,entry,40,58,,
831,entry,46,38,,
831,entry,47,14,,8
831,entry,48,5,,
831,entry,49,59,,
831,entry,50,,55,
831,entry,57,70,,
831,entry,58,15,,3
831,entry,59,79,,
831,entry,60,6,,
831,entry,68,17,,
831,entry,69,30,,
831,entry,70,40,,
831,entry,79,69,,
831,entry,80,50,,
831,entry,90,25,,2
831,start,2,,64,
831,start,3,10,,
831,start,4,16,,
831,start,5,,46,
831,start,6,29,,
831,start,7,0,,
831,start,8,8,,
831,start,9,24,,
832,entry,0,46,,
832,entry,2,7,,
832,entry,3,48,,
832,entry,4,25,,6
832,entry,5,40,,
832,entry,6,0,,
832,entry,7,8,,
832,entry,8,6,,
832,entry,9,,28,
832,entry,10,39,,
832,entry,13,58,,
832,entry,14,70,,3
832,entry,15,47,,8
832,entry,16,13,,
832,entry,17,18,,
832,entry,18,35,,
832,entry,19,3,,
832,entry,20,36,,
832,entry,24,2,,
832,entry,25,,73,
832,entry,26,37,,
832,entry,27,68,,
832,entry,28,,55,
832,entry,29,29,,5
832,entry,30,19,,1
832,entry,35,15,,
832,entry,36,69,,7
832,entry,37,,64,
832,entry,38,79,,
832,entry,39,14,,
832,entry,40,24,,
832,entry,46,30,,
832,entry,47,80,,2 4
832,entry,48,90,,
832,entry,49,9,,
832,entry,50,,46,
832,entry,57,26,,
832,entry,58,27,,
832,entry,59,17,,
832,entry,60,5,,
832,entry,68,16,,
832,entry,69,,37,
832,entry,70,10,,
832,entry,79,4,,
832,entry,80,28,,
832,entry,90,,82,
832,start,2,38,,
832,start,3,59,,
832,start,4,50,,
832,start,5,,19,
832,start,6,49,,
832,start,7,60,,
832,start,8,20,,
832,start,9,57,,
833,entry,0,40,,
833,entry,2,,19,
833,entry,3,60,,
833,entry,4,90,,
833,entry,5,10,,
833,entry,6,8,,2
833,entry,7,24,,
833,entry,8,29,,5
833,entry,9,,46,
833,entry,10,57,,6
833,entry,13,48,,
833,entry,14,15,,1
833,entry,15,50,,3
833,entry,16,58,,
833,entry,17,68,,
833,entry,18,17,,
833,entry,19,4,,
833,entry,20,36,,
833,entry,24,13,,
833,entry,25,49,,
833,entry,26,20,,
833,entry,27,,82,
833,entry,28,27,,
833,entry,29,14,,4
833,entry,30,46,,
833,entry,35,28,,
833,entry,36,30,,
833,entry,37,9,,7
833,entry,38,37,,
833,entry,39,25,,
833,entry,40,,64,
833,entry,46,79,,8
833,entry,47,59,,
833,entry,48,16,,
833,entry,49,18,,
833,entry,50,7,,
833,entry,57,47,,
833,entry,58,38,,
833,entry,59,,55,
833,entry,60,3,,
833,entry,68,69,,
833,entry,69,6,,
833,entry,70,19,,
833,entry,79,26,,
833,entry,80,35,,
833,entry,90,,37,
833,start,2,80,,
833,start,3,70,,
833,start,4,39,,
833,start,5,2,,
833,start,6,,73,
833,start,7,,28,
833,start,8,5,,
833,start,9,0,,
834,entry,0,48,,
834,entry,2,38,,4
834,entry,3,2,,
834,entry,4,29,,
834,entry,5,,28,
834,entry,6,50,,3
834,entry,7,13,,
834,entry,8,69,,
834,entry,9,19,,
834,entry,10,3,,
834,entry,13,59,,
834,entry,14,49,,7
834,entry,15,,82,
834,entry,16,,37,
834,entry,17,79,,
834,entry,18,60,,2
834,entry,19,,46,
834,entry,20,14,,8
834,entry,24,18,,
834,entry,25,39,,
834,entry,26,36,,
834,entry,27,4,,
834,entry,28,68,,
834,entry,29,35,,
834,entry,30,90,,
834,entry,35,80,,
834,entry,36,5,,
834,entry,37,70,,
834,entry,38,16,,
834,entry,39,,55,
834,entry,40,,19,
834,entry,46,15,,
834,entry,47,9,,6
834,entry,48,17,,
834,entry,49,37,,
834,entry,50,0,,
834,entry,57,40,,
834,entry,58,57,,
834,entry,59,47,,
834,entry,60,10,,
834,entry,68,,73,
834,entry,69,46,,
834,entry,70,20,,1
834,entry,79,,64,
834,entry,80,25,,
834,entry,90,26,,
834,start,2,28,,5
834,start,3,58,,
834,start,4,30,,
834,start,5,27,,
834,start,6,7,,
834,start,7,6,,
834,start,8,8,,
834,start,9,24,,
835,entry,0,60,,
835,entry,2,50,,
835,entry,3,18,,
835,entry,4,59,,
835,entry,5,16,,
835,entry,6,,37,
835,entry,7,30,,
835,entry,8,37,,
835,entry,9,80,,
835,entry,10,70,,
835,entry,13,79,,
835,entry,14,6,,
835,entry,15,14,,
835,entry,16,4,,
835,entry,17,40,,
835,entry,18,47,,8
835,entry,19,,19,
835,entry,20,29,,
835,entry,24,8,,
835,entry,25,69,,
835,entry,26,,64,
835,entry,27,,28,
835,entry,28,46,,
835,entry,29,,82,
835,entry,30,39,,
835,entry,35,24,,
835,entry,36,10,,
835,entry,37,27,,
835,entry,38,2,,2 4
835,entry,39,9,,
835,entry,40,17,,
835,entry,46,90,,1
835,entry,47,3,,3
835,entry,48,48,,5
835,entry,49,26,,
835,entry,50,28,,6
835,entry,57,68,,
835,entry,58,,73,
835,entry,59,36,,
835,entry,60,25,,
835,entry,68,0,,
835,entry,69,19,,
835,entry,70,35,,
835,entry,79,49,,
835,entry,80,,55,
835,entry,90,,46,
835,start,2,5,,
835,start,3,38,,
835,start,4,58,,
835,start,5,15,,
835,start,6,7,,7
835,start,7,13,,
835,start,8,20,,
835,start,9,57,,
836,entry,0,,73,
836,entry,2,57,,
836,entry,3,59,,
836,entry,4,17,,
836,entry,5,,46,
836,entry,6,20,,
836,entry,7,8,,
836,entry,8,35,,
836,entry,9,10,,
836,entry,10,48,,
836,entry,13,19,,
836,entry,14,40,,
836,entry,15,26,,
836,entry,16,47,,
836,entry,17,18,,
836,entry,18,,55,
836,entry,19,16,,
836,entry,20,,19,
836,entry,24,90,,
836,entry,25,36,,
836,entry,26,80,,
836,entry,27,,28,6
836,entry,28,29,,
836,entry,29,24,,
836,entry,30,13,,
836,entry,35,30,,1
836,entry,36,60,,
836,entry,37,,64,
836,entry,38,39,,4
836,entry,39,15,,
836,entry,40,,37,
836,entry,46,38,,
836,entry,47,50,,3
836,entry,48,79,,8
836,entry,49,25,,
836,entry,50,4,,
836,entry,57,49,,
836,entry,58,58,,
836,entry,59,37,,
836,entry,60,68,,
836,entry,68,6,,
836,entry,69,70,,
836,entry,70,,82,
836,entry,79,2,,2
836,entry,80,3,,
836,entry,90,28,,5
836,start,2,7,,
836,start,3,9,,
836,start,4,14,,
836,start,5,69,,
836,start,6,27,,7
836,start,7,46,,
836,start,8,5,,
836,start,9,0,,
837,entry,0,2,,
837,entry,2,,19,
837,entry,3,15,,3
837,entry,4,6,,
837,entry,5,30,,
837,entry,6,18,,
837,entry,7,50,,
837,entry,8,68,,5
837,entry,9,47,,
837,entry,10,4,,
837,entry,13,49,,
837,entry,14,,64,
837,entry,15,,46,
837,entry,16,28,,
837,entry,17,60,,
837,entry,18,79,,
837,entry,19,57,,4
837,entry,20,58,,
837,entry,24,5,,
837,entry,25,35,,
837,entry,26,17,,1 7
837,entry,27,13,,
837,entry,28,59,,
837,entry,29,9,,6
837,entry,30,,73,
837,entry,35,,55,
837,entry,36,69,,
837,entry,37,,37,
837,entry,38,7,,
837,entry,39,46,,
837,entry,40,70,,
837,entry,46,80,,
837,entry,47,25,,2
837,entry,48,27,,
837,entry,49,16,,
837,entry,50,90,,
837,entry,57,20,,
837,entry,58,29,,
837,entry,59,,28,
837,entry,60,26,,
837,entry,68,40,,
837,entry,69,3,,
837,entry,70,36,,
837,entry,79,37,,
837,entry,80,48,,
837,entry,90,19,,
837,start,2,38,,
837,start,3,10,,
837,start,4,39,,
837,start,5,,82,
837,start,6,14,,8
837,start,7,0,,
837,start,8,8,,
837,start,9,24,,
838,entry,0,,19,
838,entry,2,80,,2 4
838,entry,3,79,,
838,entry,4,90,,
838,entry,5,16,,
838,entry,6,47,,8
838,entry,7,,82,
838,entry,8,6,,
838,entry,9,25,,6
838,entry,10,58,,
838,entry,13,18,,
838,entry,14,40,,
838,entry,15,48,,
838,entry,16,,73,
838,entry,17,13,,
838,entry,18,19,,1
838,entry,19,70,,3
838,entry,20,10,,
838,entry,24,69,,
838,entry,25,49,,
838,entry,26,38,,7
838,entry,27,,37,
838,entry,28,24,,
838,entry,29,3,,
838,entry,30,36,,
838,entry,35,26,,
838,entry,36,30,,
838,entry,37,29,,5
838,entry,38,,46,
838,entry,39,17,,
838,entry,40,,55,
838,entry,46,4,,
838,entry,47,14,,
838,entry,48,5,,
838,entry,49,27,,
838,entry,50,2,,
838,entry,57,9,,
838,entry,58,68,,
838,entry,59,37,,
838,entry,60,,28,
838,entry,68,28,,
838,entry,69,8,,
838,entry,70,46,,
838,entry,79,39,,
838,entry,80,,64,
838,entry,90,15,,
838,start,2,7,,
838,start,3,35,,
838,start,4,50,,
838,start,5,59,,
838,start,6,0,,
838,start,7,60,,
838,start,8,20,,
838,start,9,57,,
839,entry,0,59,,
839,entry,2,38,,
839,entry,3,27,,
839,entry,4,9,,5
839,entry,5,18,,
839,entry,6,49,,
839,entry,7,26,,
839,entry,8,80,,
839,entry,9,30,,
839,entry,10,4,,
839,entry,13,47,,
839,entry,14,7,,
839,entry,15,6,,
839,entry,16,14,,
839,entry,17,46,,
839,entry,18,36,,
839,entry,19,69,,
839,entry,20,37,,
839,entry,24,17,,
839,entry,25,16,,
839,entry,26,13,,
839,entry,27,,64,
839,entry,28,48,,
839,entry,29,79,,8
839,entry,30,68,,7
839,entry,35,24,,
839,entry,36,,37,4
839,entry,37,3,,
839,entry,38,,19,
839,entry,39,10,,3
839,entry,40,15,,
839,entry,46,25,,
839,entry,47,,82,
839,entry,48,40,,
839,entry,49,29,,
839,entry,50,39,,
839,entry,57,35,,
839,entry,58,57,,6
839,entry,59,28,,
839,entry,60,60,,
839,entry,68,,46,
839,entry,69,90,,
839,entry,70,,55,2
839,entry,79,,73,1
839,entry,80,58,,
839,entry,90,20,,
839,start,2,70,,
839,start,3,50,,
839,start,4,19,,
839,start,5,2,,
839,start,6,8,,
839,start,7,,28,
839,start,8,5,,
839,start,9,0,,
840,entry,0,,64,
840,entry,2,46,,
840,entry,3,70,,1
840,entry,4,17,,
840,entry,5,48,,
840,entry,6,13,,7
840,entry,7,10,,
840,entry,8,35,,
840,entry,9,68,,
840,entry,10,57,,
840,entry,13,20,,
840,entry,14,27,,
840,entry,15,,28,
840,entry,16,18,,
840,entry,17,6,,
840,entry,18,,19,6
840,entry,19,19,,
840,entry,20,,73,
840,entry,24,37,,
840,entry,25,47,,
840,entry,26,,55,
840,entry,27,90,,
840,entry,28,40,,
840,entry,29,29,,
840,entry,30,,82,
840,entry,35,16,,
840,entry,36,26,,
840,entry,37,3,,
840,entry,38,50,,3
840,entry,39,69,,
840,entry,40,49,,
840,entry,46,2,,4
840,entry,47,38,,
840,entry,48,14,,8
840,entry,49,80,,
840,entry,50,59,,
840,entry,57,7,,
840,entry,58,36,,
840,entry,59,4,,
840,entry,60,5,,
840,entry,68,0,,
840,entry,69,79,,
840,entry,70,15,,
840,entry,79,,46,
840,entry,80,,37,
840,entry,90,60,,2
840,start,2,28,,5
840,start,3,58,,
840,start,4,30,,
840,start,5,39,,
840,start,6,25,,
840,start,7,9,,
840,start,8,8,,
840,start,9,24,,
841,entry,0,,55,
841,entry,2,35,,
841,entry,3,28,,6
841,entry,4,29,,
841,entry,5,7,,
841,entry,6,24,,
841,entry,7,58,,
841,entry,8,14,,
841,entry,9,,19,
841,entry,10,,46,
841,entry,13,25,,
841,entry,14,39,,
841,entry,15,50,,
841,entry,16,0,,
841,entry,17,27,,
841,entry,18,10,,
841,entry,19,2,,
841,entry,20,,82,
841,entry,24,47,,8
841,entry,25,60,,
841,entry,26,6,,
841,entry,27,37,,1 7
841,entry,28,90,,
841,entry,29,48,,
841,entry,30,30,,
841,entry,35,3,,
841,entry,36,8,,
841,entry,37,46,,
841,entry,38,4,,3
841,entry,39,13,,2 4
841,entry,40,40,,
841,entry,46,18,,
841,entry,47,9,,
841,entry,48,69,,
841,entry,49,49,,5
841,entry,50,,37,
841,entry,57,,64,
841,entry,58,26,,
841,entry,59,,28,
841,entry,60,,73,
841,entry,68,36,,
841,entry,69,17,,
841,entry,70,38,,
841,entry,79,80,,
841,entry,80,19,,
841,entry,90,79,,
841,start,2,5,,
841,start,3,68,,
841,start,4,59,,
841,start,5,15,,
841,start,6,70,,
841,start,7,16,,
841,start,8,20,,
841,start,9,57,,
842,entry,0,15,,
842,entry,2,39,,
842,entry,3,20,,
842,entry,4,7,,
842,entry,5,6,,
842,entry,6,,55,
842,entry,7,60,,
842,entry,8,29,,
842,entry,9,14,,
842,entry,10,38,,
842,entry,13,47,,
842,entry,14,37,,3 7
842,entry,15,3,,
842,entry,16,80,,
842,entry,17,70,,
842,entry,18,57,,
842,entry,19,,82,
842,entry,20,26,,
842,entry,24,,37,
842,entry,25,68,,
842,entry,26,13,,4
842,entry,27,8,,
842,entry,28,,73,
842,entry,29,9,,
842,entry,30,36,,
842,entry,35,,28,6
842,entry,36,10,,
842,entry,37,25,,
842,entry,38,28,,5
842,entry,39,48,,
842,entry,40,46,,
842,entry,46,58,,
842,entry,47,2,,2
842,entry,48,50,,
842,entry,49,,19,
842,entry,50,30,,1
842,entry,57,35,,
842,entry,58,16,,
842,entry,59,49,,
842,entry,60,27,,
842,entry,68,,46,
842,entry,69,59,,
842,entry,70,40,,
842,entry,79,69,,
842,entry,80,90,,
842,entry,90,4,,
842,start,2,17,,
842,start,3,19,,
842,start,4,24,,
842,start,5,79,,8
842,start,6,18,,
842,start,7,,64,
842,start,8,5,,
842,start,9,0,,
843,entry,0,68,,5
843,entry,2,59,,
843,entry,3,16,,
843,entry,4,2,,6
843,entry,5,46,,
843,entry,6,90,,
843,entry,7,15,,3
843,entry,8,30,,
843,entry,9,3,,
843,entry,10,60,,
843,entry,13,17,,
843,entry,14,14,,8
843,entry,15,7,,
843,entry,16,70,,
843,entry,17,,37,
843,entry,18,,73,
843,entry,19,25,,2
843,entry,20,27,,
843,entry,24,29,,
843,entry,25,69,,
843,entry,26,57,,
843,entry,27,,55,
843,entry,28,,82,
843,entry,29,20,,
843,entry,30,35,,
843,entry,35,80,,4
843,entry,36,79,,
843,entry,37,6,,
843,entry,38,9,,
843,entry,39,18,,
843,entry,40,26,,
843,entry,46,4,,
843,entry,47,40,,
843,entry,48,19,,
843,entry,49,28,,
843,entry,50,49,,
843,entry,57,,64,
843,entry,58,,46,
843,entry,59,39,,1 7
843,entry,60,38,,
843,entry,68,5,,
843,entry,69,37,,
843,entry,70,48,,
843,entry,79,47,,
843,entry,80,58,,
843,entry,90,,28,
843,start,2,36,,
843,start,3,10,,
843,start,4,13,,
843,start,5,,19,
843,start,6,50,,
843,start,7,0,,
843,start,8,8,,
843,start,9,24,,
844,entry,0,2,,
844,entry,2,,19,
844,entry,3,68,,
844,entry,4,47,,8
844,entry,5,8,,
844,entry,6,27,,
844,entry,7,,46,
844,entry,8,10,,
844,entry,9,46,,
844,entry,10,,28,7
844,entry,13,,73,
844,entry,14,3,,
844,entry,15,18,,
844,entry,16,29,,5
844,entry,17,5,,
844,entry,18,17,,
844,entry,19,59,,
844,entry,20,7,,
844,entry,24,4,,
844,entry,25,90,,
844,entry,26,14,,
844,entry,27,,37,
844,entry,28,58,,
844,entry,29,69,,
844,entry,30,80,,2 4
844,entry,35,37,,
844,entry,36,9,,
844,entry,37,28,,
844,entry,38,39,,
844,entry,39,15,,
844,entry,40,38,,
844,entry,46,6,,
844,entry,47,,82,
844,entry,48,48,,
844,entry,49,25,,6
844,entry,50,13,,
844,entry,57,,55,
844,entry,58,19,,1
844,entry,59,70,,3
844,entry,60,,64,
844,entry,68,24,,
844,entry,69,35,,
844,entry,70,49,,
844,entry,79,0,,
844,entry,80,26,,
844,entry,90,36,,
844,start,2,79,,
844,start,3,40,,
844,start,4,50,,
844,start,5,16,,
844,start,6,30,,
844,start,7,60,,
844,start,8,20,,
844,start,9,57,,
845,entry,0,46,,
845,entry,2,24,,
845,entry,3,16,,
845,entry,4,79,,8
845,entry,5,8,,
845,entry,6,,46,
845,entry,7,69,,
845,entry,8,39,,
845,entry,9,90,,
845,entry,10,37,,2
845,entry,13,47,,
845,entry,14,9,,
845,entry,15,,55,
845,entry,16,26,,
845,entry,17,19,,
845,entry,18,49,,
845,entry,19,17,,1
845,entry,20,58,,
845,entry,24,6,,
845,entry,25,36,,
845,entry,26,29,,
845,entry,27,68,,
845,entry,28,80,,7
845,entry,29,59,,
845,entry,30,20,,
845,entry,35,38,,
845,entry,36,,37,5
845,entry,37,,82,4
845,entry,38,15,,
845,entry,39,70,,
845,entry,40,30,,
845,entry,46,,73,
845,entry,47,25,,
845,entry,48,3,,
845,entry,49,48,,
845,entry,50,10,,
845,entry,57,18,,
845,entry,58,13,,
845,entry,59,,19,
845,entry,60,50,,
845,entry,68,35,,
845,entry,69,40,,
845,entry,70,60,,3
845,entry,79,57,,6
845,entry,80,14,,
845,entry,90,28,,
845,start,2,,64,
845,start,3,7,,
845,start,4,4,,
845,start,5,2,,
845,start,6,27,,
845,start,7,,28,
845,start,8,5,,
845,start,9,0,,
846,entry,0,29,,
846,entry,2,19,,
846,entry,3,47,,
846,entry,4,,28,
846,entry,5,,82,
846,entry,6,59,,
846,entry,7,13,,
846,entry,8,18,,
846,entry,9,15,,
846,entry,10,35,,
846,entry,13,57,,
846,entry,14,60,,2
846,entry,15,9,,
846,entry,16,69,,
846,entry,17,0,,
846,entry,18,,37,
846,entry,19,25,,
846,entry,20,79,,
846,entry,24,68,,
846,entry,25,,64,
846,entry,26,16,,
846,entry,27,10,,
846,entry,28,38,,
846,entry,29,4,,
846,entry,30,70,,
846,entry,35,7,,
846,entry,36,17,,
846,entry,37,20,,
846,entry,38,14,,4 8
846,entry,39,39,,
846,entry,40,5,,
846,entry,46,27,,
846,entry,47,46,,1
846,entry,48,48,,
846,entry,49,80,,
846,entry,50,49,,6
846,entry,57,26,,
846,entry,58,,46,
846,entry,59,3,,
846,entry,60,40,,
846,entry,68,6,,
846,entry,69,2,,
846,entry,70,50,,3
846,entry,79,90,,7
846,entry,80,,55,
846,entry,90,36,,
846,start,2,28,,5
846,start,3,58,,
846,start,4,30,,
846,start,5,,73,
846,start,6,,19,
846,start,7,37,,
846,start,8,8,,
846,start,9,24,,
847,entry,0,48,,
847,entry,2,,46,
847,entry,3,35,,
847,entry,4,69,,
847,entry,5,60,,
847,entry,6,6,,
847,entry,7,40,,1
847,entry,8,36,,
847,entry,9,70,,
847,entry,10,17,,
847,entry,13,,55,
847,entry,14,28,,6
847,entry,15,9,,
847,entry,16,8,,
847,entry,17,38,,
847,entry,18,27,,3
847,entry,19,7,,2 4
847,entry,20,79,,
847,entry,24,25,,
847,entry,25,29,,
847,entry,26,18,,
847,entry,27,58,,
847,entry,28,3,,
847,entry,29,2,,5
847,entry,30,0,,
847,entry,35,39,,
847,entry,36,49,,
847,entry,37,68,,
847,entry,38,47,,8
847,entry,39,,82,
847,entry,40,10,,
847,entry,46,50,,
847,entry,47,24,,
847,entry,48,,73,
847,entry,49,59,,7
847,entry,50,90,,
847,entry,57,,37,
847,entry,58,80,,
847,entry,59,4,,
847,entry,60,19,,
847,entry,68,30,,
847,entry,69,16,,
847,entry,70,13,,
847,entry,79,26,,
847,entry,80,46,,
847,entry,90,,64,
847,start,2,5,,
847,start,3,,19,
847,start,4,,28,
847,start,5,15,,
847,start,6,14,,
847,start,7,37,,
847,start,8,20,,
847,start,9,57,,
848,entry,0,,82,
848,entry,2,68,,
848,entry,3,27,,
848,entry,4,,19,
848,entry,5,69,,
848,entry,6,30,,1
848,entry,7,26,,7
848,entry,8,46,,
848,entry,9,35,,
848,entry,10,28,,5
848,entry,13,37,,
848,entry,14,15,,
848,entry,15,79,,8
848,entry,16,,46,
848,entry,17,3,,
848,entry,18,,28,6
848,entry,19,,55,
848,entry,20,29,,
848,entry,24,25,,
848,entry,25,10,,
848,entry,26,40,,
848,entry,27,38,,
848,entry,28,14,,
848,entry,29,18,,
848,entry,30,16,,
848,entry,35,48,,
848,entry,36,90,,
848,entry,37,80,,
848,entry,38,,64,3
848,entry,39,39,,4
848,entry,40,70,,
848,entry,46,59,,
848,entry,47,13,,
848,entry,48,49,,
848,entry,49,19,,
848,entry,50,,73,
848,entry,57,,37,
848,entry,58,20,,
848,entry,59,58,,
848,entry,60,8,,
848,entry,68,47,,
848,entry,69,6,,
848,entry,70,17,,
848,entry,79,50,,
848,entry,80,36,,
848,entry,90,2,,2
848,start,2,24,,
848,start,3,7,,
848,start,4,60,,
848,start,5,9,,
848,start,6,57,,
848,start,7,4,,
848,start,8,5,,
848,start,9,0,,
849,entry,0,58,,
849,entry,2,6,,1 7
849,entry,3,18,,
849,entry,4,,64,
849,entry,5,69,,
849,entry,6,38,,
849,entry,7,60,,
849,entry,8,40,,
849,entry,9,29,,
849,entry,10,,82,
849,entry,13,28,,
849,entry,14,25,,2
849,entry,15,26,,
849,entry,16,48,,
849,entry,17,,55,
849,entry,18,50,,
849,entry,19,80,,
849,entry,20,30,,
849,entry,24,20,,
849,entry,25,36,,
849,entry,26,3,,
849,entry,27,,19,
849,entry,28,79,,
849,entry,29,90,,
849,entry,30,4,,
849,entry,35,46,,
849,entry,36,13,,
849,entry,37,2,,
849,entry,38,49,,
849,entry,39,7,,
849,entry,40,14,,8
849,entry,46,59,,
849,entry,47,17,,
849,entry,48,27,,
849,entry,49,39,,
849,entry,50,,46,
849,entry,57,68,,5
849,entry,58,37,,4
849,entry,59,47,,
849,entry,60,35,,
849,entry,68,,73,6
849,entry,69,70,,
849,entry,70,,28,
849,entry,79,9,,
849,entry,80,5,,
849,entry,90,15,,3
849,start,2,,37,
849,start,3,10,,
849,start,4,19,,
849,start,5,57,,
849,start,6,16,,
849,start,7,0,,
849,start,8,8,,
849,start,9,24,,
850,entry,0,27,,
850,entry,2,39,,
850,entry,3,26,,
850,entry,4,4,,
850,entry,5,58,,
850,entry,6,38,,
850,entry,7,0,,
850,entry,8,,64,
850,entry,9,29,,5
850,entry,10,19,,1
850,entry,13,37,,
850,entry,14,49,,
850,entry,15,15,,
850,entry,16,40,,
850,entry,17,47,,8
850,entry,18,90,,
850,entry,19,14,,
850,entry,20,24,,
850,entry,24,59,,
850,entry,25,25,,6
850,entry,26,13,,
850,entry,27,80,,2 4
850,entry,28,,28,
850,entry,29,9,,
850,entry,30,,46,
850,entry,35,70,,3
850,entry,36,,37,
850,entry,37,17,,
850,entry,38,,73,
850,entry,39,36,,
850,entry,40,5,,
850,entry,46,48,,
850,entry,47,,19,
850,entry,48,7,,
850,entry,49,6,,
850,entry,50,2,,
850,entry,57,16,,
850,entry,58,69,,
850,entry,59,8,,
850,entry,60,28,,
850,entry,68,79,,
850,entry,69,18,,
850,entry,70,,82,
850,entry,79,46,,
850,entry,80,35,,
850,entry,90,,55,
850,start,2,68,,
850,start,3,30,,
850,start,4,50,,
850,start,5,3,,
850,start,6,10,,7
850,start,7,60,,
850,start,8,20,,
850,start,9,57,,
851,entry,0,7,,
851,entry,2,70,,
851,entry,3,36,,
851,entry,4,18,,
851,entry,5,26,,
851,entry,6,60,,
851,entry,7,,19,
851,entry,8,59,,
851,entry,9,,55,
851,entry,10,17,,
851,entry,13,39,,5
851,entry,14,15,,
851,entry,15,14,,
851,entry,16,3,,
851,entry,17,40,,
851,entry,18,28,,
851,entry,19,19,,2 7
851,entry,20,8,,
851,entry,24,,73,
851,entry,25,24,,4
851,entry,26,29,,
851,entry,27,57,,6
851,entry,28,90,,
851,entry,29,58,,
851,entry,30,38,,
851,entry,35,25,,
851,entry,36,35,,
851,entry,37,46,,
851,entry,38,,82,1
851,entry,39,20,,
851,entry,40,13,,
851,entry,46,47,,
851,entry,47,,64,
851,entry,48,16,,
851,entry,49,30,,
851,entry,50,,46,
851,entry,57,50,,
851,entry,58,10,,
851,entry,59,,37,
851,entry,60,27,,
851,entry,68,48,,
851,entry,69,4,,
851,entry,70,37,,
851,entry,79,79,,3 8
851,entry,80,68,,
851,entry,90,69,,
851,start,2,6,,
851,start,3,80,,
851,start,4,49,,
851,start,5,2,,
851,start,6,9,,
851,start,7,,28,
851,start,8,5,,
851,start,9,0,,
852,entry,0,14,,8
852,entry,2,69,,
852,entry,3,9,,
852,entry,4,37,,
852,entry,5,,28,
852,entry,6,10,,
852,entry,7,,37,7
852,entry,8,4,,
852,entry,9,79,,
852,entry,10,,46,
852,entry,13,59,,
852,entry,14,,73,
852,entry,15,3,,1
852,entry,16,57,,
852,entry,17,18,,
852,entry,18,38,,
852,entry,19,,64,
852,entry,20,70,,
852,entry,24,,82,
852,entry,25,17,,
852,entry,26,15,,
852,entry,27,6,,
852,entry,28,16,,
852,entry,29,7,,
852,entry,30,60,,2
852,entry,35,27,,
852,entry,36,25,,
852,entry,37,,55,
852,entry,38,,19,
852,entry,39,2,,6
852,entry,40,68,,
852,entry,46,26,,
852,entry,47,0,,4
852,entry,48,13,,
852,entry,49,40,,
852,entry,50,29,,
852,entry,57,48,,
852,entry,58,5,,
852,entry,59,50,,3
852,entry,60,39,,
852,entry,68,47,,
852,entry,69,46,,
852,entry,70,80,,
852,entry,79,36,,
852,entry,80,90,,
852,entry,90,20,,
852,start,2,28,,5
852,start,3,58,,
852,start,4,30,,
852,start,5,49,,
852,start,6,35,,
852,start,7,19,,
852,start,8,8,,
852,start,9,24,,
853,entry,0,3,,5
853,entry,2,27,,2 4
853,entry,3,90,,
853,entry,4,19,,
853,entry,5,17,,
853,entry,6,35,,
853,entry,7,2,,
853,entry,8,16,,
853,entry,9,48,,
853,entry,10,,19,
853,entry,13,49,,
853,entry,14,4,,
853,entry,15,,82,
853,entry,16,,55,
853,entry,17,29,,
853,entry,18,6,,
853,entry,19,59,,
853,entry,20,36,,
853,entry,24,10,,
853,entry,25,9,,
853,entry,26,,46,
853,entry,27,39,,
853,entry,28,8,,
853,entry,29,46,,
853,entry,30,79,,7
853,entry,35,68,,
853,entry,36,70,,
853,entry,37,0,,
853,entry,38,18,,
853,entry,39,,64,1
853,entry,40,30,,
853,entry,46,7,,
853,entry,47,28,,6
853,entry,48,26,,
853,entry,49,58,,
853,entry,50,40,,
853,entry,57,25,,
853,entry,58,50,,
853,entry,59,80,,
853,entry,60,37,,
853,entry,68,60,,
853,entry,69,14,,
853,entry,70,47,,3 8
853,entry,79,24,,
853,entry,80,,37,
853,entry,90,38,,
853,start,2,5,,
853,start,3,,28,
853,start,4,13,,
853,start,5,15,,
853,start,6,69,,
853,start,7,,73,
853,start,8,20,,
853,start,9,57,,
854,entry,0,39,,
854,entry,2,38,,
854,entry,3,,46,
854,entry,4,9,,
854,entry,5,15,,
854,entry,6,,82,4
854,entry,7,7,,
854,entry,8,18,,
854,entry,9,70,,
854,entry,10,49,,
854,entry,13,14,,
854,entry,14,20,,
854,entry,15,,28,6
854,entry,16,46,,
854,entry,17,24,,
854,entry,18,28,,5
854,entry,19,48,,
854,entry,20,59,,
854,entry,24,47,,
854,entry,25,79,,8
854,entry,26,58,,
854,entry,27,2,,2
854,entry,28,,64,
854,entry,29,,19,
854,entry,30,30,,1
854,entry,35,25,,3
854,entry,36,6,,
854,entry,37,35,,
854,entry,38,16,,
854,entry,39,26,,
854,entry,40,50,,
854,entry,46,60,,7
854,entry,47,,55,
854,entry,48,29,,
854,entry,49,4,,
854,entry,50,40,,
854,entry,57,68,,
854,entry,58,27,,
854,entry,59,57,,
854,entry,60,90,,
854,entry,68,37,,
854,entry,69,,73,
854,entry,70,80,,
854,entry,79,8,,
854,entry,80,13,,
854,entry,90,3,,
854,start,2,10,,
854,start,3,,37,
854,start,4,19,,
854,start,5,36,,
854,start,6,17,,
854,start,7,69,,
854,start,8,5,,
854,start,9,0,,
855,entry,0,13,,
855,entry,2,3,,
855,entry,3,60,,
855,entry,4,28,,
855,entry,5,48,,
855,entry,6,46,,
855,entry,7,,55,
855,entry,8,6,,
855,entry,9,26,,
855,entry,10,,37,
855,entry,13,30,,
855,entry,14,,46,1 7
855,entry,15,25,,2
855,entry,16,,64,
855,entry,17,68,,5
855,entry,18,16,,4
855,entry,19,17,,
855,entry,20,4,,
855,entry,24,50,,
855,entry,25,20,,
855,entry,26,7,,
855,entry,27,57,,
855,entry,28,37,,6
855,entry,29,70,,
855,entry,30,79,,
855,entry,35,18,,
855,entry,36,35,,
855,entry,37,40,,
855,entry,38,,28,
855,entry,39,90,,
855,entry,40,5,,
855,entry,46,38,,
855,entry,47,9,,
855,entry,48,14,,8
855,entry,49,,19,
855,entry,50,15,,3
855,entry,57,19,,
855,entry,58,69,,
855,entry,59,2,,
855,entry,60,,82,
855,entry,68,80,,
855,entry,69,39,,
855,entry,70,49,,
855,entry,79,36,,
855,entry,80,59,,
855,entry,90,58,,
855,start,2,29,,
855,start,3,10,,
855,start,4,,73,
855,start,5,27,,
855,start,6,47,,
855,start,7,0,,
855,start,8,8,,
855,start,9,24,,
856,entry,0,79,,
856,entry,2,70,,3
856,entry,3,15,,
856,entry,4,69,,
856,entry,5,4,,
856,entry,6,26,,
856,entry,7,10,,
856,entry,8,9,,
856,entry,9,5,,
856,entry,10,68,,
856,entry,13,25,,6
856,entry,14,38,,
856,entry,15,,73,
856,entry,16,36,,
856,entry,17,2,,
856,entry,18,,64,
856,entry,19,,19,
856,entry,20,49,,
856,entry,24,48,,
856,entry,25,18,,
856,entry,26,80,,2 4
856,entry,27,47,,8
856,entry,28,7,,
856,entry,29,28,,
856,entry,30,46,,
856,entry,35,59,,
856,entry,36,,37,
856,entry,37,13,,
856,entry,38,17,,
856,entry,39,,82,
856,entry,40,,55,
856,entry,46,90,,
856,entry,47,37,,
856,entry,48,27,,
856,entry,49,0,,7
856,entry,50,39,,
856,entry,57,16,,
856,entry,58,40,,
856,entry,59,30,,
856,entry,60,35,,
856,entry,68,3,,
856,entry,69,29,,5
856,entry,70,19,,1
856,entry,79,14,,
856,entry,80,24,,
856,entry,90,,46,
856,start,2,58,,
856,start,3,8,,
856,start,4,50,,
856,start,5,,28,
856,start,6,6,,
856,start,7,60,,
856,start,8,20,,
856,start,9,57,,
857,entry,0,3,,
857,entry,2,36,,7
857,entry,3,80,,
857,entry,4,40,,
857,entry,5,19,,
857,entry,6,24,,3
857,entry,7,49,,2
857,entry,8,,37,
857,entry,9,37,,
857,entry,10,46,,
857,entry,13,26,,
857,entry,14,57,,6
857,entry,15,,46,
857,entry,16,17,,
857,entry,17,58,,
857,entry,18,10,,
857,entry,19,60,,
857,entry,20,35,,
857,entry,24,70,,
857,entry,25,48,,
857,entry,26,28,,
857,entry,27,20,,
857,entry,28,,55,
857,entry,29,,64,5
857,entry,30,13,,
857,entry,35,,19,
857,entry,36,90,,
857,entry,37,30,,
857,entry,38,6,,
857,entry,39,15,,
857,entry,40,50,,
857,entry,46,47,,1
857,entry,47,4,,
857,entry,48,16,,
857,entry,49,,73,
857,entry,50,69,,
857,entry,57,14,,
857,entry,58,27,,
857,entry,59,8,,
857,entry,60,79,,4 8
857,entry,68,,82,
857,entry,69,68,,
857,entry,70,25,,
857,entry,79,38,,
857,entry,80,18,,
857,entry,90,59,,
857,start,2,9,,
857,start,3,29,,
857,start,4,7,,
857,start,5,2,,
857,start,6,39,,
857,start,7,,28,
857,start,8,5,,
857,start,9,0,,
858,entry,0,16,,
858,entry,2,14,,8
858,entry,3,,37,
858,entry,4,29,,
858,entry,5,5,,
858,entry,6,59,,4
858,entry,7,3,,
858,entry,8,10,,
858,entry,9,37,,
858,entry,10,17,,
858,entry,13,4,,
858,entry,14,38,,
858,entry,15,15,,
858,entry,16,48,,
858,entry,17,2,,
858,entry,18,36,,
858,entry,19,0,,
858,entry,20,,73,
858,entry,24,,19,
858,entry,25,25,,
858,entry,26,69,,
858,entry,27,19,,7
858,entry,28,,64,
858,entry,29,79,,
858,entry,30,,82,
858,entry,35,26,,1
858,entry,36,13,,
858,entry,37,18,,
858,entry,38,7,,
858,entry,39,20,,
858,entry,40,,28,
858,entry,46,70,,
858,entry,47,80,,
858,entry,48,90,,
858,entry,49,46,,
858,entry,50,60,,2
858,entry,57,49,,
858,entry,58,47,,
858,entry,59,57,,6
858,entry,60,68,,
858,entry,68,9,,
858,entry,69,40,,
858,entry,70,35,,
858,entry,79,50,,3
858,entry,80,,55,
858,entry,90,27,,
858,start,2,28,,5
858,start,3,58,,
858,start,4,30,,
858,start,5,6,,
858,start,6,39,,
858,start,7,,46,
858,start,8,8,,
858,start,9,24,,
859,entry,0,29,,
859,entry,2,14,,
859,entry,3,50,,
859,entry,4,8,,
859,entry,5,79,,
859,entry,6,30,,
859,entry,7,27,,
859,entry,8,,64,7
859,entry,9,16,,
859,entry,10,39,,
859,entry,13,60,,
859,entry,14,18,,
859,entry,15,24,,
859,entry,16,90,,
859,entry,17,37,,
859,entry,18,,19,2 4
859,entry,19,26,,
859,entry,20,7,,
859,entry,24,0,,
859,entry,25,49,,
859,entry,26,,82,1
859,entry,27,,28,3
859,entry,28,38,,5
859,entry,29,36,,
859,entry,30,28,,6
859,entry,35,6,,
859,entry,36,4,,
859,entry,37,58,,
859,entry,38,80,,
859,entry,39,46,,
859,entry,40,25,,
859,entry,46,69,,
859,entry,47,13,,
859,entry,48,10,,
859,entry,49,19,,
859,entry,50,35,,
859,entry,57,,37,
859,entry,58,2,,
859,entry,59,68,,
859,entry,60,,55,
859,entry,68,17,,
859,entry,69,47,,8
859,entry,70,,46,
859,entry,79,70,,
859,entry,80,59,,
859,entry,90,9,,
859,start,2,5,,
859,start,3,,73,
859,start,4,48,,
859,start,5,15,,
859,start,6,40,,
859,start,7,3,,
859,start,8,20,,
859,start,9,57,,
860,entry,0,4,,7
860,entry,2,,55,
860,entry,3,2,,2
860,entry,4,14,,
860,entry,5,68,,
860,entry,6,29,,
860,entry,7,7,,
860,entry,8,60,,
860,entry,9,25,,
860,entry,10,15,,4
860,entry,13,35,,
860,entry,14,24,,
860,entry,15,16,,
860,entry,16,39,,
860,entry,17,17,,
860,entry,18,30,,1
860,entry,19,20,,
860,entry,20,37,,
860,entry,24,18,,
860,entry,25,79,,8
860,entry,26,49,,
860,entry,27,48,,
860,entry,28,,37,
860,entry,29,47,,
860,entry,30,58,,
860,entry,35,3,,
860,entry,36,59,,
860,entry,37,,19,
860,entry,38,40,,
860,entry,39,,82,
860,entry,40,6,,
860,entry,46,28,,5
860,entry,47,9,,
860,entry,48,90,,
860,entry,49,8,,
860,entry,50,36,,
860,entry,57,19,,
860,entry,58,46,,
860,entry,59,38,,
860,entry,60,57,,
860,entry,68,,64,
860,entry,69,10,,
860,entry,70,,28,6
860,entry,79,50,,
860,entry,80,80,,
860,entry,90,,73,3
860,start,2,13,,
860,start,3,26,,
860,start,4,69,,
860,start,5,27,,
860,start,6,,46,
860,start,7,70,,
860,start,8,5,,
860,start,9,0,,
861,entry,0,,82,
861,entry,2,,73,
861,entry,3,79,,
861,entry,4,3,,
861,entry,5,29,,
861,entry,6,,46,
861,entry,7,16,,
861,entry,8,60,,
861,entry,9,38,,
861,entry,10,,28,
861,entry,13,90,,
861,entry,14,13,,4
861,entry,15,39,,
861,entry,16,36,,
861,entry,17,5,,
861,entry,18,9,,
861,entry,19,48,,
861,entry,20,68,,5
861,entry,24,14,,6 8
861,entry,25,26,,
861,entry,26,,37,
861,entry,27,15,,3
861,entry,28,30,,
861,entry,29,58,,
861,entry,30,40,,
861,entry,35,46,,
861,entry,36,70,,
861,entry,37,6,,
861,entry,38,49,,
861,entry,39,25,,2
861,entry,40,50,,
861,entry,46,19,,
861,entry,47,47,,
861,entry,48,59,,
861,entry,49,20,,
861,entry,50,17,,
861,entry,57,57,,
861,entry,58,69,,
861,entry,59,18,,
861,entry,60,27,,
861,entry,68,80,,
861,entry,69,28,,
861,entry,70,,64,
861,entry,79,,19,1 7
861,entry,80,7,,
861,entry,90,2,,
861,start,2,37,,
861,start,3,10,,
861,start,4,,55,
861,start,5,4,,
861,start,6,35,,
861,start,7,0,,
861,start,8,8,,
861,start,9,24,,
862,entry,0,5,,
862,entry,2,,46,
862,entry,3,19,,1
862,entry,4,6,,
862,entry,5,,73,
862,entry,6,79,,
862,entry,7,4,,
862,entry,8,49,,
862,entry,9,,28,
862,entry,10,16,,
862,entry,13,24,,
862,entry,14,39,,
862,entry,15,90,,
862,entry,16,0,,
862,entry,17,17,,
862,entry,18,30,,
862,entry,19,3,,
862,entry,20,28,,
862,entry,24,37,,
862,entry,25,,19,
862,entry,26,15,,
862,entry,27,69,,
862,entry,28,40,,
862,entry,29,13,,7
862,entry,30,,82,
862,entry,35,18,,
862,entry,36,25,,6
862,entry,37,35,,
862,entry,38,46,,
862,entry,39,58,,
862,entry,40,38,,
862,entry,46,70,,3
862,entry,47,,55,
862,entry,48,8,,
862,entry,49,68,,
862,entry,50,48,,
862,entry,57,47,,8
862,entry,58,80,,2 4
862,entry,59,,37,
862,entry,60,29,,5
862,entry,68,27,,
862,entry,69,26,,
862,entry,70,14,,
862,entry,79,59,,
862,entry,80,9,,
862,entry,90,2,,
862,start,2,10,,
862,start,3,7,,
862,start,4,50,,
862,start,5,36,,
862,start,6,,64,
862,start,7,60,,
862,start,8,20,,
862,start,9,57,,
863,entry,0,18,,
863,entry,2,25,,
863,entry,3,,46,
863,entry,4,35,,
863,entry,5,47,,
863,entry,6,,19,
863,entry,7,28,,
863,entry,8,58,,
863,entry,9,,73,
863,entry,10,68,,
863,entry,13,26,,4
863,entry,14,15,,
863,entry,15,4,,
863,entry,16,40,,
863,entry,17,90,,
863,entry,18,20,,
863,entry,19,36,,
863,entry,20,,82,
863,entry,24,46,,
863,entry,25,3,,
863,entry,26,57,,6
863,entry,27,13,,1
863,entry,28,30,,
863,entry,29,60,,
863,entry,30,,64,
863,entry,35,49,,
863,entry,36,7,,
863,entry,37,39,,7
863,entry,38,8,,
863,entry,39,70,,
863,entry,40,59,,5
863,entry,46,17,,
863,entry,47,16,,
863,entry,48,,55,
863,entry,49,80,,
863,entry,50,14,,
863,entry,57,48,,
863,entry,58,6,,3
863,entry,59,10,,
863,entry,60,24,,
863,entry,68,79,,8
863,entry,69,19,,
863,entry,70,50,,
863,entry,79,37,,2
863,entry,80,9,,
863,entry,90,38,,
863,start,2,29,,
863,start,3,,37,
863,start,4,69,,
863,start,5,2,,
863,start,6,27,,
863,start,7,,28,
863,start,8,5,,
863,start,9,0,,
864,entry,0,,46,
864,entry,2,4,,
864,entry,3,,37,4
864,entry,4,18,,
864,entry,5,49,,
864,entry,6,36,,
864,entry,7,5,,
864,entry,8,68,,
864,entry,9,,55,
864,entry,10,0,,
864,entry,13,48,,
864,entry,14,,28,
864,entry,15,2,,
864,entry,16,25,,
864,entry,17,15,,
864,entry,18,17,,
864,entry,19,6,,
864,entry,20,10,,
864,entry,24,13,,
864,entry,25,90,,
864,entry,26,26,,
864,entry,27,19,,6
864,entry,28,27,,
864,entry,29,47,,
864,entry,30,20,,
864,entry,35,59,,7
864,entry,36,3,,
864,entry,37,40,,
864,entry,38,,73,
864,entry,39,57,,
864,entry,40,46,,
864,entry,46,9,,
864,entry,47,50,,3
864,entry,48,,82,
864,entry,49,7,,
864,entry,50,,64,1
864,entry,57,70,,
864,entry,58,14,,8
864,entry,59,69,,
864,entry,60,29,,
864,entry,68,79,,
864,entry,69,,19,
864,entry,70,39,,
864,entry,79,60,,2
864,entry,80,80,,
864,entry,90,35,,
864,start,2,28,,5
864,start,3,58,,
864,start,4,30,,
864,start,5,37,,
864,start,6,38,,
864,start,7,16,,
864,start,8,8,,
864,start,9,24,,
865,entry,0,9,,
865,entry,2,7,,
865,entry,3,3,,
865,entry,4,46,,
865,entry,5,0,,
865,entry,6,28,,6
865,entry,7,50,,
865,entry,8,70,,
865,entry,9,,28,
865,entry,10,,64,2 4
865,entry,13,40,,
865,entry,14,,82,
865,entry,15,16,,
865,entry,16,25,,
865,entry,17,60,,
865,entry,18,24,,
865,entry,19,37,,
865,entry,20,,19,5
865,entry,24,19,,
865,entry,25,26,,
865,entry,26,35,,
865,entry,27,79,,
865,entry,28,13,,
865,entry,29,47,,8
865,entry,30,69,,
865,entry,35,36,,
865,entry,36,,55,
865,entry,37,29,,
865,entry,38,6,,
865,entry,39,38,,
865,entry,40,14,,
865,entry,46,,46,
865,entry,47,39,,
865,entry,48,8,,
865,entry,49,,37,
865,entry,50,58,,
865,entry,57,59,,
865,entry,58,18,,
865,entry,59,4,,1
865,entry,60,68,,
865,entry,68,80,,
865,entry,69,,73,
865,entry,70,49,,7
865,entry,79,10,,
865,entry,80,30,,
865,entry,90,17,,3
865,start,2,5,,
865,start,3,90,,
865,start,4,2,,
865,start,5,15,,
865,start,6,48,,
865,start,7,27,,
865,start,8,20,,
865,start,9,57,,
866,entry,0,,37,
866,entry,2,27,,
866,entry,3,68,,
866,entry,4,46,,
866,entry,5,,64,
866,entry,6,48,,
866,entry,7,40,,
866,entry,8,,46,
866,entry,9,14,,
866,entry,10,2,,2
866,entry,13,,82,
866,entry,14,16,,
866,entry,15,7,,
866,entry,16,,19,
866,entry,17,90,,
866,entry,18,38,,
866,entry,19,,28,6
866,entry,20,35,,
866,entry,24,19,,
866,entry,25,17,,
866,entry,26,,73,
866,entry,27,60,,
866,entry,28,29,,
866,entry,29,69,,
866,entry,30,,55,
866,entry,35,28,,5
866,entry,36,8,,
866,entry,37,50,,7
866,entry,38,39,,
866,entry,39,24,,3
866,entry,40,70,,
866,entry,46,18,,
866,entry,47,15,,
866,entry,48,49,,
866,entry,49,3,,
866,entry,50,80,,4
866,entry,57,25,,
866,entry,58,30,,1
866,entry,59,20,,
866,entry,60,36,,
866,entry,68,10,,
866,entry,69,47,,
866,entry,70,58,,
866,entry,79,57,,
866,entry,80,6,,
866,entry,90,4,,
866,start,2,79,,8
866,start,3,13,,
866,start,4,9,,
866,start,5,26,,
866,start,6,37,,
866,start,7,59,,
866,start,8,5,,
866,start,9,0,,
867,entry,0,7,,
867,entry,2,,64,
867,entry,3,19,,
867,entry,4,57,,
867,entry,5,,37,6
867,entry,6,26,,
867,entry,7,,82,
867,entry,8,59,,
867,entry,9,28,,
867,entry,10,4,,
867,entry,13,79,,
867,entry,14,,19,
867,entry,15,36,,
867,entry,16,38,,
867,entry,17,48,,
867,entry,18,46,,
867,entry,19,80,,1 7
867,entry,20,14,,8
867,entry,24,68,,5
867,entry,25,69,,
867,entry,26,58,,
867,entry,27,3,,
867,entry,28,5,,
867,entry,29,,55,
867,entry,30,40,,
867,entry,35,47,,
867,entry,36,2,,
867,entry,37,70,,
867,entry,38,15,,3
867,entry,39,6,,
867,entry,40,50,,
867,entry,46,,28,4
867,entry,47,16,,
867,entry,48,35,,
867,entry,49,30,,
867,entry,50,60,,
867,entry,57,17,,
867,entry,58,27,,
867,entry,59,29,,
867,entry,60,,73,
867,entry,68,37,,
867,entry,69,39,,
867,entry,70,25,,2
867,entry,79,49,,
867,entry,80,20,,
867,entry,90,18,,
867,start,2,90,,
867,start,3,10,,
867,start,4,,46,
867,start,5,13,,
867,start,6,9,,
867,start,7,0,,
867,start,8,8,,
867,start,9,24,,
868,entry,0,58,,
868,entry,2,48,,
868,entry,3,2,,
868,entry,4,9,,
868,entry,5,30,,
868,entry,6,,46,
868,entry,7,10,,
868,entry,8,4,,
868,entry,9,35,,
868,entry,10,27,,
868,entry,13,,28,
868,entry,14,90,,
868,entry,15,40,,
868,entry,16,5,,
868,entry,17,79,,
868,entry,18,15,,
868,entry,19,37,,
868,entry,20,,73,
868,entry,24,,19,
868,entry,25,29,,5
868,entry,26,47,,8
868,entry,27,39,,
868,entry,28,25,,6
868,entry,29,49,,
868,entry,30,3,,
868,entry,35,14,,
868,entry,36,28,,
868,entry,37,,55,
868,entry,38,70,,3
868,entry,39,13,,
868,entry,40,68,,
868,entry,46,,82,
868,entry,47,19,,1
868,entry,48,17,,7
868,entry,49,46,,
868,entry,50,59,,
868,entry,57,24,,
868,entry,58,26,,
868,entry,59,,64,
868,entry,60,69,,
868,entry,68,36,,
868,entry,69,7,,
868,entry,70,6,,
868,entry,79,,37,
868,entry,80,0,,
868,entry,90,80,,2 4
868,start,2,16,,
868,start,3,18,,
868,start,4,50,,
868,start,5,38,,
868,start,6,8,,
868,start,7,60,,
868,start,8,20,,
868,start,9,57,,
869,entry,0,49,,
869,entry,2,39,,
869,entry,3,25,,
869,entry,4,17,,
869,entry,5,3,,
869,entry,6,57,,6
869,entry,7,9,,1
869,entry,8,30,,
869,entry,9,4,,
869,entry,10,27,,
869,entry,13,18,,
869,entry,14,46,,
869,entry,15,79,,8
869,entry,16,37,,
869,entry,17,,73,
869,entry,18,6,,
869,entry,19,14,,
869,entry,20,10,,5
869,entry,24,,64,4
869,entry,25,35,,
869,entry,26,68,,
869,entry,27,,46,
869,entry,28,16,,
869,entry,29,,82,
869,entry,30,80,,
869,entry,35,8,,
869,entry,36,26,,
869,entry,37,48,,
869,entry,38,47,,3
869,entry,39,70,,
869,entry,40,13,,
869,entry,46,36,,
869,entry,47,,19,
869,entry,48,60,,
869,entry,49,69,,7
869,entry,50,,37,
869,entry,57,40,,
869,entry,58,28,,
869,entry,59,29,,2
869,entry,60,59,,
869,entry,68,90,,
869,entry,69,58,,
869,entry,70,38,,
869,entry,79,20,,
869,entry,80,,55,
869,entry,90,7,,
869,start,2,15,,
869,start,3,24,,
869,start,4,50,,
869,start,5,2,,
869,start,6,19,,
869,start,7,,28,
869,start,8,5,,
869,start,9,0,,
870,entry,0,37,,
870,entry,2,27,,
870,entry,3,60,,2
870,entry,4,20,,
870,entry,5,6,,
870,entry,6,10,,1
870,entry,7,38,,
870,entry,8,39,,
870,entry,9,4,,
870,entry,10,,82,
870,entry,13,68,,
870,entry,14,46,,
870,entry,15,16,,
870,entry,16,15,,
870,entry,17,35,,
870,entry,18,69,,7
870,entry,19,36,,
870,entry,20,9,,
870,entry,24,49,,
870,entry,25,57,,
870,entry,26,25,,
870,entry,27,,19,
870,entry,28,18,,
870,entry,29,70,,
870,entry,30,,37,
870,entry,35,,73,
870,entry,36,26,,
870,entry,37,2,,
870,entry,38,3,,
870,entry,39,5,,
870,entry,40,79,,
870,entry,46,,55,
870,entry,47,,28,
870,entry,48,7,,
870,entry,49,13,,
870,entry,50,14,,8
870,entry,57,0,,
870,entry,58,80,,4
870,entry,59,19,,
870,entry,60,,46,
870,entry,68,48,,
870,entry,69,59,,
870,entry,70,29,,6
870,entry,79,90,,
870,entry,80,40,,
870,entry,90,50,,3
870,start,2,28,,5
870,start,3,58,,
870,start,4,30,,
870,start,5,47,,
870,start,6,,64,
870,start,7,17,,
870,start,8,8,,
870,start,9,24,,
871,entry,0,10,,
871,entry,2,4,,1
871,entry,3,47,,8
871,entry,4,7,,
871,entry,5,48,,
871,entry,6,68,,2 4
871,entry,7,14,,
871,entry,8,,55,
871,entry,9,60,,
871,entry,10,3,,7
871,entry,13,,37,
871,entry,14,79,,
871,entry,15,58,,
871,entry,16,46,,5
871,entry,17,19,,
871,entry,18,,46,
871,entry,19,2,,
871,entry,20,30,,
871,entry,24,0,,
871,entry,25,,82,
871,entry,26,,19,
871,entry,27,17,,
871,entry,28,,28,
871,entry,29,29,,
871,entry,30,24,,
871,entry,35,59,,3
871,entry,36,49,,
871,entry,37,9,,
871,entry,38,16,,
871,entry,39,39,,
871,entry,40,27,,
871,entry,46,38,,
871,entry,47,90,,
871,entry,48,26,,
871,entry,49,13,,
871,entry,50,6,,
871,entry,57,37,,
871,entry,58,70,,
871,entry,59,28,,6
871,entry,60,8,,
871,entry,68,80,,
871,entry,69,25,,
871,entry,70,18,,
871,entry,79,35,,
871,entry,80,40,,
871,entry,90,50,,
871,start,2,5,,
871,start,3,36,,
871,start,4,,64,
871,start,5,15,,
871,start,6,,73,
871,start,7,69,,
871,start,8,20,,
871,start,9,57,,
872,entry,0,24,,
872,entry,2,14,,
872,entry,3,38,,
872,entry,4,47,,
872,entry,5,26,,
872,entry,6,58,,
872,entry,7,2,,2
872,entry,8,59,,
872,entry,9,,19,
872,entry,10,30,,1
872,entry,13,4,,
872,entry,14,68,,
872,entry,15,9,,3
872,entry,16,6,,
872,entry,17,35,,
872,entry,18,16,,
872,entry,19,57,,
872,entry,20,46,,
872,entry,24,19,,
872,entry,25,27,,
872,entry,26,25,,
872,entry,27,,55,
872,entry,28,,37,
872,entry,29,,73,
872,entry,30,40,,
872,entry,35,20,,
872,entry,36,,82,
872,entry,37,80,,
872,entry,38,60,,
872,entry,39,8,,
872,entry,40,90,,
872,entry,46,,28,6
872,entry,47,17,,4
872,entry,48,70,,
872,entry,49,18,,
872,entry,50,3,,
872,entry,57,49,,
872,entry,58,10,,
872,entry,59,69,,
872,entry,60,7,,
872,entry,68,29,,
872,entry,69,79,,8
872,entry,70,,64,7
872,entry,79,28,,5
872,entry,80,15,,
872,entry,90,48,,
872,start,2,36,,
872,start,3,37,,
872,start,4,13,,
872,start,5,39,,
872,start,6,50,,
872,start,7,,46,
872,start,8,5,,
872,start,9,0,,
873,entry,0,,82,6
873,entry,2,47,,4
873,entry,3,69,,
873,entry,4,50,,
873,entry,5,59,,
873,entry,6,15,,3
873,entry,7,14,,8
873,entry,8,20,,
873,entry,9,4,,
873,entry,10,3,,
873,entry,13,37,,
873,entry,14,60,,
873,entry,15,57,,
873,entry,16,39,,
873,entry,17,,46,
873,entry,18,18,,
873,entry,19,80,,
873,entry,20,6,,
873,entry,24,49,,
873,entry,25,70,,
873,entry,26,90,,
873,entry,27,35,,
873,entry,28,28,,
873,entry,29,26,,
873,entry,30,2,,
873,entry,35,40,,
873,entry,36,,19,
873,entry,37,,55,
873,entry,38,16,,1 7
873,entry,39,36,,
873,entry,40,,28,
873,entry,46,17,,
873,entry,47,13,,
873,entry,48,9,,
873,entry,49,46,,
873,entry,50,27,,
873,entry,57,5,,
873,entry,58,19,,
873,entry,59,,64,
873,entry,60,68,,5
873,entry,68,30,,
873,entry,69,7,,
873,entry,70,48,,
873,entry,79,25,,2
873,entry,80,58,,
873,entry,90,,37,
873,start,2,79,,
873,start,3,10,,
873,start,4,29,,
873,start,5,,73,
873,start,6,38,,
873,start,7,0,,
873,start,8,8,,
873,start,9,24,,
874,entry,0,29,,5
874,entry,2,6,,
874,entry,3,,82,
874,entry,4,5,,
874,entry,5,16,,
874,entry,6,3,,
874,entry,7,,19,
874,entry,8,4,,
874,entry,9,7,,
874,entry,10,14,,
874,entry,13,48,,
874,entry,14,,64,
874,entry,15,19,,1
874,entry,16,13,,
874,entry,17,2,,
874,entry,18,46,,
874,entry,19,10,,
874,entry,20,9,,
874,entry,24,28,,
874,entry,25,24,,
874,entry,26,40,,
874,entry,27,15,,
874,entry,28,,73,
874,entry,29,,37,
874,entry,30,27,,
874,entry,35,,46,
874,entry,36,26,,7
874,entry,37,25,,6
874,entry,38,90,,
874,entry,39,,55,
874,entry,40,37,,
874,entry,46,39,,
874,entry,47,70,,3
874,entry,48,69,,
874,entry,49,58,,
874,entry,50,47,,8
874,entry,57,38,,
874,entry,58,79,,
874,entry,59,68,,
874,entry,60,35,,
874,entry,68,0,,
874,entry,69,30,,
874,entry,70,8,,
874,entry,79,80,,2 4
874,entry,80,18,,
874,entry,90,36,,
874,start,2,,28,
874,start,3,59,,
874,start,4,50,,
874,start,5,17,,
874,start,6,49,,
874,start,7,60,,
874,start,8,20,,
874,start,9,57,,
875,entry,0,6,,
875,entry,2,,55,
875,entry,3,29,,
875,entry,4,36,,
875,entry,5,14,,5
875,entry,6,25,,
875,entry,7,4,,
875,entry,8,40,,
875,entry,9,,46,
875,entry,10,26,,
875,entry,13,8,,
875,entry,14,38,,
875,entry,15,,37,7
875,entry,16,18,,
875,entry,17,35,,
875,entry,18,57,,6
875,entry,19,28,,
875,entry,20,46,,
875,entry,24,79,,8
875,entry,25,15,,
875,entry,26,68,,
875,entry,27,17,,
875,entry,28,59,,
875,entry,29,90,,
875,entry,30,37,,2
875,entry,35,,73,
875,entry,36,,82,
875,entry,37,39,,
875,entry,38,69,,
875,entry,39,16,,1
875,entry,40,58,,
875,entry,46,49,,
875,entry,47,9,,
875,entry,48,80,,
875,entry,49,7,,
875,entry,50,20,,
875,entry,57,19,,4
875,entry,58,13,,
875,entry,59,70,,
875,entry,60,30,,
875,entry,68,3,,
875,entry,69,48,,
875,entry,70,10,,
875,entry,79,,19,
875,entry,80,50,,
875,entry,90,60,,3
875,start,2,,64,
875,start,3,27,,
875,start,4,24,,
875,start,5,2,,
875,start,6,47,,
875,start,7,,28,
875,start,8,5,,
875,start,9,0,,
876,entry,0,46,,
876,entry,2,20,,
876,entry,3,70,,
876,entry,4,,19,
876,entry,5,49,,
876,entry,6,57,,
876,entry,7,37,,6
876,entry,8,,46,
876,entry,9,,55,
876,entry,10,,64,
876,entry,13,,28,
876,entry,14,2,,4
876,entry,15,,82,7
876,entry,16,69,,
876,entry,17,40,,
876,entry,18,16,,
876,entry,19,6,,
876,entry,20,7,,
876,entry,24,48,,
876,entry,25,18,,
876,entry,26,27,,
876,entry,27,50,,3
876,entry,28,17,,
876,entry,29,38,,
876,entry,30,9,,1
876,entry,35,59,,
876,entry,36,,73,
876,entry,37,15,,
876,entry,38,5,,
876,entry,39,80,,
876,entry,40,19,,
876,entry,46,10,,
876,entry,47,36,,
876,entry,48,79,,
876,entry,49,0,,
876,entry,50,29,,
876,entry,57,47,,
876,entry,58,25,,
876,entry,59,60,,2
876,entry,60,39,,
876,entry,68,26,,
876,entry,69,68,,
876,entry,70,3,,
876,entry,79,14,,8
876,entry,80,13,,
876,entry,90,,37,
876,start,2,28,,5
876,start,3,58,,
876,start,4,30,,
876,start,5,35,,
876,start,6,90,,
876,start,7,4,,
876,start,8,8,,
876,start,9,24,,
877,entry,0,,28,
877,entry,2,24,,
877,entry,3,49,,
877,entry,4,70,,
877,entry,5,,19,
877,entry,6,9,,
877,entry,7,58,,7
877,entry,8,3,,
877,entry,9,68,,
877,entry,10,6,,
877,entry,13,59,,
877,entry,14,80,,1
877,entry,15,17,,
877,entry,16,47,,8
877,entry,17,16,,
877,entry,18,13,,
877,entry,19,28,,6
877,entry,20,8,,
877,entry,24,37,,
877,entry,25,27,,
877,entry,26,,73,
877,entry,27,36,,2 4
877,entry,28,,37,
877,entry,29,25,,
877,entry,30,18,,
877,entry,35,26,,
877,entry,36,38,,
877,entry,37,10,,5
877,entry,38,4,,
877,entry,39,35,,
877,entry,40,69,,
877,entry,46,,64,3
877,entry,47,30,,
877,entry,48,19,,
877,entry,49,,55,
877,entry,50,50,,
877,entry,57,79,,
877,entry,58,2,,
877,entry,59,,46,
877,entry,60,60,,
877,entry,68,48,,
877,entry,69,46,,
877,entry,70,40,,
877,entry,79,14,,
877,entry,80,29,,
877,entry,90,39,,
877,start,2,5,,
877,start,3,0,,
877,start,4,90,,
877,start,5,15,,
877,start,6,,82,
877,start,7,7,,
877,start,8,20,,
877,start,9,57,,
878,entry,0,47,,
878,entry,2,20,,
878,entry,3,3,,3
878,entry,4,46,,
878,entry,5,9,,
878,entry,6,2,,2
878,entry,7,16,,
878,entry,8,17,,
878,entry,9,90,,
878,entry,10,15,,
878,entry,13,49,,
878,entry,14,,28,6
878,entry,15,58,,
878,entry,16,35,,
878,entry,17,60,,
878,entry,18,27,,
878,entry,19,59,,
878,entry,20,26,,
878,entry,24,4,,
878,entry,25,6,,
878,entry,26,,55,
878,entry,27,8,,
878,entry,28,37,,
878,entry,29,69,,
878,entry,30,38,,
878,entry,35,36,,
878,entry,36,29,,
878,entry,37,18,,
878,entry,38,68,,
878,entry,39,79,,8
878,entry,40,70,,
878,entry,46,39,,4
878,entry,47,57,,
878,entry,48,7,,
878,entry,49,10,,
878,entry,50,80,,
878,entry,57,,46,7
878,entry,58,28,,5
878,entry,59,48,,
878,entry,60,13,,
878,entry,68,19,,
878,entry,69,,19,
878,entry,70,30,,1
878,entry,79,25,,
878,entry,80,24,,
878,entry,90,40,,
878,start,2,14,,
878,start,3,,64,
878,start,4,50,,
878,start,5,,82,
878,start,6,,73,
878,start,7,,37,
878,start,8,5,,
878,start,9,0,,
879,entry,0,16,,
879,entry,2,15,,3
879,entry,3,36,,
879,entry,4,69,,
879,entry,5,79,,
879,entry,6,25,,2
879,entry,7,58,,
879,entry,8,9,,
879,entry,9,,28,
879,entry,10,57,,
879,entry,13,5,,
879,entry,14,80,,
879,entry,15,17,,
879,entry,16,20,,
879,entry,17,35,,
879,entry,18,3,,
879,entry,19,48,,
879,entry,20,,73,
879,entry,24,90,,
879,entry,25,30,,
879,entry,26,18,,
879,entry,27,,55,
879,entry,28,68,,5
879,entry,29,13,,
879,entry,30,19,,
879,entry,35,59,,
879,entry,36,28,,
879,entry,37,40,,
879,entry,38,39,,
879,entry,39,,37,4
879,entry,40,38,,
879,entry,46,2,,1 7
879,entry,47,50,,
879,entry,48,49,,
879,entry,49,,46,6
879,entry,50,4,,
879,entry,57,60,,
879,entry,58,46,,
879,entry,59,26,,
879,entry,60,70,,
879,entry,68,,64,
879,entry,69,,19,
879,entry,70,27,,
879,entry,79,,82,
879,entry,80,37,,
879,entry,90,47,,
879,start,2,7,,
879,start,3,10,,
879,start,4,6,,
879,start,5,14,,8
879,start,6,29,,
879,start,7,0,,
879,start,8,8,,
879,start,9,24,,
880,entry,0,3,,
880,entry,2,,82,
880,entry,3,,73,
880,entry,4,24,,
880,entry,5,7,,
880,entry,6,70,,3
880,entry,7,,19,
880,entry,8,17,,
880,entry,9,6,,
880,entry,10,69,,
880,entry,13,28,,
880,entry,14,,46,
880,entry,15,39,,
880,entry,16,,28,
880,entry,17,2,,
880,entry,18,80,,2 4
880,entry,19,37,,
880,entry,20,29,,5
880,entry,24,5,,
880,entry,25,,64,
880,entry,26,36,,
880,entry,27,4,,
880,entry,28,18,,
880,entry,29,38,,
880,entry,30,14,,
880,entry,35,19,,1
880,entry,36,46,,
880,entry,37,16,,
880,entry,38,47,,8
880,entry,39,13,,
880,entry,40,9,,
880,entry,46,27,,7
880,entry,47,15,,
880,entry,48,59,,
880,entry,49,8,,
880,entry,50,30,,
880,entry,57,25,,6
880,entry,58,,37,
880,entry,59,49,,
880,entry,60,40,,
880,entry,68,90,,
880,entry,69,35,,
880,entry,70,58,,
880,entry,79,,55,
880,entry,80,68,,
880,entry,90,79,,
880,start,2,26,,
880,start,3,10,,
880,start,4,50,,
880,start,5,48,,
880,start,6,0,,
880,start,7,60,,
880,start,8,20,,
880,start,9,57,,
881,entry,0,35,,
881,entry,2,24,,
881,entry,3,,73,
881,entry,4,79,,8
881,entry,5,48,,
881,entry,6,28,,
881,entry,7,20,,
881,entry,8,16,,
881,entry,9,,46,5
881,entry,10,70,,
881,entry,13,3,,
881,entry,14,10,,
881,entry,15,,19,
881,entry,16,90,,
881,entry,17,30,,
881,entry,18,47,,
881,entry,19,8,,
881,entry,20,59,,
881,entry,24,15,,
881,entry,25,40,,
881,entry,26,9,,1
881,entry,27,13,,
881,entry,28,,82,
881,entry,29,,55,
881,entry,30,29,,
881,entry,35,57,,6
881,entry,36,60,,
881,entry,37,,37,
881,entry,38,46,,
881,entry,39,6,,
881,entry,40,39,,4
881,entry,46,14,,7
881,entry,47,4,,3
881,entry,48,37,,
881,entry,49,27,,
881,entry,50,25,,
881,entry,57,36,,
881,entry,58,,64,2
881,entry,59,38,,
881,entry,60,18,,
881,entry,68,58,,
881,entry,69,80,,
881,entry,70,7,,
881,entry,79,49,,
881,entry,80,17,,
881,entry,90,69,,
881,start,2,50,,
881,start,3,68,,
881,start,4,26,,
881,start,5,2,,
881,start,6,19,,
881,start,7,,28,
881,start,8,5,,
881,start,9,0,,
882,entry,0,10,,
882,entry,2,36,,
882,entry,3,50,,3
882,entry,4,0,,
882,entry,5,13,,
882,entry,6,60,,2
882,entry,7,59,,
882,entry,8,70,,
882,entry,9,14,,8
882,entry,10,20,,
882,entry,13,27,,
882,entry,14,4,,6
882,entry,15,17,,
882,entry,16,68,,
882,entry,17,2,,
882,entry,18,5,,1
882,entry,19,,46,4
882,entry,20,57,,
882,entry,24,40,,
882,entry,25,79,,
882,entry,26,80,,
882,entry,27,,28,
882,entry,28,46,,
882,entry,29,48,,
882,entry,30,,37,
882,entry,35,37,,
882,entry,36,90,,
882,entry,37,15,,
882,entry,38,,64,
882,entry,39,16,,
882,entry,40,35,,
882,entry,46,3,,
882,entry,47,25,,
882,entry,48,7,,
882,entry,49,29,,
882,entry,50,,73,
882,entry,57,38,,
882,entry,58,39,,
882,entry,59,,82,
882,entry,60,6,,
882,entry,68,49,,
882,entry,69,9,,
882,entry,70,,55,7
882,entry,79,19,,
882,entry,80,18,,
882,entry,90,47,,
882,start,2,28,,5
882,start,3,58,,
882,start,4,30,,
882,start,5,,19,
882,start,6,26,,
882,start,7,69,,
882,start,8,8,,
882,start,9,24,,
883,entry,0,,73,7
883,entry,2,10,,
883,entry,3,13,,
883,entry,4,2,,
883,entry,5,,55,
883,entry,6,39,,
883,entry,7,18,,
883,entry,8,7,,
883,entry,9,47,,8
883,entry,10,30,,
883,entry,13,19,,
883,entry,14,,28,
883,entry,15,,46,
883,entry,16,38,,
883,entry,17,49,,
883,entry,18,58,,
883,entry,19,26,,3
883,entry,20,,37,
883,entry,24,3,,
883,entry,25,48,,
883,entry,26,28,,6
883,entry,27,50,,
883,entry,28,68,,
883,entry,29,0,,
883,entry,30,4,,2 4
883,entry,35,,19,
883,entry,36,25,,
883,entry,37,60,,
883,entry,38,24,,
883,entry,39,46,,
883,entry,40,69,,5
883,entry,46,35,,
883,entry,47,16,,
883,entry,48,90,,
883,entry,49,,64,
883,entry,50,40,,
883,entry,57,29,,
883,entry,58,6,,
883,entry,59,,82,
883,entry,60,70,,
883,entry,68,8,,
883,entry,69,80,,
883,entry,70,17,,
883,entry,79,14,,1
883,entry,80,27,,
883,entry,90,37,,
883,start,2,5,,
883,start,3,59,,
883,start,4,79,,
883,start,5,15,,
883,start,6,9,,
883,start,7,36,,
883,start,8,20,,
883,start,9,57,,
884,entry,0,90,,
884,entry,2,40,,
884,entry,3,30,,1
884,entry,4,60,,
884,entry,5,47,,
884,entry,6,,28,6
884,entry,7,24,,4 7
884,entry,8,3,,
884,entry,9,49,,
884,entry,10,25,,
884,entry,13,14,,
884,entry,14,70,,
884,entry,15,18,,
884,entry,16,,37,
884,entry,17,,82,
884,entry,18,79,,8
884,entry,19,59,,
884,entry,20,7,,
884,entry,24,80,,
884,entry,25,,73,
884,entry,26,57,,3
884,entry,27,58,,
884,entry,28,8,,
884,entry,29,69,,
884,entry,30,17,,
884,entry,35,38,,
884,entry,36,15,,
884,entry,37,6,,
884,entry,38,2,,2
884,entry,39,28,,5
884,entry,40,27,,
884,entry,46,20,,
884,entry,47,37,,
884,entry,48,35,,
884,entry,49,9,,
884,entry,50,48,,
884,entry,57,,64,
884,entry,58,,55,
884,entry,59,16,,
884,entry,60,,19,
884,entry,68,,46,
884,entry,69,50,,
884,entry,70,19,,
884,entry,79,36,,
884,entry,80,29,,
884,entry,90,39,,
884,start,2,4,,
884,start,3,46,,
884,start,4,10,,
884,start,5,68,,
884,start,6,26,,
884,start,7,13,,
884,start,8,5,,
884,start,9,0,,
885,entry,0,38,,
885,entry,2,19,,
885,entry,3,59,,
885,entry,4,,46,
885,entry,5,5,,
885,entry,6,37,,
885,entry,7,18,,
885,entry,8,27,,
885,entry,9,,55,
885,entry,10,48,,
885,entry,13,70,,
885,entry,14,4,,
885,entry,15,15,,3
885,entry,16,47,,
885,entry,17,28,,
885,entry,18,79,,
885,entry,19,29,,
885,entry,20,60,,
885,entry,24,6,,
885,entry,25,,28,
885,entry,26,57,,
885,entry,27,9,,1 7
885,entry,28,3,,
885,entry,29,68,,5
885,entry,30,16,,
885,entry,35,14,,8
885,entry,36,,73,
885,entry,37,,64,
885,entry,38,13,,
885,entry,39,36,,
885,entry,40,39,,
885,entry,46,90,,
885,entry,47,7,,
885,entry,48,,37,
885,entry,49,46,,
885,entry,50,49,,4
885,entry,57,30,,
885,entry,58,25,,2
885,entry,59,,19,
885,entry,60,80,,6
885,entry,68,20,,
885,entry,69,40,,
885,entry,70,58,,
885,entry,79,17,,
885,entry,80,,82,
885,entry,90,35,,
885,start,2,50,,
885,start,3,10,,
885,start,4,2,,
885,start,5,69,,
885,start,6,26,,
885,start,7,0,,
885,start,8,8,,
885,start,9,24,,
886,entry,0,0,,
886,entry,2,79,,
886,entry,3,70,,3
886,entry,4,59,,
886,entry,5,90,,
886,entry,6,80,,2 4
886,entry,7,58,,
886,entry,8,38,,
886,entry,9,28,,
886,entry,10,47,,8
886,entry,13,30,,
886,entry,14,15,,
886,entry,15,,19,
886,entry,16,,55,
886,entry,17,35,,
886,entry,18,48,,
886,entry,19,,82,
886,entry,20,27,,
886,entry,24,25,,6
886,entry,25,2,,7
886,entry,26,3,,
886,entry,27,7,,
886,entry,28,,64,
886,entry,29,40,,
886,entry,30,39,,
886,entry,35,49,,
886,entry,36,46,,
886,entry,37,6,,
886,entry,38,26,,
886,entry,39,16,,
886,entry,40,17,,
886,entry,46,68,,
886,entry,47,8,,
886,entry,48,36,,
886,entry,49,29,,5
886,entry,50,19,,1
886,entry,57,37,,
886,entry,58,,28,
886,entry,59,14,,
886,entry,60,24,,
886,entry,68,,37,
886,entry,69,9,,
886,entry,70,,46,
886,entry,79,,73,
886,entry,80,5,,
886,entry,90,13,,
886,start,2,69,,
886,start,3,10,,
886,start,4,50,,
886,start,5,4,,
886,start,6,18,,
886,start,7,60,,
886,start,8,20,,
886,start,9,57,,
887,entry,0,15,,
887,entry,2,26,,
887,entry,3,38,,
887,entry,4,19,,
887,entry,5,,37,
887,entry,6,24,,
887,entry,7,,82,
887,entry,8,48,,
887,entry,9,17,,
887,entry,10,,73,
887,entry,13,70,,
887,entry,14,29,,7
887,entry,15,46,,
887,entry,16,,46,4
887,entry,17,3,,
887,entry,18,,19,
887,entry,19,27,,3
887,entry,20,8,,
887,entry,24,4,,
887,entry,25,49,,5
887,entry,26,25,,
887,entry,27,39,,
887,entry,28,40,,
887,entry,29,69,,
887,entry,30,79,,8
887,entry,35,9,,
887,entry,36,18,,
887,entry,37,35,,
887,entry,38,57,,6
887,entry,39,28,,
887,entry,40,14,,
887,entry,46,47,,
887,entry,47,60,,
887,entry,48,,64,
887,entry,49,90,,
887,entry,50,16,,2
887,entry,57,36,,
887,entry,58,7,,
887,entry,59,,55,1
887,entry,60,58,,
887,entry,68,68,,
887,entry,69,50,,
887,entry,70,20,,
887,entry,79,37,,
887,entry,80,30,,
887,entry,90,80,,
887,start,2,10,,
887,start,3,13,,
887,start,4,59,,
887,start,5,2,,
887,start,6,6,,
887,start,7,,28,
887,start,8,5,,
887,start,9,0,,
888,entry,0,40,,
888,entry,2,6,,6
888,entry,3,17,,
888,entry,4,35,,
888,entry,5,68,,
888,entry,6,14,,8
888,entry,7,0,,
888,entry,8,80,,
888,entry,9,20,,
888,entry,10,50,,3
888,entry,13,57,,
888,entry,14,26,,
888,entry,15,3,,
888,entry,16,59,,
888,entry,17,10,,
888,entry,18,7,,
888,entry,19,37,,7
888,entry,20,16,,
888,entry,24,79,,
888,entry,25,13,,
888,entry,26,69,,
888,entry,27,90,,
888,entry,28,47,,
888,entry,29,18,,
888,entry,30,36,,
888,entry,35,,46,
888,entry,36,46,,
888,entry,37,,19,
888,entry,38,38,,
888,entry,39,19,,
888,entry,40,,73,
888,entry,46,60,,2
888,entry,47,2,,
888,entry,48,39,,
888,entry,49,5,,
888,entry,50,,82,
888,entry,57,4,,
888,entry,58,49,,1
888,entry,59,15,,4
888,entry,60,29,,
888,entry,68,9,,
888,entry,69,48,,
888,entry,70,,55,
888,entry,79,25,,
888,entry,80,27,,
888,entry,90,,64,
888,start,2,28,,5
888,start,3,58,,
888,start,4,30,,
888,start,5,,37,
888,start,6,70,,
888,start,7,,28,
888,start,8,8,,
888,start,9,24,,
889,entry,0,69,,
889,entry,2,70,,
889,entry,3,10,,2 4
889,entry,4,17,,
889,entry,5,4,,
889,entry,6,,46,
889,entry,7,39,,
889,entry,8,8,,
889,entry,9,79,,
889,entry,10,40,,
889,entry,13,47,,5 8
889,entry,14,27,,
889,entry,15,16,,
889,entry,16,14,,
889,entry,17,46,,
889,entry,18,18,,
889,entry,19,0,,1
889,entry,20,90,,
889,entry,24,26,,
889,entry,25,19,,
889,entry,26,,82,
889,entry,27,28,,6
889,entry,28,59,,
889,entry,29,13,,
889,entry,30,,64,
889,entry,35,48,,
889,entry,36,9,,
889,entry,37,25,,
889,entry,38,50,,
889,entry,39,68,,
889,entry,40,7,,
889,entry,46,,37,
889,entry,47,35,,
889,entry,48,60,,
889,entry,49,49,,
889,entry,50,,19,3
889,entry,57,,55,
889,entry,58,80,,
889,entry,59,24,,
889,entry,60,38,,
889,entry,68,29,,
889,entry,69,58,,
889,entry,70,,28,
889,entry,79,6,,
889,entry,80,3,,
889,entry,90,36,,7
889,start,2,5,,
889,start,3,37,,
889,start,4,,73,
889,start,5,15,,
889,start,6,30,,
889,start,7,2,,
889,start,8,20,,
889,start,9,57,,
890,entry,0,79,,8
890,entry,2,28,,5
890,entry,3,9,,
890,entry,4,29,,
890,entry,5,37,,
890,entry,6,40,,
890,entry,7,38,,
890,entry,8,46,,
890,entry,9,50,,
890,entry,10,16,,
890,entry,13,57,,
890,entry,14,39,,
890,entry,15,48,,
890,entry,16,90,,
890,entry,17,24,,
890,entry,18,27,,3
890,entry,19,60,,4
890,entry,20,14,,
890,entry,24,49,,
890,entry,25,,19,
890,entry,26,80,,
890,entry,27,,46,
890,entry,28,70,,
890,entry,29,69,,
890,entry,30,18,,
890,entry,35,19,,
890,entry,36,13,,
890,entry,37,26,,
890,entry,38,20,,
890,entry,39,58,,
890,entry,40,10,,
890,entry,46,,37,
890,entry,47,30,,1
890,entry,48,47,,
890,entry,49,6,,
890,entry,50,,73,
890,entry,57,7,,
890,entry,58,25,,
890,entry,59,68,,
890,entry,60,15,,
890,entry,68,17,,7
890,entry,69,3,,
890,entry,70,2,,2
890,entry,79,,28,6
890,entry,80,35,,
890,entry,90,,55,
890,start,2,,64,
890,start,3,,82,
890,start,4,4,,
890,start,5,59,,
890,start,6,8,,
890,start,7,36,,
890,start,8,5,,
890,start,9,0,,
891,entry,0,49,,
891,entry,2,6,,
891,entry,3,48,,
891,entry,4,59,,
891,entry,5,27,,
891,entry,6,,19,
891,entry,7,3,,1 7
891,entry,8,57,,
891,entry,9,68,,5
891,entry,10,69,,
891,entry,13,58,,
891,entry,14,,46,
891,entry,15,,82,
891,entry,16,2,,
891,entry,17,13,,
891,entry,18,,73,
891,entry,19,,64,
891,entry,20,4,,
891,entry,24,70,,
891,entry,25,9,,
891,entry,26,40,,
891,entry,27,38,,
891,entry,28,26,,
891,entry,29,7,,
891,entry,30,14,,4 8
891,entry,35,36,,
891,entry,36,5,,
891,entry,37,30,,
891,entry,38,25,,2
891,entry,39,50,,
891,entry,40,,55,6
891,entry,46,15,,3
891,entry,47,80,,
891,entry,48,20,,
891,entry,49,60,,
891,entry,50,16,,
891,entry,57,90,,
891,entry,58,18,,
891,entry,59,79,,
891,entry,60,,28,
891,entry,68,28,,
891,entry,69,37,,
891,entry,70,19,,
891,entry,79,47,,
891,entry,80,29,,
891,entry,90,,37,
891,start,2,39,,
891,start,3,10,,
891,start,4,17,,
891,start,5,35,,
891,start,6,46,,
891,start,7,0,,
891,start,8,8,,
891,start,9,24,,
892,entry,0,68,,
892,entry,2,58,,
892,entry,3,38,,
892,entry,4,29,,5
892,entry,5,28,,
892,entry,6,19,,1
892,entry,7,,19,
892,entry,8,,28,
892,entry,9,,55,
892,entry,10,30,,
892,entry,13,48,,
892,entry,14,14,,
892,entry,15,,82,
892,entry,16,24,,
892,entry,17,2,,
892,entry,18,0,,
892,entry,19,80,,2 4
892,entry,20,40,,
892,entry,24,9,,
892,entry,25,13,,
892,entry,26,,46,
892,entry,27,,73,
892,entry,28,10,,
892,entry,29,7,,
892,entry,30,4,,
892,entry,35,,37,7
892,entry,36,5,,
892,entry,37,35,,
892,entry,38,15,,
892,entry,39,16,,
892,entry,40,36,,
892,entry,46,26,,
892,entry,47,39,,
892,entry,48,25,,6
892,entry,49,27,,
892,entry,50,69,,
892,entry,57,17,,
892,entry,58,70,,3
892,entry,59,79,,
892,entry,60,,64,
892,entry,68,3,,
892,entry,69,8,,
892,entry,70,49,,
892,entry,79,18,,
892,entry,80,59,,
892,entry,90,37,,
892,start,2,90,,
892,start,3,6,,
892,start,4,50,,
892,start,5,46,,
892,start,6,47,,8
892,start,7,60,,
892,start,8,20,,
892,start,9,57,,
893,entry,0,6,,
893,entry,2,60,,1
893,entry,3,28,,
893,entry,4,37,,
893,entry,5,58,,
893,entry,6,10,,
893,entry,7,69,,
893,entry,8,18,,
893,entry,9,3,,
893,entry,10,26,,
893,entry,13,90,,
893,entry,14,68,,3
893,entry,15,20,,
893,entry,16,50,,
893,entry,17,,73,
893,entry,18,13,,7
893,entry,19,,37,
893,entry,20,48,,
893,entry,24,24,,
893,entry,25,30,,
893,entry,26,,46,
893,entry,27,38,,
893,entry,28,15,,
893,entry,29,35,,
893,entry,30,,19,
893,entry,35,27,,
893,entry,36,8,,
893,entry,37,47,,
893,entry,38,39,,
893,entry,39,16,,
893,entry,40,40,,
893,entry,46,80,,2
893,entry,47,19,,
893,entry,48,4,,5
893,entry,49,29,,
893,entry,50,57,,6
893,entry,57,79,,8
893,entry,58,,64,
893,entry,59,,82,
893,entry,60,49,,
893,entry,68,7,,
893,entry,69,9,,4
893,entry,70,59,,
893,entry,79,25,,
893,entry,80,36,,
893,entry,90,46,,
893,start,2,,55,
893,start,3,17,,
893,start,4,14,,
893,start,5,2,,
893,start,6,70,,
893,start,7,,28,
893,start,8,5,,
893,start,9,0,,
894,entry,0,38,,
894,entry,2,,55,
894,entry,3,,64,
894,entry,4,48,,
894,entry,5,18,,
894,entry,6,13,,
894,entry,7,50,,3
894,entry,8,3,,
894,entry,9,,73,
894,entry,10,57,,1
894,entry,13,7,,
894,entry,14,15,,
894,entry,15,37,,
894,entry,16,,46,
894,entry,17,26,,
894,entry,18,25,,
894,entry,19,,82,
894,entry,20,17,,
894,entry,24,19,,
894,entry,25,70,,
894,entry,26,46,,
894,entry,27,36,,
894,entry,28,79,,
894,entry,29,20,,
894,entry,30,27,,
894,entry,35,5,,4
894,entry,36,10,,
894,entry,37,6,,
894,entry,38,4,,
894,entry,39,60,,2
894,entry,40,0,,
894,entry,46,35,,7
894,entry,47,16,,
894,entry,48,14,,8
894,entry,49,68,,
894,entry,50,29,,
894,entry,57,47,,
894,entry,58,,37,6
894,entry,59,69,,
894,entry,60,39,,
894,entry,68,40,,
894,entry,69,80,,
894,entry,70,49,,
894,entry,79,,28,
894,entry,80,,19,
894,entry,90,2,,
894,start,2,28,,5
894,start,3,58,,
894,start,4,30,,
894,start,5,90,,
894,start,6,9,,
894,start,7,59,,
894,start,8,8,,
894,start,9,24,,
895,entry,0,14,,
895,entry,2,80,,
895,entry,3,7,,
895,entry,4,,55,
895,entry,5,26,,
895,entry,6,50,,
895,entry,7,24,,
895,entry,8,2,,
895,entry,9,36,,
895,entry,10,48,,
895,entry,13,70,,
895,entry,14,,46,
895,entry,15,28,,6
895,entry,16,60,,
895,entry,17,38,,
895,entry,18,68,,
895,entry,19,59,,
895,entry,20,19,,
895,entry,24,16,,7
895,entry,25,25,,
895,entry,26,4,,
895,entry,27,6,,
895,entry,28,46,,
895,entry,29,69,,
895,entry,30,,73,
895,entry,35,35,,
895,entry,36,29,,
895,entry,37,8,,
895,entry,38,,64,1
895,entry,39,,82,
895,entry,40,3,,
895,entry,46,39,,
895,entry,47,18,,
895,entry,48,,28,
895,entry,49,9,,
895,entry,50,13,,
895,entry,57,0,,
895,entry,58,30,,
895,entry,59,10,,3
895,entry,60,58,,
895,entry,68,40,,
895,entry,69,47,,8
895,entry,70,79,,2 4
895,entry,79,,19,
895,entry,80,27,,5
895,entry,90,,37,
895,start,2,5,,
895,start,3,17,,
895,start,4,37,,
895,start,5,15,,
895,start,6,49,,
895,start,7,90,,
895,start,8,20,,
895,start,9,57,,
896,entry,0,,19,
896,entry,2,48,,
896,entry,3,8,,
896,entry,4,90,,
896,entry,5,,82,
896,entry,6,,64,
896,entry,7,,28,6
896,entry,8,80,,
896,entry,9,27,,
896,entry,10,7,,
896,entry,13,18,,
896,entry,14,57,,
896,entry,15,30,,1
896,entry,16,36,,
896,entry,17,19,,
896,entry,18,13,,4
896,entry,19,60,,
896,entry,20,69,,
896,entry,24,,73,
896,entry,25,39,,
896,entry,26,38,,
896,entry,27,26,,3
896,entry,28,4,,
896,entry,29,70,,
896,entry,30,79,,8
896,entry,35,40,,
896,entry,36,37,,
896,entry,37,50,,
896,entry,38,58,,
896,entry,39,15,,
896,entry,40,3,,
896,entry,46,68,,
896,entry,47,20,,
896,entry,48,6,,
896,entry,49,46,,
896,entry,50,59,,
896,entry,57,47,,
896,entry,58,24,,
896,entry,59,2,,2
896,entry,60,49,,7
896,entry,68,,46,
896,entry,69,35,,
896,entry,70,28,,5
896,entry,79,,55,
896,entry,80,14,,
896,entry,90,16,,
896,start,2,29,,
896,start,3,10,,
896,start,4,17,,
896,start,5,,37,
896,start,6,25,,
896,start,7,9,,
896,start,8,5,,
896,start,9,0,,
897,entry,0,90,,
897,entry,2,80,,
897,entry,3,,46,
897,entry,4,,37,
897,entry,5,35,,
897,entry,6,,73,
897,entry,7,29,,
897,entry,8,,28,
897,entry,9,20,,
897,entry,10,36,,
897,entry,13,68,,5
897,entry,14,49,,
897,entry,15,,55,4
897,entry,16,,82,
897,entry,17,39,,
897,entry,18,3,,
897,entry,19,18,,
897,entry,20,46,,
897,entry,24,59,,
897,entry,25,17,,6
897,entry,26,9,,
897,entry,27,60,,
897,entry,28,13,,
897,entry,29,28,,
897,entry,30,48,,
897,entry,35,19,,
897,entry,36,7,,
897,entry,37,14,,8
897,entry,38,26,,
897,entry,39,4,,1 7
897,entry,40,58,,
897,entry,46,38,,
897,entry,47,6,,
897,entry,48,5,,
897,entry,49,,19,
897,entry,50,27,,
897,entry,57,70,,
897,entry,58,15,,3
897,entry,59,79,,
897,entry,60,37,,
897,entry,68,57,,
897,entry,69,30,,
897,entry,70,40,,
897,entry,79,2,,
897,entry,80,50,,
897,entry,90,25,,2
897,start,2,,64,
897,start,3,10,,
897,start,4,47,,
897,start,5,16,,
897,start,6,69,,
897,start,7,0,,
897,start,8,8,,
897,start,9,24,,
898,entry,0,68,,
898,entry,2,59,,
898,entry,3,2,,
898,entry,4,25,,6
898,entry,5,40,,
898,entry,6,26,,
898,entry,7,8,,
898,entry,8,6,,
898,entry,9,17,,
898,entry,10,39,,
898,entry,13,,28,
898,entry,14,70,,3
898,entry,15,10,,
898,entry,16,37,,
898,entry,17,18,,
898,entry,18,35,,
898,entry,19,27,,
898,entry,20,58,,
898,entry,24,7,,
898,entry,25,90,,
898,entry,26,0,,
898,entry,27,3,,
898,entry,28,,55,
898,entry,29,29,,5
898,entry,30,19,,1
898,entry,35,15,,
898,entry,36,4,,7
898,entry,37,49,,
898,entry,38,16,,
898,entry,39,14,,
898,entry,40,24,,
898,entry,46,30,,
898,entry,47,80,,2 4
898,entry,48,46,,
898,entry,49,9,,
898,entry,50,,46,
898,entry,57,48,,
898,entry,58,79,,
898,entry,59,69,,
898,entry,60,5,,
898,entry,68,38,,
898,entry,69,47,,8
898,entry,70,36,,
898,entry,79,,73,
898,entry,80,28,,
898,entry,90,,82,
898,start,2,,19,
898,start,3,,37,
898,start,4,50,,
898,start,5,,64,
898,start,6,13,,
898,start,7,60,,
898,start,8,20,,
898,start,9,57,,
899,entry,0,40,,
899,entry,2,,19,
899,entry,3,49,,
899,entry,4,90,,
899,entry,5,29,,
899,entry,6,8,,2
899,entry,7,70,,
899,entry,8,27,,5
899,entry,9,80,,
899,entry,10,57,,6
899,entry,13,48,,
899,entry,14,15,,1
899,entry,15,39,,3
899,entry,16,58,,
899,entry,17,46,,
899,entry,18,,46,
899,entry,19,50,,
899,entry,20,,37,
899,entry,24,79,,8
899,entry,25,68,,
899,entry,26,20,,
899,entry,27,,64,
899,entry,28,26,,
899,entry,29,60,,4
899,entry,30,4,,
899,entry,35,28,,
899,entry,36,30,,
899,entry,37,7,,7
899,entry,38,36,,
899,entry,39,25,,
899,entry,40,14,,
899,entry,46,19,,
899,entry,47,,82,
899,entry,48,16,,
899,entry,49,18,,
899,entry,50,24,,
899,entry,57,47,,
899,entry,58,38,,
899,entry,59,,55,
899,entry,60,3,,
899,entry,68,9,,
899,entry,69,6,,
899,entry,70,17,,
899,entry,79,13,,
899,entry,80,35,,
899,entry,90,10,,
899,start,2,69,,
899,start,3,59,,
899,start,4,37,,
899,start,5,2,,
899,start,6,,73,
899,start,7,,28,
899,start,8,5,,
899,start,9,0,,
900,entry,0,48,,
900,entry,2,38,,4
900,entry,3,90,,
900,entry,4,9,,
900,entry,5,,19,
900,entry,6,50,,3
900,entry,7,,28,
900,entry,8,49,,
900,entry,9,,82,
900,entry,10,2,,
900,entry,13,39,,
900,entry,14,29,,7
900,entry,15,57,,
900,entry,16,3,,
900,entry,17,79,,
900,entry,18,60,,2
900,entry,19,4,,
900,entry,20,,37,
900,entry,24,18,,
900,entry,25,19,,
900,entry,26,36,,
900,entry,27,13,,
900,entry,28,68,,
900,entry,29,14,,8
900,entry,30,69,,
900,entry,35,59,,
900,entry,36,5,,
900,entry,37,70,,
900,entry,38,,55,
900,entry,39,,46,
900,entry,40,80,,
900,entry,46,15,,
900,entry,47,,73,6
900,entry,48,6,,
900,entry,49,17,,
900,entry,50,0,,
900,entry,57,40,,
900,entry,58,37,,
900,entry,59,27,,
900,entry,60,10,,
900,entry,68,47,,
900,entry,69,46,,
900,entry,70,20,,1
900,entry,79,,64,
900,entry,80,25,,
900,entry,90,26,,
900,start,2,28,,5
900,start,3,58,,
900,start,4,30,,
900,start,5,16,,
900,start,6,7,,
900,start,7,35,,
900,start,8,8,,
900,start,9,24,,
901,entry,0,60,,
901,entry,2,50,,
901,entry,3,18,,
901,entry,4,3,,
901,entry,5,47,,8
901,entry,6,27,,
901,entry,7,30,,
901,entry,8,69,,
901,entry,9,80,,
901,entry,10,70,,
901,entry,13,,37,
901,entry,14,6,,
901,entry,15,14,,
901,entry,16,37,,
901,entry,17,40,,
901,entry,18,79,,
901,entry,19,36,,
901,entry,20,29,,
901,entry,24,8,,
901,entry,25,13,,
901,entry,26,58,,
901,entry,27,,64,
901,entry,28,48,,
901,entry,29,,82,
901,entry,30,39,,
901,entry,35,24,,
901,entry,36,16,,
901,entry,37,59,,
901,entry,38,46,,2 4
901,entry,39,9,,
901,entry,40,49,,
901,entry,46,26,,1
901,entry,47,7,,3
901,entry,48,90,,5
901,entry,49,,73,
901,entry,50,28,,6
901,entry,57,2,,
901,entry,58,0,,
901,entry,59,38,,
901,entry,60,25,,
901,entry,68,4,,
901,entry,69,19,,
901,entry,70,35,,
901,entry,79,,28,
901,entry,80,,55,
901,entry,90,,46,
901,start,2,5,,
901,start,3,10,,
901,start,4,,19,
901,start,5,15,,
901,start,6,68,,7
901,start,7,17,,
901,start,8,20,,
901,start,9,57,,
902,entry,0,,73,
902,entry,2,57,,
902,entry,3,10,,
902,entry,4,68,,
902,entry,5,46,,
902,entry,6,20,,
902,entry,7,8,,
902,entry,8,35,,
902,entry,9,70,,
902,entry,10,48,,
902,entry,13,49,,
902,entry,14,40,,
902,entry,15,,64,
902,entry,16,47,,
902,entry,17,18,,
902,entry,18,,55,
902,entry,19,16,,
902,entry,20,,19,
902,entry,24,90,,
902,entry,25,7,,
902,entry,26,4,,
902,entry,27,,28,6
902,entry,28,59,,
902,entry,29,36,,
902,entry,30,14,,
902,entry,35,30,,1
902,entry,36,13,,
902,entry,37,27,,
902,entry,38,69,,4
902,entry,39,15,,
902,entry,40,24,,
902,entry,46,38,,
902,entry,47,80,,3
902,entry,48,60,,
902,entry,49,25,,
902,entry,50,,46,
902,entry,57,79,,8
902,entry,58,58,,
902,entry,59,9,,
902,entry,60,19,,
902,entry,68,6,,
902,entry,69,,37,
902,entry,70,29,,
902,entry,79,2,,2
902,entry,80,3,,
902,entry,90,28,,5
902,start,2,37,,
902,start,3,39,,
902,start,4,26,,
902,start,5,50,,
902,start,6,,82,7
902,start,7,17,,
902,start,8,5,,
902,start,9,0,,
903,entry,0,,28,
903,entry,2,2,,
903,entry,3,15,,3
903,entry,4,16,,
903,entry,5,30,,
903,entry,6,18,,
903,entry,7,50,,
903,entry,8,68,,5
903,entry,9,57,,
903,entry,10,14,,8
903,entry,13,59,,
903,entry,14,,64,
903,entry,15,35,,
903,entry,16,28,,
903,entry,17,60,,
903,entry,18,79,,
903,entry,19,,73,4
903,entry,20,58,,
903,entry,24,5,,
903,entry,25,,55,
903,entry,26,27,,1 7
903,entry,27,,37,
903,entry,28,69,,
903,entry,29,19,,6
903,entry,30,,82,
903,entry,35,6,,
903,entry,36,80,,
903,entry,37,4,,
903,entry,38,7,,
903,entry,39,46,,
903,entry,40,70,,
903,entry,46,90,,
903,entry,47,25,,2
903,entry,48,37,,
903,entry,49,17,,
903,entry,50,,19,
903,entry,57,20,,
903,entry,58,39,,
903,entry,59,3,,
903,entry,60,26,,
903,entry,68,40,,
903,entry,69,13,,
903,entry,70,36,,
903,entry,79,47,,
903,entry,80,48,,
903,entry,90,29,,
903,start,2,38,,
903,start,3,10,,
903,start,4,49,,
903,start,5,9,,
903,start,6,,46,
903,start,7,0,,
903,start,8,8,,
903,start,9,24,,
904,entry,0,46,,
904,entry,2,80,,2 4
904,entry,3,4,,
904,entry,4,36,,
904,entry,5,,73,
904,entry,6,0,,
904,entry,7,,82,
904,entry,8,6,,
904,entry,9,25,,6
904,entry,10,2,,
904,entry,13,18,,
904,entry,14,40,,
904,entry,15,,19,
904,entry,16,10,,
904,entry,17,27,,
904,entry,18,19,,1
904,entry,19,70,,3
904,entry,20,26,,
904,entry,24,,37,
904,entry,25,3,,
904,entry,26,90,,7
904,entry,27,37,,
904,entry,28,24,,
904,entry,29,17,,
904,entry,30,48,,
904,entry,35,38,,
904,entry,36,30,,
904,entry,37,29,,5
904,entry,38,,46,
904,entry,39,59,,
904,entry,40,,55,
904,entry,46,47,,8
904,entry,47,14,,
904,entry,48,5,,
904,entry,49,69,,
904,entry,50,,64,
904,entry,57,9,,
904,entry,58,,28,
904,entry,59,79,,
904,entry,60,7,,
904,entry,68,28,,
904,entry,69,8,,
904,entry,70,58,,
904,entry,79,39,,
904,entry,80,68,,
904,entry,90,15,,
904,start,2,49,,
904,start,3,35,,
904,start,4,50,,
904,start,5,13,,
904,start,6,16,,
904,start,7,60,,
904,start,8,20,,
904,start,9,57,,
905,entry,0,,46,
905,entry,2,38,,
905,entry,3,50,,
905,entry,4,13,,5
905,entry,5,18,,
905,entry,6,24,,
905,entry,7,39,,
905,entry,8,27,,
905,entry,9,30,,
905,entry,10,,82,
905,entry,13,47,,
905,entry,14,79,,8
905,entry,15,6,,
905,entry,16,9,,
905,entry,17,59,,
905,entry,18,49,,
905,entry,19,26,,
905,entry,20,60,,
905,entry,24,10,,
905,entry,25,16,,
905,entry,26,37,,
905,entry,27,69,,
905,entry,28,48,,
905,entry,29,36,,
905,entry,30,70,,7
905,entry,35,19,,
905,entry,36,68,,4
905,entry,37,3,,
905,entry,38,,19,
905,entry,39,46,,3
905,entry,40,15,,
905,entry,46,25,,
905,entry,47,80,,
905,entry,48,40,,
905,entry,49,4,,
905,entry,50,14,,
905,entry,57,35,,
905,entry,58,57,,6
905,entry,59,28,,
905,entry,60,7,,
905,entry,68,29,,
905,entry,69,90,,
905,entry,70,,55,2
905,entry,79,,73,1
905,entry,80,58,,
905,entry,90,20,,
905,start,2,17,,
905,start,3,,64,
905,start,4,,37,
905,start,5,2,,
905,start,6,8,,
905,start,7,,28,
905,start,8,5,,
905,start,9,0,,
906,entry,0,,64,
906,entry,2,46,,
906,entry,3,70,,1
906,entry,4,80,,
906,entry,5,48,,
906,entry,6,,73,7
906,entry,7,10,,
906,entry,8,39,,
906,entry,9,68,,
906,entry,10,,28,
906,entry,13,20,,
906,entry,14,90,,
906,entry,15,47,,
906,entry,16,18,,
906,entry,17,59,,
906,entry,18,27,,6
906,entry,19,4,,
906,entry,20,3,,
906,entry,24,,19,
906,entry,25,2,,
906,entry,26,49,,
906,entry,27,17,,
906,entry,28,40,,
906,entry,29,14,,8
906,entry,30,13,,
906,entry,35,69,,
906,entry,36,26,,
906,entry,37,57,,
906,entry,38,50,,3
906,entry,39,6,,
906,entry,40,35,,
906,entry,46,37,,4
906,entry,47,38,,
906,entry,48,19,,
906,entry,49,16,,
906,entry,50,,55,
906,entry,57,7,,
906,entry,58,36,,
906,entry,59,9,,
906,entry,60,5,,
906,entry,68,0,,
906,entry,69,79,,
906,entry,70,15,,
906,entry,79,29,,
906,entry,80,,82,
906,entry,90,60,,2
906,start,2,28,,5
906,start,3,58,,
906,start,4,30,,
906,start,5,,46,
906,start,6,25,,
906,start,7,,37,
906,start,8,8,,
906,start,9,24,,
907,entry,0,,55,
907,entry,2,35,,
907,entry,3,28,,6
907,entry,4,29,,
907,entry,5,16,,
907,entry,6,24,,
907,entry,7,37,,
907,entry,8,14,,
907,entry,9,69,,
907,entry,10,,46,
907,entry,13,25,,
907,entry,14,39,,
907,entry,15,50,,
907,entry,16,68,,
907,entry,17,36,,
907,entry,18,49,,
907,entry,19,79,,
907,entry,20,,82,
907,entry,24,,64,
907,entry,25,60,,
907,entry,26,6,,
907,entry,27,46,,1 7
907,entry,28,59,,
907,entry,29,27,,
907,entry,30,30,,
907,entry,35,10,,
907,entry,36,8,,
907,entry,37,,37,
907,entry,38,2,,3
907,entry,39,90,,2 4
907,entry,40,40,,
907,entry,46,18,,
907,entry,47,9,,
907,entry,48,48,,
907,entry,49,,73,5
907,entry,50,,19,
907,entry,57,4,,
907,entry,58,3,,
907,entry,59,0,,
907,entry,60,7,,
907,entry,68,13,,
907,entry,69,26,,
907,entry,70,17,,
907,entry,79,80,,
907,entry,80,19,,
907,entry,90,58,,
907,start,2,5,,
907,start,3,47,,8
907,start,4,38,,
907,start,5,15,,
907,start,6,70,,
907,start,7,,28,
907,start,8,20,,
907,start,9,57,,
908,entry,0,15,,
908,entry,2,70,,
908,entry,3,20,,
908,entry,4,29,,
908,entry,5,6,,
908,entry,6,,55,
908,entry,7,,46,
908,entry,8,60,,
908,entry,9,17,,
908,entry,10,38,,
908,entry,13,47,,
908,entry,14,59,,3 7
908,entry,15,3,,
908,entry,16,36,,
908,entry,17,26,,
908,entry,18,57,,
908,entry,19,79,,8
908,entry,20,68,,
908,entry,24,,64,
908,entry,25,69,,
908,entry,26,46,,4
908,entry,27,8,,
908,entry,28,,73,
908,entry,29,10,,
908,entry,30,,82,
908,entry,35,,28,6
908,entry,36,14,,
908,entry,37,25,,
908,entry,38,28,,5
908,entry,39,48,,
908,entry,40,9,,
908,entry,46,58,,
908,entry,47,2,,2
908,entry,48,24,,
908,entry,49,,19,
908,entry,50,30,,1
908,entry,57,35,,
908,entry,58,16,,
908,entry,59,80,,
908,entry,60,49,,
908,entry,68,37,,
908,entry,69,13,,
908,entry,70,40,,
908,entry,79,,37,
908,entry,80,90,,
908,entry,90,7,,
908,start,2,39,,
908,start,3,50,,
908,start,4,27,,
908,start,5,4,,
908,start,6,18,,
908,start,7,19,,
908,start,8,5,,
908,start,9,0,,
909,entry,0,68,,5
909,entry,2,,73,
909,entry,3,,37,
909,entry,4,39,,6
909,entry,5,46,,
909,entry,6,19,,
909,entry,7,15,,3
909,entry,8,30,,
909,entry,9,59,,
909,entry,10,60,,
909,entry,13,4,,
909,entry,14,,19,
909,entry,15,7,,
909,entry,16,70,,
909,entry,17,80,,
909,entry,18,6,,
909,entry,19,25,,2
909,entry,20,14,,8
909,entry,24,37,,
909,entry,25,,82,
909,entry,26,,55,
909,entry,27,3,,
909,entry,28,16,,
909,entry,29,20,,
909,entry,30,,28,
909,entry,35,9,,4
909,entry,36,79,,
909,entry,37,13,,
909,entry,38,17,,
909,entry,39,18,,
909,entry,40,26,,
909,entry,46,90,,
909,entry,47,40,,
909,entry,48,27,,
909,entry,49,28,,
909,entry,50,57,,
909,entry,57,,64,
909,entry,58,2,,
909,entry,59,47,,1 7
909,entry,60,38,,
909,entry,68,5,,
909,entry,69,,46,
909,entry,70,48,,
909,entry,79,35,,
909,entry,80,58,,
909,entry,90,49,,
909,start,2,36,,
909,start,3,10,,
909,start,4,69,,
909,start,5,29,,
909,start,6,50,,
909,start,7,0,,
909,start,8,8,,
909,start,9,24,,
910,entry,0,38,,
910,entry,2,,73,
910,entry,3,36,,
910,entry,4,13,,
910,entry,5,8,,
910,entry,6,,28,
910,entry,7,,46,
910,entry,8,37,,
910,entry,9,10,,
910,entry,10,48,,7
910,entry,13,,37,
910,entry,14,58,,
910,entry,15,18,,
910,entry,16,29,,5
910,entry,17,5,,
910,entry,18,2,,
910,entry,19,,64,
910,entry,20,,19,
910,entry,24,59,,
910,entry,25,47,,8
910,entry,26,14,,
910,entry,27,49,,
910,entry,28,26,,
910,entry,29,7,,
910,entry,30,80,,2 4
910,entry,35,3,,
910,entry,36,9,,
910,entry,37,28,,
910,entry,38,39,,
910,entry,39,15,,
910,entry,40,4,,
910,entry,46,6,,
910,entry,47,,82,
910,entry,48,16,,
910,entry,49,25,,6
910,entry,50,68,,
910,entry,57,,55,
910,entry,58,19,,1
910,entry,59,70,,3
910,entry,60,90,,
910,entry,68,24,,
910,entry,69,35,,
910,entry,70,46,,
910,entry,79,27,,
910,entry,80,79,,
910,entry,90,0,,
910,start,2,17,,
910,start,3,40,,
910,start,4,50,,
910,start,5,69,,
910,start,6,30,,
910,start,7,60,,
910,start,8,20,,
910,start,9,57,,
911,entry,0,24,,
911,entry,2,13,,
911,entry,3,16,,
911,entry,4,39,,
911,entry,5,8,,
911,entry,6,,37,
911,entry,7,29,,
911,entry,8,,82,
911,entry,9,90,,
911,entry,10,,64,2
911,entry,13,47,,
911,entry,14,27,,
911,entry,15,,55,
911,entry,16,4,,
911,entry,17,37,,
911,entry,18,9,,
911,entry,19,36,,1
911,entry,20,58,,
911,entry,24,6,,
911,entry,25,14,,
911,entry,26,68,,
911,entry,27,7,,
911,entry,28,10,,7
911,entry,29,19,,
911,entry,30,20,,
911,entry,35,38,,
911,entry,36,60,,5
911,entry,37,17,,4
911,entry,38,15,,
911,entry,39,79,,8
911,entry,40,30,,
911,entry,46,,73,
911,entry,47,25,,
911,entry,48,3,,
911,entry,49,48,,
911,entry,50,49,,
911,entry,57,18,,
911,entry,58,50,,
911,entry,59,,19,
911,entry,60,59,,
911,entry,68,35,,
911,entry,69,40,,
911,entry,70,69,,3
911,entry,79,57,,6
911,entry,80,80,,
911,entry,90,28,,
911,start,2,,46,
911,start,3,26,,
911,start,4,70,,
911,start,5,2,,
911,start,6,46,,
911,start,7,,28,
911,start,8,5,,
911,start,9,0,,
912,entry,0,6,,
912,entry,2,,55,
912,entry,3,,37,
912,entry,4,9,,
912,entry,5,,46,
912,entry,6,27,,
912,entry,7,29,,
912,entry,8,18,,
912,entry,9,15,,
912,entry,10,80,,
912,entry,13,4,,
912,entry,14,60,,2
912,entry,15,35,,
912,entry,16,37,,
912,entry,17,0,,
912,entry,18,39,,
912,entry,19,25,,
912,entry,20,79,,
912,entry,24,68,,
912,entry,25,,64,
912,entry,26,2,,
912,entry,27,10,,
912,entry,28,38,,
912,entry,29,49,,
912,entry,30,70,,
912,entry,35,7,,
912,entry,36,,28,
912,entry,37,20,,
912,entry,38,59,,4
912,entry,39,16,,
912,entry,40,5,,
912,entry,46,3,,
912,entry,47,46,,1
912,entry,48,48,,
912,entry,49,47,,
912,entry,50,17,,6
912,entry,57,26,,
912,entry,58,69,,
912,entry,59,19,,
912,entry,60,40,,
912,entry,68,,19,
912,entry,69,,82,
912,entry,70,50,,3
912,entry,79,57,,7
912,entry,80,90,,
912,entry,90,36,,
912,start,2,28,,5
912,start,3,58,,
912,start,4,30,,
912,start,5,14,,8
912,start,6,,73,
912,start,7,13,,
912,start,8,8,,
912,start,9,24,,
913,entry,0,79,,
913,entry,2,,46,
913,entry,3,35,,
913,entry,4,2,,
913,entry,5,60,,
913,entry,6,6,,
913,entry,7,40,,1
913,entry,8,37,,
913,entry,9,70,,
913,entry,10,48,,
913,entry,13,,55,
913,entry,14,28,,6
913,entry,15,9,,
913,entry,16,8,,
913,entry,17,69,,
913,entry,18,58,,3
913,entry,19,38,,2 4
913,entry,20,,28,
913,entry,24,25,,
913,entry,25,29,,
913,entry,26,18,,
913,entry,27,0,,
913,entry,28,36,,
913,entry,29,16,,5
913,entry,30,3,,
913,entry,35,39,,
913,entry,36,90,,
913,entry,37,10,,
913,entry,38,49,,
913,entry,39,,82,
913,entry,40,13,,
913,entry,46,50,,
913,entry,47,24,,
913,entry,48,59,,
913,entry,49,,19,7
913,entry,50,,37,
913,entry,57,,64,
913,entry,58,80,,
913,entry,59,7,,
913,entry,60,19,,
913,entry,68,30,,
913,entry,69,17,,
913,entry,70,46,,
913,entry,79,27,,
913,entry,80,47,,8
913,entry,90,,73,
913,start,2,5,,
913,start,3,4,,
913,start,4,26,,
913,start,5,15,,
913,start,6,14,,
913,start,7,68,,
913,start,8,20,,
913,start,9,57,,
914,entry,0,19,,
914,entry,2,9,,
914,entry,3,68,,
914,entry,4,,19,
914,entry,5,10,,
914,entry,6,30,,1
914,entry,7,46,,7
914,entry,8,7,,
914,entry,9,35,,
914,entry,10,28,,5
914,entry,13,,82,
914,entry,14,15,,
914,entry,15,50,,
914,entry,16,36,,
914,entry,17,3,,
914,entry,18,,28,6
914,entry,19,,55,
914,entry,20,49,,
914,entry,24,25,,
914,entry,25,60,,
914,entry,26,40,,
914,entry,27,38,,
914,entry,28,,46,
914,entry,29,18,,
914,entry,30,16,,
914,entry,35,48,,
914,entry,36,90,,
914,entry,37,,37,
914,entry,38,17,,3
914,entry,39,59,,4
914,entry,40,13,,
914,entry,46,79,,8
914,entry,47,4,,
914,entry,48,69,,
914,entry,49,39,,
914,entry,50,,73,
914,entry,57,14,,
914,entry,58,20,,
914,entry,59,58,,
914,entry,60,8,,
914,entry,68,47,,
914,entry,69,6,,
914,entry,70,37,,
914,entry,79,70,,
914,entry,80,,64,
914,entry,90,2,,2
914,start,2,26,,
914,start,3,27,,
914,start,4,80,,
914,start,5,29,,
914,start,6,57,,
914,start,7,24,,
914,start,8,5,,
914,start,9,0,,
915,entry,0,58,,
915,entry,2,,28,1 7
915,entry,3,18,,
915,entry,4,,64,
915,entry,5,57,,
915,entry,6,38,,
915,entry,7,60,,
915,entry,8,40,,
915,entry,9,17,,
915,entry,10,,55,
915,entry,13,28,,
915,entry,14,25,,2
915,entry,15,26,,
915,entry,16,48,,
915,entry,17,2,,
915,entry,18,50,,
915,entry,19,,73,
915,entry,20,30,,
915,entry,24,20,,
915,entry,25,36,,
915,entry,26,39,,
915,entry,27,9,,
915,entry,28,79,,
915,entry,29,,82,
915,entry,30,69,,
915,entry,35,46,,
915,entry,36,49,,
915,entry,37,19,,
915,entry,38,37,,
915,entry,39,7,,
915,entry,40,80,,
915,entry,46,47,,
915,entry,47,13,,
915,entry,48,,37,
915,entry,49,27,,
915,entry,50,90,,
915,entry,57,68,,5
915,entry,58,4,,4
915,entry,59,14,,8
915,entry,60,,19,
915,entry,68,35,,6
915,entry,69,70,,
915,entry,70,29,,
915,entry,79,6,,
915,entry,80,5,,
915,entry,90,15,,3
915,start,2,59,,
915,start,3,10,,
915,start,4,16,,
915,start,5,,46,
915,start,6,3,,
915,start,7,0,,
915,start,8,8,,
915,start,9,24,,
916,entry,0,,64,
916,entry,2,39,,
916,entry,3,,37,
916,entry,4,3,,
916,entry,5,,73,
916,entry,6,37,,
916,entry,7,59,,
916,entry,8,26,,
916,entry,9,29,,5
916,entry,10,19,,1
916,entry,13,7,,
916,entry,14,48,,
916,entry,15,15,,
916,entry,16,40,,
916,entry,17,17,,
916,entry,18,79,,
916,entry,19,14,,
916,entry,20,24,,
916,entry,24,58,,
916,entry,25,25,,6
916,entry,26,2,,
916,entry,27,80,,2 4
916,entry,28,90,,
916,entry,29,9,,
916,entry,30,,46,
916,entry,35,70,,3
916,entry,36,,28,
916,entry,37,46,,
916,entry,38,27,,
916,entry,39,4,,
916,entry,40,5,,
916,entry,46,47,,8
916,entry,47,0,,
916,entry,48,36,,
916,entry,49,6,,
916,entry,50,10,,
916,entry,57,13,,
916,entry,58,68,,
916,entry,59,8,,
916,entry,60,28,,
916,entry,68,49,,
916,entry,69,18,,
916,entry,70,,82,
916,entry,79,16,,
916,entry,80,35,,
916,entry,90,,55,
916,start,2,38,,
916,start,3,30,,
916,start,4,50,,
916,start,5,,19,
916,start,6,69,,7
916,start,7,60,,
916,start,8,20,,
916,start,9,57,,
917,entry,0,,64,
917,entry,2,60,,
917,entry,3,26,,
917,entry,4,18,,
917,entry,5,,46,
917,entry,6,50,,
917,entry,7,,19,
917,entry,8,49,,
917,entry,9,,55,
917,entry,10,7,,
917,entry,13,29,,5
917,entry,14,15,,
917,entry,15,4,,
917,entry,16,3,,
917,entry,17,40,,
917,entry,18,28,,
917,entry,19,9,,2 7
917,entry,20,8,,
917,entry,24,,73,
917,entry,25,14,,4
917,entry,26,19,,
917,entry,27,57,,6
917,entry,28,90,,
917,entry,29,58,,
917,entry,30,38,,
917,entry,35,25,,
917,entry,36,35,,
917,entry,37,36,,
917,entry,38,68,,1
917,entry,39,20,,
917,entry,40,80,,
917,entry,46,47,,
917,entry,47,46,,
917,entry,48,16,,
917,entry,49,30,,
917,entry,50,24,,
917,entry,57,10,,
917,entry,58,79,,8
917,entry,59,13,,
917,entry,60,17,,
917,entry,68,48,,
917,entry,69,,37,
917,entry,70,27,,
917,entry,79,69,,3
917,entry,80,37,,
917,entry,90,59,,
917,start,2,6,,
917,start,3,70,,
917,start,4,39,,
917,start,5,2,,
917,start,6,,82,
917,start,7,,28,
917,start,8,5,,
917,start,9,0,,
918,entry,0,69,,
918,entry,2,47,,
918,entry,3,,55,
918,entry,4,,37,
918,entry,5,19,,
918,entry,6,10,,
918,entry,7,49,,7
918,entry,8,59,,
918,entry,9,79,,
918,entry,10,80,,
918,entry,13,37,,
918,entry,14,,46,
918,entry,15,29,,1
918,entry,16,14,,8
918,entry,17,18,,
918,entry,18,38,,
918,entry,19,,64,
918,entry,20,70,,
918,entry,24,35,,
918,entry,25,3,,
918,entry,26,15,,
918,entry,27,2,,
918,entry,28,,28,
918,entry,29,7,,
918,entry,30,60,,2
918,entry,35,13,,
918,entry,36,25,,
918,entry,37,,19,
918,entry,38,,82,
918,entry,39,9,,6
918,entry,40,68,,
918,entry,46,26,,
918,entry,47,0,,4
918,entry,48,39,,
918,entry,49,40,,
918,entry,50,16,,
918,entry,57,48,,
918,entry,58,5,,
918,entry,59,50,,3
918,entry,60,17,,
918,entry,68,4,,
918,entry,69,46,,
918,entry,70,57,,
918,entry,79,36,,
918,entry,80,,73,
918,entry,90,20,,
918,start,2,28,,5
918,start,3,58,,
918,start,4,30,,
918,start,5,27,,
918,start,6,90,,
918,start,7,6,,
918,start,8,8,,
918,start,9,24,,
919,entry,0,48,,5
919,entry,2,2,,2 4
919,entry,3,37,,
919,entry,4,19,,
919,entry,5,,19,
919,entry,6,35,,
919,entry,7,,73,
919,entry,8,59,,
919,entry,9,4,,
919,entry,10,47,,8
919,entry,13,36,,
919,entry,14,49,,
919,entry,15,,82,
919,entry,16,,55,
919,entry,17,29,,
919,entry,18,6,,
919,entry,19,46,,
919,entry,20,79,,
919,entry,24,27,,
919,entry,25,9,,
919,entry,26,,46,
919,entry,27,39,,
919,entry,28,8,,
919,entry,29,0,,
919,entry,30,7,,7
919,entry,35,26,,
919,entry,36,70,,
919,entry,37,17,,
919,entry,38,18,,
919,entry,39,10,,1
919,entry,40,30,,
919,entry,46,90,,
919,entry,47,28,,6
919,entry,48,69,,
919,entry,49,16,,
919,entry,50,40,,
919,entry,57,25,,
919,entry,58,50,,
919,entry,59,80,,
919,entry,60,,28,
919,entry,68,60,,
919,entry,69,14,,
919,entry,70,3,,3
919,entry,79,24,,
919,entry,80,68,,
919,entry,90,,37,
919,start,2,5,,
919,start,3,38,,
919,start,4,58,,
919,start,5,15,,
919,start,6,,64,
919,start,7,13,,
919,start,8,20,,
919,start,9,57,,
920,entry,0,,46,
920,entry,2,38,,
920,entry,3,49,,
920,entry,4,4,,
920,entry,5,15,,
920,entry,6,,37,4
920,entry,7,50,,
920,entry,8,18,,
920,entry,9,37,,
920,entry,10,26,,
920,entry,13,29,,
920,entry,14,20,,
920,entry,15,,28,6
920,entry,16,79,,8
920,entry,17,39,,
920,entry,18,28,,5
920,entry,19,48,,
920,entry,20,36,,
920,entry,24,47,,
920,entry,25,,64,
920,entry,26,58,,
920,entry,27,2,,2
920,entry,28,10,,
920,entry,29,,19,
920,entry,30,30,,1
920,entry,35,25,,3
920,entry,36,6,,
920,entry,37,35,,
920,entry,38,16,,
920,entry,39,59,,
920,entry,40,17,,
920,entry,46,27,,7
920,entry,47,,55,
920,entry,48,24,,
920,entry,49,19,,
920,entry,50,40,,
920,entry,57,13,,
920,entry,58,70,,
920,entry,59,57,,
920,entry,60,90,,
920,entry,68,80,,
920,entry,69,,73,
920,entry,70,68,,
920,entry,79,8,,
920,entry,80,,82,
920,entry,90,3,,
920,start,2,7,,
920,start,3,9,,
920,start,4,14,,
920,start,5,69,,
920,start,6,60,,
920,start,7,46,,
920,start,8,5,,
920,start,9,0,,
921,entry,0,35,,
921,entry,2,,46,
921,entry,3,60,,
921,entry,4,28,,
921,entry,5,48,,
921,entry,6,46,,
921,entry,7,37,,
921,entry,8,47,,
921,entry,9,26,,
921,entry,10,,55,
921,entry,13,30,,
921,entry,14,17,,1 7
921,entry,15,25,,2
921,entry,16,,64,
921,entry,17,68,,5
921,entry,18,57,,4
921,entry,19,,73,
921,entry,20,6,,
921,entry,24,50,,
921,entry,25,20,,
921,entry,26,7,,
921,entry,27,29,,
921,entry,28,9,,6
921,entry,29,70,,
921,entry,30,79,,
921,entry,35,18,,
921,entry,36,27,,
921,entry,37,40,,
921,entry,38,14,,8
921,entry,39,13,,
921,entry,40,5,,
921,entry,46,38,,
921,entry,47,59,,
921,entry,48,16,,
921,entry,49,,37,
921,entry,50,15,,3
921,entry,57,69,,
921,entry,58,,28,
921,entry,59,4,,
921,entry,60,49,,
921,entry,68,3,,
921,entry,69,90,,
921,entry,70,,19,
921,entry,79,36,,
921,entry,80,2,,
921,entry,90,58,,
921,start,2,80,,
921,start,3,10,,
921,start,4,39,,
921,start,5,,82,
921,start,6,19,,
921,start,7,0,,
921,start,8,8,,
921,start,9,24,,
922,entry,0,,73,
922,entry,2,70,,3
922,entry,3,15,,
922,entry,4,47,,8
922,entry,5,10,,
922,entry,6,,19,
922,entry,7,48,,
922,entry,8,9,,
922,entry,9,5,,
922,entry,10,17,,
922,entry,13,25,,6
922,entry,14,46,,
922,entry,15,36,,
922,entry,16,2,,
922,entry,17,49,,
922,entry,18,3,,
922,entry,19,68,,
922,entry,20,27,,
922,entry,24,,64,
922,entry,25,18,,
922,entry,26,80,,2 4
922,entry,27,26,,
922,entry,28,13,,
922,entry,29,28,,
922,entry,30,,28,
922,entry,35,37,,
922,entry,36,0,,
922,entry,37,79,,
922,entry,38,,37,
922,entry,39,,82,
922,entry,40,,55,
922,entry,46,58,,
922,entry,47,16,,
922,entry,48,4,,
922,entry,49,38,,7
922,entry,50,39,,
922,entry,57,90,,
922,entry,58,40,,
922,entry,59,30,,
922,entry,60,35,,
922,entry,68,69,,
922,entry,69,29,,5
922,entry,70,19,,1
922,entry,79,14,,
922,entry,80,24,,
922,entry,90,,46,
922,start,2,7,,
922,start,3,8,,
922,start,4,50,,
922,start,5,59,,
922,start,6,6,,
922,start,7,60,,
922,start,8,20,,
922,start,9,57,,
923,entry,0,3,,
923,entry,2,68,,7
923,entry,3,26,,
923,entry,4,40,,
923,entry,5,10,,
923,entry,6,17,,3
923,entry,7,70,,2
923,entry,8,46,,
923,entry,9,49,,
923,entry,10,,82,
923,entry,13,37,,
923,entry,14,57,,6
923,entry,15,27,,
923,entry,16,29,,
923,entry,17,58,,
923,entry,18,4,,
923,entry,19,24,,
923,entry,20,35,,
923,entry,24,,46,
923,entry,25,48,,
923,entry,26,28,,
923,entry,27,20,,
923,entry,28,,55,
923,entry,29,9,,5
923,entry,30,36,,
923,entry,35,,19,
923,entry,36,90,,
923,entry,37,30,,
923,entry,38,6,,
923,entry,39,15,,
923,entry,40,14,,
923,entry,46,47,,1
923,entry,47,,64,
923,entry,48,16,,
923,entry,49,,73,
923,entry,50,13,,
923,entry,57,7,,
923,entry,58,39,,
923,entry,59,8,,
923,entry,60,,37,4
923,entry,68,69,,
923,entry,69,59,,
923,entry,70,25,,
923,entry,79,38,,
923,entry,80,18,,
923,entry,90,80,,
923,start,2,79,,8
923,start,3,50,,
923,start,4,19,,
923,start,5,2,,
923,start,6,60,,
923,start,7,,28,
923,start,8,5,,
923,start,9,0,,
924,entry,0,49,,
924,entry,2,,82,
924,entry,3,57,,
924,entry,4,,37,
924,entry,5,5,,
924,entry,6,,46,4
924,entry,7,37,,
924,entry,8,10,,
924,entry,9,80,,
924,entry,10,59,,
924,entry,13,,73,
924,entry,14,38,,
924,entry,15,15,,
924,entry,16,48,,
924,entry,17,17,,
924,entry,18,36,,
924,entry,19,0,,
924,entry,20,2,,
924,entry,24,16,,
924,entry,25,25,,
924,entry,26,35,,
924,entry,27,13,,7
924,entry,28,,64,
924,entry,29,79,,
924,entry,30,,28,
924,entry,35,26,,1
924,entry,36,47,,
924,entry,37,18,,
924,entry,38,7,,
924,entry,39,20,,
924,entry,40,27,,
924,entry,46,70,,
924,entry,47,,55,
924,entry,48,6,,
924,entry,49,46,,
924,entry,50,60,,2
924,entry,57,14,,8
924,entry,58,90,,
924,entry,59,,19,6
924,entry,60,68,,
924,entry,68,3,,
924,entry,69,40,,
924,entry,70,19,,
924,entry,79,50,,3
924,entry,80,29,,
924,entry,90,69,,
924,start,2,28,,5
924,start,3,58,,
924,start,4,30,,
924,start,5,39,,
924,start,6,4,,
924,start,7,9,,
924,start,8,8,,
924,start,9,24,,
925,entry,0,29,,
925,entry,2,14,,
925,entry,3,50,,
925,entry,4,8,,
925,entry,5,,19,
925,entry,6,30,,
925,entry,7,38,,
925,entry,8,37,,7
925,entry,9,,64,
925,entry,10,39,,
925,entry,13,60,,
925,entry,14,18,,
925,entry,15,24,,
925,entry,16,3,,
925,entry,17,48,,
925,entry,18,13,,2 4
925,entry,19,7,,
925,entry,20,47,,8
925,entry,24,2,,
925,entry,25,0,,
925,entry,26,,82,1
925,entry,27,4,,3
925,entry,28,49,,5
925,entry,29,17,,
925,entry,30,28,,6
925,entry,35,6,,
925,entry,36,46,,
925,entry,37,69,,
925,entry,38,80,,
925,entry,39,27,,
925,entry,40,25,,
925,entry,46,90,,
925,entry,47,26,,
925,entry,48,,28,
925,entry,49,19,,
925,entry,50,35,,
925,entry,57,36,,
925,entry,58,,37,
925,entry,59,79,,
925,entry,60,,55,
925,entry,68,,73,
925,entry,69,58,,
925,entry,70,,46,
925,entry,79,70,,
925,entry,80,10,,
925,entry,90,9,,
925,start,2,5,,
925,start,3,68,,
925,start,4,59,,
925,start,5,15,,
925,start,6,40,,
925,start,7,16,,
925,start,8,20,,
925,start,9,57,,
926,entry,0,37,,7
926,entry,2,,55,
926,entry,3,2,,2
926,entry,4,68,,
926,entry,5,50,,
926,entry,6,13,,
926,entry,7,59,,
926,entry,8,46,,
926,entry,9,25,,
926,entry,10,15,,4
926,entry,13,35,,
926,entry,14,,82,
926,entry,15,16,,
926,entry,16,,37,
926,entry,17,69,,
926,entry,18,30,,1
926,entry,19,20,,
926,entry,20,10,,
926,entry,24,18,,
926,entry,25,,46,
926,entry,26,4,,
926,entry,27,48,,
926,entry,28,27,,
926,entry,29,47,,
926,entry,30,58,,
926,entry,35,3,,
926,entry,36,14,,
926,entry,37,,19,
926,entry,38,40,,
926,entry,39,60,,
926,entry,40,6,,
926,entry,46,28,,5
926,entry,47,70,,
926,entry,48,90,,
926,entry,49,8,,
926,entry,50,29,,
926,entry,57,80,,
926,entry,58,39,,
926,entry,59,38,,
926,entry,60,57,,
926,entry,68,49,,
926,entry,69,26,,
926,entry,70,,28,6
926,entry,79,36,,
926,entry,80,7,,
926,entry,90,,73,3
926,start,2,17,,
926,start,3,19,,
926,start,4,24,,
926,start,5,79,,8
926,start,6,9,,
926,start,7,,64,
926,start,8,5,,
926,start,9,0,,
927,entry,0,17,,
927,entry,2,16,,
927,entry,3,79,,
927,entry,4,69,,
927,entry,5,47,,
927,entry,6,,28,
927,entry,7,4,,
927,entry,8,60,,
927,entry,9,38,,
927,entry,10,59,,
927,entry,13,29,,
927,entry,14,80,,4
927,entry,15,57,,
927,entry,16,36,,
927,entry,17,5,,
927,entry,18,27,,
927,entry,19,48,,
927,entry,20,68,,5
927,entry,24,2,,6
927,entry,25,26,,
927,entry,26,90,,
927,entry,27,15,,3
927,entry,28,30,,
927,entry,29,58,,
927,entry,30,40,,
927,entry,35,46,,
927,entry,36,70,,
927,entry,37,,37,
927,entry,38,,73,
927,entry,39,25,,2
927,entry,40,50,,
927,entry,46,37,,
927,entry,47,,55,
927,entry,48,,82,
927,entry,49,20,,
927,entry,50,14,,8
927,entry,57,6,,
927,entry,58,9,,
927,entry,59,18,,
927,entry,60,,46,
927,entry,68,19,,
927,entry,69,28,,
927,entry,70,,64,
927,entry,79,39,,1 7
927,entry,80,7,,
927,entry,90,49,,
927,start,2,35,,
927,start,3,10,,
927,start,4,13,,
927,start,5,,19,
927,start,6,3,,
927,start,7,0,,
927,start,8,8,,
927,start,9,24,,
928,entry,0,5,,
928,entry,2,,46,
928,entry,3,19,,1
928,entry,4,6,,
928,entry,5,37,,
928,entry,6,59,,
928,entry,7,13,,
928,entry,8,58,,
928,entry,9,,19,
928,entry,10,,37,
928,entry,13,24,,
928,entry,14,39,,
928,entry,15,0,,
928,entry,16,69,,
928,entry,17,,64,
928,entry,18,30,,
928,entry,19,2,,
928,entry,20,28,,
928,entry,24,17,,
928,entry,25,10,,
928,entry,26,15,,
928,entry,27,49,,
928,entry,28,40,,
928,entry,29,,28,7
928,entry,30,,82,
928,entry,35,18,,
928,entry,36,25,,6
928,entry,37,35,,
928,entry,38,26,,
928,entry,39,38,,
928,entry,40,47,,8
928,entry,46,70,,3
928,entry,47,,55,
928,entry,48,8,,
928,entry,49,48,,
928,entry,50,,73,
928,entry,57,27,,
928,entry,58,80,,2 4
928,entry,59,3,,
928,entry,60,29,,5
928,entry,68,7,,
928,entry,69,4,,
928,entry,70,14,,
928,entry,79,68,,
928,entry,80,9,,
928,entry,90,90,,
928,start,2,79,,
928,start,3,46,,
928,start,4,50,,
928,start,5,16,,
928,start,6,36,,
928,start,7,60,,
928,start,8,20,,
928,start,9,57,,
929,entry,0,18,,
929,entry,2,25,,
929,entry,3,68,,
929,entry,4,35,,
929,entry,5,47,,
929,entry,6,,19,
929,entry,7,28,,
929,entry,8,58,,
929,entry,9,,73,
929,entry,10,79,,8
929,entry,13,,82,4
929,entry,14,15,,
929,entry,15,17,,
929,entry,16,40,,
929,entry,17,90,,
929,entry,18,20,,
929,entry,19,9,,
929,entry,20,10,,
929,entry,24,19,,
929,entry,25,3,,
929,entry,26,57,,6
929,entry,27,,64,1
929,entry,28,30,,
929,entry,29,26,,
929,entry,30,29,,
929,entry,35,13,,
929,entry,36,39,,
929,entry,37,80,,7
929,entry,38,8,,
929,entry,39,36,,
929,entry,40,,37,5
929,entry,46,49,,
929,entry,47,16,,
929,entry,48,,55,
929,entry,49,46,,
929,entry,50,27,,
929,entry,57,48,,
929,entry,58,6,,3
929,entry,59,24,,
929,entry,60,37,,
929,entry,68,14,,
929,entry,69,60,,
929,entry,70,,46,
929,entry,79,69,,2
929,entry,80,50,,
929,entry,90,38,,
929,start,2,70,,
929,start,3,7,,
929,start,4,4,,
929,start,5,2,,
929,start,6,59,,
929,start,7,,28,
929,start,8,5,,
929,start,9,0,,
930,entry,0,6,,
930,entry,2,35,,
930,entry,3,,46,4
930,entry,4,18,,
930,entry,5,80,,
930,entry,6,36,,
930,entry,7,5,,
930,entry,8,68,,
930,entry,9,17,,
930,entry,10,0,,
930,entry,13,48,,
930,entry,14,,37,
930,entry,15,13,,
930,entry,16,25,,
930,entry,17,15,,
930,entry,18,47,,
930,entry,19,27,,
930,entry,20,10,,
930,entry,24,14,,8
930,entry,25,,28,
930,entry,26,26,,
930,entry,27,49,,6
930,entry,28,57,,
930,entry,29,,82,
930,entry,30,20,,
930,entry,35,90,,7
930,entry,36,4,,
930,entry,37,40,,
930,entry,38,19,,
930,entry,39,9,,
930,entry,40,46,,
930,entry,46,39,,
930,entry,47,50,,3
930,entry,48,29,,
930,entry,49,7,,
930,entry,50,,64,1
930,entry,57,70,,
930,entry,58,,55,
930,entry,59,,19,
930,entry,60,59,,
930,entry,68,79,,
930,entry,69,3,,
930,entry,70,69,,
930,entry,79,60,,2
930,entry,80,2,,
930,entry,90,16,,
930,start,2,28,,5
930,start,3,58,,
930,start,4,30,,
930,start,5,,73,
930,start,6,38,,
930,start,7,37,,
930,start,8,8,,
930,start,9,24,,
931,entry,0,9,,
931,entry,2,17,,
931,entry,3,13,,
931,entry,4,,64,
931,entry,5,10,,
931,entry,6,28,,6
931,entry,7,50,,
931,entry,8,70,,
931,entry,9,3,,
931,entry,10,7,,2 4
931,entry,13,40,,
931,entry,14,,82,
931,entry,15,26,,
931,entry,16,25,,
931,entry,17,60,,
931,entry,18,24,,
931,entry,19,47,,8
931,entry,20,2,,5
931,entry,24,19,,
931,entry,25,36,,
931,entry,26,35,,
931,entry,27,0,,
931,entry,28,,37,
931,entry,29,,73,
931,entry,30,79,,
931,entry,35,46,,
931,entry,36,,55,
931,entry,37,29,,
931,entry,38,6,,
931,entry,39,48,,
931,entry,40,14,,
931,entry,46,,46,
931,entry,47,39,,
931,entry,48,8,,
931,entry,49,4,,
931,entry,50,68,,
931,entry,57,69,,
931,entry,58,18,,
931,entry,59,16,,1
931,entry,60,49,,
931,entry,68,80,,
931,entry,69,38,,
931,entry,70,59,,7
931,entry,79,90,,
931,entry,80,30,,
931,entry,90,27,,3
931,start,2,5,,
931,start,3,,19,
931,start,4,,28,
931,start,5,15,,
931,start,6,58,,
931,start,7,37,,
931,start,8,20,,
931,start,9,57,,
932,entry,0,17,,
932,entry,2,69,,
932,entry,3,10,,
932,entry,4,29,,
932,entry,5,39,,
932,entry,6,48,,
932,entry,7,40,,
932,entry,8,,82,
932,entry,9,37,,
932,entry,10,2,,2
932,entry,13,50,,
932,entry,14,16,,
932,entry,15,49,,
932,entry,16,,19,
932,entry,17,90,,
932,entry,18,38,,
932,entry,19,,28,6
932,entry,20,35,,
932,entry,24,70,,
932,entry,25,59,,
932,entry,26,,73,
932,entry,27,36,,
932,entry,28,80,,
932,entry,29,14,,
932,entry,30,,55,
932,entry,35,28,,5
932,entry,36,8,,
932,entry,37,26,,7
932,entry,38,13,,
932,entry,39,68,,3
932,entry,40,46,,
932,entry,46,18,,
932,entry,47,15,,
932,entry,48,,37,
932,entry,49,3,,
932,entry,50,,64,4
932,entry,57,25,,
932,entry,58,30,,1
932,entry,59,20,,
932,entry,60,19,,
932,entry,68,,46,
932,entry,69,47,,
932,entry,70,58,,
932,entry,79,57,,
932,entry,80,6,,
932,entry,90,27,,
932,start,2,24,,
932,start,3,7,,
932,start,4,60,,
932,start,5,9,,
932,start,6,79,,8
932,start,7,4,,
932,start,8,5,,
932,start,9,0,,
933,entry,0,7,,
933,entry,2,,64,
933,entry,3,,37,
933,entry,4,2,,
933,entry,5,,73,6
933,entry,6,26,,
933,entry,7,3,,
933,entry,8,35,,
933,entry,9,28,,
933,entry,10,,82,
933,entry,13,79,,
933,entry,14,17,,
933,entry,15,36,,
933,entry,16,38,,
933,entry,17,48,,
933,entry,18,46,,
933,entry,19,6,,1 7
933,entry,20,9,,
933,entry,24,68,,5
933,entry,25,,55,
933,entry,26,58,,
933,entry,27,47,,
933,entry,28,5,,
933,entry,29,39,,
933,entry,30,40,,
933,entry,35,,19,
933,entry,36,27,,
933,entry,37,70,,
933,entry,38,15,,3
933,entry,39,49,,
933,entry,40,50,,
933,entry,46,37,,4
933,entry,47,59,,
933,entry,48,29,,
933,entry,49,30,,
933,entry,50,60,,
933,entry,57,69,,
933,entry,58,80,,
933,entry,59,4,,
933,entry,60,,28,
933,entry,68,90,,
933,entry,69,14,,8
933,entry,70,25,,2
933,entry,79,,46,
933,entry,80,20,,
933,entry,90,18,,
933,start,2,16,,
933,start,3,10,,
933,start,4,19,,
933,start,5,57,,
933,start,6,13,,
933,start,7,0,,
933,start,8,8,,
933,start,9,24,,
934,entry,0,,37,
934,entry,2,13,,
934,entry,3,37,,
934,entry,4,9,,
934,entry,5,30,,
934,entry,6,,46,
934,entry,7,7,,
934,entry,8,58,,
934,entry,9,35,,
934,entry,10,90,,
934,entry,13,47,,8
934,entry,14,17,,
934,entry,15,40,,
934,entry,16,5,,
934,entry,17,46,,
934,entry,18,15,,
934,entry,19,,19,
934,entry,20,,28,
934,entry,24,27,,
934,entry,25,29,,5
934,entry,26,2,,
934,entry,27,39,,
934,entry,28,25,,6
934,entry,29,16,,
934,entry,30,,73,
934,entry,35,14,,
934,entry,36,28,,
934,entry,37,,55,
934,entry,38,70,,3
934,entry,39,38,,
934,entry,40,4,,
934,entry,46,,82,
934,entry,47,19,,1
934,entry,48,10,,7
934,entry,49,69,,
934,entry,50,26,,
934,entry,57,24,,
934,entry,58,49,,
934,entry,59,79,,
934,entry,60,36,,
934,entry,68,59,,
934,entry,69,0,,
934,entry,70,6,,
934,entry,79,48,,
934,entry,80,,64,
934,entry,90,80,,2 4
934,start,2,68,,
934,start,3,18,,
934,start,4,50,,
934,start,5,3,,
934,start,6,8,,
934,start,7,60,,
934,start,8,20,,
934,start,9,57,,
